MDC (01-25),ΚΩΔΙΚΟΣ ΚΕΝ (όλοι οι ΑλφΑβητικί ΧΑρΑκτήρες θΑ πρέπει νΑ είνΑι στΑ ΕΛΛΗΝΙΚΑ),ΚΩΔΙΚΟΣ ICD-10 (όλοι οι αλβαβητικοί χαρακτήρες θα πρέπει να είναι στα Αγγλικά)
1.0,Ν11Α,G40
1.0,Ν11Α,G41
1.0,Ν12Μ,I60
1.0,Ν12Μ,I61
1.0,Ν12Μ,I62
1.0,Ν12Μ,I63
1.0,Ν12Μ,I64
1.0,Ν12Μ,I65
1.0,Ν12Μ,I66
1.0,Ν12Μ,I67
1.0,Ν12Μ,I68
1.0,Ν12Μ,I69
1.0,Ν12Μ,G00
1.0,Ν12Μ,G01
1.0,Ν12Μ,G02
1.0,Ν12Μ,G03
1.0,Ν12Μ,G04
1.0,Ν12Μ,G05
1.0,Ν12Μ,G06
1.0,Ν12Μ,G07
1.0,Ν12Μ,G08
1.0,Ν12Μ,G09
1.0,Ν12Μ,G41
1.0,Ν12Μ,G61.0
1.0,Ν12Μ,G61.9
1.0,Ν12Μ,G70
1.0,Ν12Μ,G71
1.0,Ν12Μ,G91
1.0,Ν12Μ,G92
1.0,Ν12Μ,G93.1
1.0,Ν12Μ,G93.6
1.0,Ν12Μ,G93.7
1.0,Ν12Μ,G93.9
1.0,Ν12Μ,G95.0
1.0,Ν12Μ,G95.1
1.0,Ν12Μ,G95.2
1.0,Ν12Μ,G95.9
1.0,Ν12Χ,G00
1.0,Ν12Χ,G01
1.0,Ν12Χ,G02
1.0,Ν12Χ,G03
1.0,Ν12Χ,G04
1.0,Ν12Χ,G05
1.0,Ν12Χ,G06
1.0,Ν12Χ,G07
1.0,Ν12Χ,G08
1.0,Ν12Χ,G09
1.0,Ν12Χ,G41
1.0,Ν12Χ,G61.0
1.0,Ν12Χ,G61.9
1.0,Ν12Χ,G91
1.0,Ν12Χ,G92
1.0,Ν12Χ,G93.7
1.0,Ν12Χ,G93.9
1.0,Ν20Μ,G04
1.0,Ν20Μ,G05
1.0,Ν20Μ,G06
1.0,Ν20Μ,G07
1.0,Ν20Μ,G08
1.0,Ν20Μ,G09
1.0,Ν20Μ,G35
1.0,Ν20Μ,G36
1.0,Ν20Μ,G37
1.0,Ν20Μ,G46.3
1.0,Ν20Μ,G61.0
1.0,Ν20Μ,G61.9
1.0,Ν20Μ,G63.0
1.0,Ν20Μ,G63.1
1.0,Ν20Μ,G63.5
1.0,Ν20Μ,G73.1
1.0,Ν20Μ,G73.2
1.0,Ν20Μ,G95.0
1.0,Ν20Μ,G95.1
1.0,Ν20Μ,G95.2
1.0,Ν20Μ,G95.9
1.0,Ν20Χ,G04
1.0,Ν20Χ,G05
1.0,Ν20Χ,G06
1.0,Ν20Χ,G07
1.0,Ν20Χ,G08
1.0,Ν20Χ,G09
1.0,Ν20Χ,G35
1.0,Ν20Χ,G36
1.0,Ν20Χ,G37
1.0,Ν20Χ,G46.3
1.0,Ν20Χ,G61.0
1.0,Ν20Χ,G61.9
1.0,Ν20Χ,G63.0
1.0,Ν20Χ,G63.1
1.0,Ν20Χ,G63.5
1.0,Ν20Χ,G70
1.0,Ν20Χ,G70.1
1.0,Ν20Χ,G72.3
1.0,Ν21Μ,G04
1.0,Ν21Μ,G05
1.0,Ν21Μ,G06
1.0,Ν21Μ,G07
1.0,Ν21Μ,G08
1.0,Ν21Μ,G09
1.0,Ν21Μ,G95
1.0,Μ21Χ,G04
1.0,Μ21Χ,G05
1.0,Μ21Χ,G06
1.0,Μ21Χ,G07
1.0,Μ21Χ,G08
1.0,Μ21Χ,G09
1.0,Μ21Χ,G95
1.0,Ν23Α,G30
1.0,Ν23Α,G31
1.0,Ν23Α,G32.8
1.0,Ν23Α,G10
1.0,Ν23Α,G11
1.0,Ν23Α,G13
1.0,Ν23Α,G20
1.0,Ν23Α,G21
1.0,Ν23Α,G22
1.0,Ν23Α,G23
1.0,Ν23Α,G35
1.0,Ν23Α,G37
1.0,Ν23Α,G91
1.0,Ν23Α,G92
1.0,Ν23Α,G46.5
1.0,Ν23Α,G46.6
1.0,Ν23Α,G46.7
1.0,Ν24Μ,F05.0
1.0,Ν24Μ,F05.1
1.0,Ν24Μ,F05.8
1.0,Ν24Μ,F05.9
1.0,Ν24Μ,F06.2
1.0,Ν24Μ,F20
1.0,Ν24Μ,F21
1.0,Ν24Μ,F22
1.0,Ν24Μ,F23
1.0,Ν24Μ,F24
1.0,Ν24Μ,F25
1.0,Ν24Μ,F26
1.0,Ν24Μ,F27
1.0,Ν24Μ,F28
1.0,Ν24Μ,F29
1.0,Ν24Μ,F22
1.0,Ν24Μ,F22.0
1.0,Ν24Μ,F22.8
1.0,Ν24Μ,F22.9
1.0,Ν24Μ,F23.3
1.0,Ν24Μ,F24
1.0,Ν24Χ,F05.0
1.0,Ν24Χ,F05.1
1.0,Ν24Χ,F05.8
1.0,Ν24Χ,F05.9
1.0,Ν24Χ,F06.2
1.0,Ν24Χ,F20
1.0,Ν24Χ,F21
1.0,Ν24Χ,F22
1.0,Ν24Χ,F23
1.0,Ν24Χ,F24
1.0,Ν24Χ,F25
1.0,Ν24Χ,F26
1.0,Ν24Χ,F27
1.0,Ν24Χ,F28
1.0,Ν24Χ,F29
1.0,Ν24Χ,F22
1.0,Ν24Χ,F22.0
1.0,Ν24Χ,F22.8
1.0,Ν24Χ,F22.9
1.0,Ν24Χ,F23.3
1.0,Ν24Χ,F24
1.0,Ν25Α,G80.0
1.0,Ν25Α,G80.3
1.0,Ν25Α,G80.4
1.0,Ν25Α,G80.8
1.0,Ν25Α,G80.9
1.0,Ν26Μ,C47
1.0,Ν26Μ,C72
1.0,Ν26Μ,C79.4
1.0,Ν26Μ,D33
1.0,Ν26Μ,D43
1.0,Ν26Χ,C47
1.0,Ν26Χ,C72
1.0,Ν26Χ,C79.4
1.0,Ν26Χ,D33
1.0,Ν26Χ,D43
1.0,Ν27Μα,G30
1.0,Ν27Μα,G31
1.0,Ν27Μα,G32
1.0,Ν27Μα,G20
1.0,Ν27Μα,G21
1.0,Ν27Μα,G22
1.0,Ν27Μα,G23
1.0,Ν27Μα,G24
1.0,Ν27Μα,G25
1.0,Ν27Μα,G26
1.0,Ν27Μα,G10
1.0,Ν27Μα,G11
1.0,Ν27Μα,G12
1.0,Ν27Μα,G13
1.0,Ν27Μβ,G30
1.0,Ν27Μβ,G31
1.0,Ν27Μβ,G32
1.0,Ν27Μβ,G20
1.0,Ν27Μβ,G21
1.0,Ν27Μβ,G22
1.0,Ν27Μβ,G23
1.0,Ν27Μβ,G24
1.0,Ν27Μβ,G25
1.0,Ν27Μβ,G26
1.0,Ν27Μβ,G10
1.0,Ν27Μβ,G11
1.0,Ν27Μβ,G12
1.0,Ν27Μβ,G13
1.0,Ν27Χ,G30
1.0,Ν27Χ,G31
1.0,Ν27Χ,G32
1.0,Ν27Χ,G20
1.0,Ν27Χ,G21
1.0,Ν27Χ,G22
1.0,Ν27Χ,G23
1.0,Ν27Χ,G24
1.0,Ν27Χ,G25
1.0,Ν27Χ,G26
1.0,Ν27Χ,G10
1.0,Ν27Χ,G11
1.0,Ν27Χ,G12
1.0,Ν27Χ,G13
1.0,Ν28Μ,G11.1
1.0,Ν28Μ,G11.2
1.0,Ν28Μ,G11.3
1.0,Ν28Μ,P52.6
1.0,Ν28Μ,G11
1.0,Ν28Μ,G11.0
1.0,Ν28Μ,G60.2
1.0,Ν28Μ,R27.0
1.0,Ν28Μ,G35
1.0,Ν28Μ,G36
1.0,Ν28Μ,G37
1.0,Ν28Χ,G11.1
1.0,Ν28Χ,G11.2
1.0,Ν28Χ,G11.3
1.0,Ν28Χ,P52.6
1.0,Ν28Χ,G11
1.0,Ν28Χ,G11.0
1.0,Ν28Χ,G60.2
1.0,Ν28Χ,R27.0
1.0,Ν28Χ,G35
1.0,Ν28Χ,G36
1.0,Ν28Χ,G37
1.0,Ν29Μ,G45
1.0,Ν29Χ,G45
1.0,Ν30Α,I60
1.0,Ν30Α,I61
1.0,Ν30Α,I62
1.0,Ν30Α,I63
1.0,Ν30Α,I64
1.0,Ν30Α,I65
1.0,Ν30Α,I66
1.0,Ν30Α,I67
1.0,Ν30Α,I68
1.0,Ν30Α,I69
1.0,Ν30Μα,I60
1.0,Ν30Μα,I61
1.0,Ν30Μα,I62
1.0,Ν30Μα,I63
1.0,Ν30Μα,I64
1.0,Ν30Μα,I65
1.0,Ν30Μα,I66
1.0,Ν30Μα,I67
1.0,Ν30Μα,I68
1.0,Ν30Μα,I69
1.0,Ν30Μβ,I60
1.0,Ν30Μβ,I61
1.0,Ν30Μβ,I62
1.0,Ν30Μβ,I63
1.0,Ν30Μβ,I64
1.0,Ν30Μβ,I65
1.0,Ν30Μβ,I66
1.0,Ν30Μβ,I67
1.0,Ν30Μβ,I68
1.0,Ν30Μβ,I69
1.0,Ν30Χ,I60
1.0,Ν30Χ,I61
1.0,Ν30Χ,I62
1.0,Ν30Χ,I63
1.0,Ν30Χ,I64
1.0,Ν30Χ,I65
1.0,Ν30Χ,I66
1.0,Ν30Χ,I67
1.0,Ν30Χ,I68
1.0,Ν30Χ,I69
1.0,Ν31Μ,G50
1.0,Ν31Μ,G51
1.0,Ν31Μ,G52
1.0,Ν31Μ,G53
1.0,Ν31Μ,G54
1.0,Ν31Μ,G55
1.0,Ν31Μ,G56
1.0,Ν31Μ,G57
1.0,Ν31Μ,G58
1.0,Ν31Μ,G59
1.0,Ν31Μ,G60
1.0,Ν31Μ,G61
1.0,Ν31Μ,G62
1.0,Ν31Μ,G63
1.0,Ν31Μ,G64
1.0,Ν31Χ,G50
1.0,Ν31Χ,G51
1.0,Ν31Χ,G52
1.0,Ν31Χ,G53
1.0,Ν31Χ,G54
1.0,Ν31Χ,G55
1.0,Ν31Χ,G56
1.0,Ν31Χ,G57
1.0,Ν31Χ,G58
1.0,Ν31Χ,G59
1.0,Ν31Χ,G60
1.0,Ν31Χ,G61
1.0,Ν31Χ,G62
1.0,Ν31Χ,G63
1.0,Ν31Χ,G64
1.0,Ν32Μ,G00
1.0,Ν32Μ,G01
1.0,Ν32Μ,G02
1.0,Ν32Μ,G03
1.0,Ν32Μ,G04
1.0,Ν32Μ,G05.0
1.0,Ν32Μ,G05.8
1.0,Ν32Μ,G05.2
1.0,Ν32Χ,G00
1.0,Ν32Χ,G01
1.0,Ν32Χ,G02
1.0,Ν32Χ,G03
1.0,Ν32Χ,G04
1.0,Ν32Χ,G05.0
1.0,Ν32Χ,G05.8
1.0,Ν32Χ,G05.2
1.0,Ν33Α,G03
1.0,Ν33Α,G04.8
1.0,Ν33Α,G04.9
1.0,Ν33Α,G05.1
1.0,Ν34Μ,B15.0
1.0,Ν34Μ,B16.0
1.0,Ν34Μ,B16.2
1.0,Ν34Μ,B19.0
1.0,Ν34Μ,E03.5
1.0,Ν34Μ,E15
1.0,Ν34Μ,F44.2
1.0,Ν34Μ,P91.5
1.0,Ν34Μ,R40
1.0,Ν34Μ,R40.2
1.0,Ν34Χ,B15.0
1.0,Ν34Χ,B16.0
1.0,Ν34Χ,B16.2
1.0,Ν34Χ,B19.0
1.0,Ν34Χ,E03.5
1.0,Ν34Χ,E15
1.0,Ν34Χ,F44.2
1.0,Ν34Χ,P91.5
1.0,Ν34Χ,R40
1.0,Ν34Χ,R40.2
1.0,Ν35Α,R56.0
1.0,Ν36Μ,P90
1.0,Ν36Μ,R56
1.0,Ν36Μ,F44.5
1.0,Ν36Μ,G40
1.0,Ν36Μ,G41
1.0,Ν36Χ,P90
1.0,Ν36Χ,R56
1.0,Ν36Χ,F44.5
1.0,Ν36Χ,G40
1.0,Ν36Χ,G41
1.0,Ν37Α,G43
1.0,Ν37Α,G44
1.0,Ν41Μ,G90
1.0,Ν41Μ,G91
1.0,Ν41Μ,G92
1.0,Ν41Μ,G93
1.0,Ν41Μ,G94
1.0,Ν41Μ,G95
1.0,Ν41Μ,G96
1.0,Ν41Μ,G97
1.0,Ν41Μ,G98
1.0,Ν41Μ,G99
1.0,Ν41Χ,G90
1.0,Ν41Χ,G91
1.0,Ν41Χ,G92
1.0,Ν41Χ,G93
1.0,Ν41Χ,G94
1.0,Ν41Χ,G95
1.0,Ν41Χ,G96
1.0,Ν41Χ,G97
1.0,Ν41Χ,G98
1.0,Ν41Χ,G99
1.0,Ν42Μα,G82
1.0,Ν42Μα,G83
1.0,Ν42Μβ,G82
1.0,Ν42Μβ,G83
1.0,Ν42Χ,G82
1.0,Ν42Χ,G83
1.0,Ν01Μ,G91
1.0,Ν01Χ,G91
1.0,Ν02Μα,C70.0
1.0,Ν02Μα,C71
1.0,Ν02Μα,C72
1.0,Ν02Μα,D32
1.0,Ν02Μα,D33
1.0,Ν02Μα,G91
1.0,Ν02Μα,G93.5
1.0,Ν02Μα,G93.6
1.0,Ν02Μα,S06.1
1.0,Ν02Μα,S06.4
1.0,Ν02Μα,S06.5
1.0,Ν02Μα,S06.7
1.0,Ν02Μα,S06.8
1.0,Ν02Μα,S08
1.0,Ν02Μβ,C70.0
1.0,Ν02Μβ,C71
1.0,Ν02Μβ,C72
1.0,Ν02Μβ,D32
1.0,Ν02Μβ,D33
1.0,Ν02Μβ,G91
1.0,Ν02Μβ,G93.5
1.0,Ν02Μβ,G93.6
1.0,Ν02Μβ,S06.1
1.0,Ν02Μβ,S06.4
1.0,Ν02Μβ,S06.5
1.0,Ν02Μβ,S06.7
1.0,Ν02Μβ,S06.8
1.0,Ν02Μβ,S08
1.0,Ν02Χ,C70.0
1.0,Ν02Χ,C71
1.0,Ν02Χ,C72
1.0,Ν02Χ,D32
1.0,Ν02Χ,D33
1.0,Ν02Χ,G91
1.0,Ν02Χ,G93.5
1.0,Ν02Χ,G93.6
1.0,Ν02Χ,S06.1
1.0,Ν02Χ,S06.4
1.0,Ν02Χ,S06.5
1.0,Ν02Χ,S06.7
1.0,Ν02Χ,S06.8
1.0,Ν02Χ,S08
1.0,Ν03Μ,C70.1
1.0,Ν03Μ,C72
1.0,Ν03Μ,D32.1
1.0,Ν03Μ,D33.4
1.0,Ν03Μ,D43.4
1.0,Ν03Μ,G95
1.0,Ν03Μ,M48.0
1.0,Ν03Μ,M51
1.0,Ν03Μ,M53
1.0,Ν03Μ,S12
1.0,Ν03Μ,S22.1
1.0,Ν03Μ,S32
1.0,Ν03Μ,T08
1.0,Ν03Μ,G56.0
1.0,Ν03Χ,C70.1
1.0,Ν03Χ,C72
1.0,Ν03Χ,D32.1
1.0,Ν03Χ,D33.4
1.0,Ν03Χ,D43.4
1.0,Ν03Χ,G95
1.0,Ν03Χ,M48.0
1.0,Ν03Χ,M51
1.0,Ν03Χ,M53
1.0,Ν03Χ,S12
1.0,Ν03Χ,S22.1
1.0,Ν03Χ,S32
1.0,Ν03Χ,T08
1.0,Ν03Χ,G56.0
1.0,Ν05Α,C70.1
1.0,Ν05Α,C72
1.0,Ν05Α,D32.1
1.0,Ν05Α,D33.4
1.0,Ν05Α,D43.4
1.0,Ν05Α,G95
1.0,Ν05Α,M48.0
1.0,Ν05Α,M51
1.0,Ν05Α,M53
1.0,Ν05Α,S12
1.0,Ν05Α,S22.1
1.0,Ν05Α,S32
1.0,Ν05Α,T08
1.0,Ν05Α,G56.0
1.0,Ν06Μ,G51
1.0,Ν06Χ,G51
1.0,Ν07Μ,G52
1.0,Ν07Μ,G54
1.0,Ν07Χ,G52
1.0,Ν07Χ,G54
1.0,Ν20Μ,G82
1.0,Ν20Χ,G82
1.0,Ν21Μ,C70.1
1.0,Ν21Μ,C72
1.0,Ν21Μ,D32.1
1.0,Ν21Μ,D33.4
1.0,Ν21Μ,D43.4
1.0,Ν21Μ,G95
1.0,Ν21Χ,C70.1
1.0,Ν21Χ,C72
1.0,Ν21Χ,D32.1
1.0,Ν21Χ,D33.4
1.0,Ν21Χ,D43.4
1.0,Ν21Χ,G95
1.0,Ν26Μ,C70
1.0,Ν26Μ,C71
1.0,Ν26Μ,C72
1.0,Ν26Μ,D32
1.0,Ν26Μ,D33
1.0,Ν26Μ,D34
1.0,Ν26Χ,C70
1.0,Ν26Χ,C71
1.0,Ν26Χ,C72
1.0,Ν26Χ,D32
1.0,Ν26Χ,D33
1.0,Ν26Χ,D34
1.0,Ν38Μ,S00
1.0,Ν38Μ,S01
1.0,Ν38Μ,S02
1.0,Ν38Μ,S03
1.0,Ν38Μ,S04
1.0,Ν38Μ,S05
1.0,Ν38Μ,S06
1.0,Ν38Μ,S07
1.0,Ν38Μ,S08
1.0,Ν38Μ,S09
1.0,Ν38Χ,S00
1.0,Ν38Χ,S01
1.0,Ν38Χ,S02
1.0,Ν38Χ,S03
1.0,Ν38Χ,S04
1.0,Ν38Χ,S05
1.0,Ν38Χ,S06
1.0,Ν38Χ,S07
1.0,Ν38Χ,S08
1.0,Ν38Χ,S09
1.0,Ν39Μ,S02
1.0,Ν39Χ,S02
1.0,Ν40Α,S09
1.0,Ν41Μ,G90
1.0,Ν41Μ,G91
1.0,Ν41Μ,G92
1.0,Ν41Μ,G93
1.0,Ν41Μ,G94
1.0,Ν41Μ,G95
1.0,Ν41Μ,G96
1.0,Ν41Μ,G97
1.0,Ν41Μ,G98
1.0,Ν41Μ,G99
1.0,Ν41Χ,G90
1.0,Ν41Χ,G91
1.0,Ν41Χ,G92
1.0,Ν41Χ,G93
1.0,Ν41Χ,G94
1.0,Ν41Χ,G95
1.0,Ν41Χ,G96
1.0,Ν41Χ,G97
1.0,Ν41Χ,G98
1.0,Ν41Χ,G99
2.0,Ο11Α,H00.0
2.0,Ο11Α,H00.1
2.0,Ο23Α,H01
2.0,Ο23Α,H01.0
2.0,Ο23Α,H01.1
2.0,Ο23Α,H01.8
2.0,Ο23Α,H01.9
2.0,Ο11Α,H02.0
2.0,Ο11Α,H02.1
2.0,Ο11Α,H02.2
2.0,Ο11Α,H02.3
2.0,Ο11Α,H02.4
2.0,Ο11Α,H02.5
2.0,Ο11Α,H02.6
2.0,Ο23Α,H02.7
2.0,Ο11Α,H02.8
2.0,Ο23Α,H02.9
2.0,Ο23Α,H03.0
2.0,Ο23Α,H03.1
2.0,Ο23Α,H03.8
2.0,Ο13Α,H04.0
2.0,Ο13Α,H04.1
2.0,Ο05Α,H04.2
2.0,Ο23Α,H04.3
2.0,Ο05Α,H04.4
2.0,Ο05Α,H04.5
2.0,Ο23Α,H04.6
2.0,Ο23Α,H04.8
2.0,Ο23Α,H04.9
2.0,Ο02Α,H05.0
2.0,Ο02Α,H05.1
2.0,Ο02Α,H05.2
2.0,Ο02Α,H05.3
2.0,Ο23Α,H05.4
2.0,Ο02Α,H05.5
2.0,Ο02Α,H05.8
2.0,Ο23Α,H05.9
2.0,Ο23Α,H06.0
2.0,Ο02Α,H06.1
2.0,Ο23Α,H06.2
2.0,Ο23Α,H06.3
2.0,Ο23Α,H10.0
2.0,Ο23Α,H10.1
2.0,Ο23Α,H10.2
2.0,Ο23Α,H10.3
2.0,Ο23Α,H10.4
2.0,Ο23Α,H10.5
2.0,Ο23Α,H10.8
2.0,Ο23Α,H10.9
2.0,Ο12Α,H11.0
2.0,Ο23Α,H11.1
2.0,Ο04Α,H11.2
2.0,Ο23Α,H11.3
2.0,Ο21Μ,H11.4
2.0,Ο23Α,H11.8
2.0,Ο23Α,H11.9
2.0,Ο23Α,H13
2.0,Ο23Α,H13.0
2.0,Ο23Α,H13.1
2.0,Ο23Α,H13.2
2.0,Ο23Α,H13.3
2.0,Ο23Α,H13.8
2.0,Ο23Α,H15.0
2.0,Ο23Α,H15.1
2.0,Ο23Α,H15.8
2.0,Ο23Α,H15.9
2.0,Ο23Α,H16.0
2.0,Ο23Α,H16.1
2.0,Ο17Α,H16.2
2.0,Ο17Α,H16.3
2.0,Ο17Α,H16.4
2.0,Ο23Α,H16.8
2.0,Ο23Α,H16.9
2.0,Ο17Α,H17.0
2.0,Ο17Α,H17.1
2.0,Ο17Α,H17.8
2.0,Ο17Α,H17.9
2.0,Ο23Α,H18.0
2.0,Ο23Α,H18.1
2.0,Ο23Α,H18.2
2.0,Ο23Α,H18.3
2.0,Ο23Α,H18.4
2.0,Ο23Α,H18.5
2.0,Ο23Α,H18.6
2.0,Ο23Α,H18.7
2.0,Ο23Α,H18.8
2.0,Ο23Α,H18.9
2.0,Ο23Α,H19.0
2.0,Ο23Α,H19.1
2.0,Ο23Α,H19.2
2.0,Ο23Α,H19.3
2.0,Ο23Α,H19.8
2.0,Ο23Α,H20.0
2.0,Ο23Α,H20.1
2.0,Ο23Α,H20.2
2.0,Ο23Α,H20.8
2.0,Ο23Α,H20.9
2.0,Ο22Α,H21.0
2.0,Ο21Μ,H21.1
2.0,Ο23Α,H21.2
2.0,Ο23Α,H21.3
2.0,Ο23Α,H21.4
2.0,Ο23Α,H21.5
2.0,Ο23Α,H21.8
2.0,Ο23Α,H21.9
2.0,Ο23Α,H22.0
2.0,Ο23Α,H22.1
2.0,Ο23Α,H22.8
2.0,Ο16Α,H25.0
2.0,Ο15Α,H25.1
2.0,Ο15Α,H25.2
2.0,Ο15Α,H25.9
2.0,Ο15Α,H26.0
2.0,Ο01Α,H26.1
2.0,Ο15Α,H26.2
2.0,Ο15Α,H26.3
2.0,Ο23Α,H26.4
2.0,Ο15Α,H26.8
2.0,Ο15Α,H26.9
2.0,Ο15Α,H27.0
2.0,Ο15Α,H27.1
2.0,Ο15Α,H27.8
2.0,Ο15Α,H27.9
2.0,Ο15Α,H28.0
2.0,Ο15Α,H28.1
2.0,Ο15Α,H28.2
2.0,Ο15Α,H28.8
2.0,Ο03Α,H30.0
2.0,Ο03Α,H30.1
2.0,Ο23Α,H30.2
2.0,Ο23Α,H30.8
2.0,Ο03Α,H30.9
2.0,Ο23Α,H31.0
2.0,Ο23Α,H31.1
2.0,Ο23Α,H31.2
2.0,Ο01Α,H31.3
2.0,Ο01Α,H31.4
2.0,Ο23Α,H31.8
2.0,Ο23Α,H31.9
2.0,Ο03Α,H32.0
2.0,Ο23Α,H32.8
2.0,Ο01Α,H33.0
2.0,Ο03Α,H33.1
2.0,Ο23Α,H33.2
2.0,Ο14Α,H33.3
2.0,Ο03Α,H33.4
2.0,Ο01Α,H33.5
2.0,Ο21Μ,H34.0
2.0,Ο21Μ,H34.1
2.0,Ο21Μ,H34.2
2.0,Ο21Μ,H34.8
2.0,Ο21Μ,H34.9
2.0,Ο21Μ,H35.0
2.0,Ο03Α,H35.1
2.0,Ο03Α,H35.2
2.0,Ο03Α,H35.3
2.0,Ο23Α,H35.4
2.0,Ο23Α,H35.5
2.0,Ο01Α,H35.6
2.0,Ο14Α,H35.7
2.0,Ο23Α,H35.8
2.0,Ο23Α,H35.9
2.0,Ο03Α,H36.0
2.0,Ο03Α,H36.8
2.0,Ο23Α,H40.0
2.0,Ο15Α,H40.1
2.0,Ο15Α,H40.2
2.0,Ο15Α,H40.3
2.0,Ο15Α,H40.4
2.0,Ο15Α,H40.5
2.0,Ο15Α,H40.6
2.0,Ο15Α,H40.8
2.0,Ο15Α,H40.9
2.0,Ο15Α,H42
2.0,Ο15Α,H42.0
2.0,Ο15Α,H42.8
2.0,Ο01Α,H43.0
2.0,Ο01Α,H43.1
2.0,Ο03Α,H43.2
2.0,Ο03Α,H43.3
2.0,Ο23Α,H43.8
2.0,Ο23Α,H43.9
2.0,Ο02Α,H44.0
2.0,Ο02Α,H44.1
2.0,Ο23Α,H44.2
2.0,Ο23Α,H44.3
2.0,Ο01Α,H44.4
2.0,Ο02Α,H44.5
2.0,Ο02Α,H44.6
2.0,Ο02Α,H44.7
2.0,Ο01Α,H44.8
2.0,Ο23Α,Η44.9
2.0,Ο03Α,H45.0
2.0,Ο02Α,H45.1
2.0,Ο23Α,H45.8
2.0,Ο21Μ,H46
2.0,Ο21Μ,H47
2.0,Ο14Α,H47.0
2.0,Ο21Μ,H47.1
2.0,Ο21Μ,H47.2
2.0,Ο23Α,H47.3
2.0,Ο21Μ,H47.4
2.0,Ο21Μ,H47.5
2.0,Ο21Μ,H47.6
2.0,Ο21Μ,H47.7
2.0,Ο21Μ,H48.0
2.0,Ο21Μ,H48.1
2.0,Ο21Μ,H48.8
2.0,Ο10Α,H49.0
2.0,Ο10Α,H49.1
2.0,Ο10Α,H49.2
2.0,Ο21Μ,H49.3
2.0,Ο21Μ,H49.4
2.0,Ο10Α,H49.8
2.0,Ο10Α,H49.9
2.0,Ο10Α,H50.0
2.0,Ο10Α,H50.1
2.0,Ο10Α,H50.2
2.0,Ο10Α,H50.3
2.0,Ο10Α,H50.4
2.0,Ο10Α,H50.5
2.0,Ο10Α,H50.6
2.0,Ο10Α,H50.8
2.0,Ο10Α,H50.9
2.0,Ο10Α,H51
2.0,Ο21Μ,H51.0
2.0,Ο10Α,H51.1
2.0,Ο21Μ,H51.2
2.0,Ο21Μ,H51.8
2.0,Ο21Μ,H51.9
2.0,Ο14Α,H52
2.0,Ο14Α,H52.0
2.0,Ο14Α,H52.1
2.0,Ο14Α,H52.2
2.0,Ο14Α,H52.3
2.0,Ο14Α,H52.4
2.0,Ο21Μ,H52.5
2.0,Ο23Α,H52.6
2.0,Ο23Α,H52.7
2.0,Ο23Α,H53.0
2.0,Ο23Α,H53.1
2.0,Ο10Α,H53.2
2.0,Ο21Μ,H53.3
2.0,Ο21Μ,H53.4
2.0,Ο23Α,H53.5
2.0,Ο23Α,H53.6
2.0,Ο23Α,H53.8
2.0,Ο23Α,H53.9
2.0,Ο23Α,H54.0
2.0,Ο23Α,H54.1
2.0,Ο23Α,H54.2
2.0,Ο23Α,H54.3
2.0,Ο23Α,H54.4
2.0,Ο23Α,H54.5
2.0,Ο23Α,H54.6
2.0,Ο23Α,H54.7
2.0,Ο23Α,H02.5
2.0,Ο23Α,H02.8
2.0,Ο23Α,H04.0
2.0,Ο23Α,H04.1
2.0,Ο13Α,H04.2
2.0,Ο13Α,H04.4
2.0,Ο13Α,H04.5
2.0,Ο20Μ,H05.0
2.0,Ο23Α,H05.1
2.0,Ο23Α,H05.2
2.0,Ο23Α,H05.3
2.0,Ο23Α,H05.5
2.0,Ο23Α,H05.8
2.0,Ο20Μ,H06.1
2.0,Ο12Α,H11.2
2.0,Ο61Χ,H11.4
2.0,Ο12Α,H11.8
2.0,Ο12Α,H13.3
2.0,Ο12Α,H15.8
2.0,Ο04Α,H16.0
2.0,Ο04Α,H16.1
2.0,Ο04Α,H16.2
2.0,Ο04Α,H16.3
2.0,Ο23Α,H16.4
2.0,Ο04Α,H17.0
2.0,Ο04Α,H17.1
2.0,Ο04Α,H17.8
2.0,Ο04Α,H17.9
2.0,Ο17Α,H18.0
2.0,Ο04Α,H18.1
2.0,Ο04Α,H18.2
2.0,Ο04Α,H18.3
2.0,Ο04Α,H18.4
2.0,Ο04Α,H18.5
2.0,Ο04Α,H18.6
2.0,Ο04Α,H18.7
2.0,Ο04Α,H18.8
2.0,Ο04Α,H19.1
2.0,Ο04Α,H19.2
2.0,Ο04Α,H19.3
2.0,Ο04Α,H19.8
2.0,Ο61Χ,H21.1
2.0,Ο14Α,H21.3
2.0,Ο14Α,H21.4
2.0,Ο14Α,H21.5
2.0,Ο16Α,H25.1
2.0,Ο16Α,H25.2
2.0,Ο16Α,H25.9
2.0,Ο16Α,H26.0
2.0,Ο15Α,H26.1
2.0,Ο16Α,H26.2
2.0,Ο16Α,H26.3
2.0,Ο14Α,H26.4
2.0,Ο16Α,H26.8
2.0,Ο16Α,H26.9
2.0,Ο16Α,H27.0
2.0,Ο15Α,H27.1
2.0,Ο16Α,H27.8
2.0,Ο16Α,H27.9
2.0,Ο16Α,H28.0
2.0,Ο16Α,H28.1
2.0,Ο16Α,H28.2
2.0,Ο16Α,H28.8
2.0,Ο20Μ,H30.0
2.0,Ο20Μ,H30.1
2.0,Ο20Μ,H30.9
2.0,Ο03Α,H31.3
2.0,Ο14Α,H31.4
2.0,Ο20Μ,H32.0
2.0,Ο03Α,H33.0
2.0,Ο23Α,H33.1
2.0,Ο22Α,H33.3
2.0,Ο03Α,H33.5
2.0,Ο61Χ,H34.0
2.0,Ο61Χ,H34.1
2.0,Ο61Χ,H34.2
2.0,Ο61Χ,H34.8
2.0,Ο61Χ,H34.9
2.0,Ο61Χ,H35.0
2.0,Ο14Α,H35.1
2.0,Ο23Α,H35.2
2.0,Ο14Α,H35.3
2.0,Ο14Α,H35.5
2.0,Ο03Α,H35.6
2.0,Ο23Α,H35.7
2.0,Ο14Α,H36.0
2.0,Ο14Α,H36.8
2.0,Ο15B,H40.1
2.0,Ο15B,H40.2
2.0,Ο15B,H40.3
2.0,Ο15B,H40.4
2.0,Ο15B,H40.5
2.0,Ο15B,H40.6
2.0,Ο15B,H40.8
2.0,Ο15B,H40.9
2.0,Ο15B,H42
2.0,Ο15B,H42.0
2.0,Ο15B,H42.8
2.0,Ο03Α,H43.0
2.0,Ο03Α,H43.1
2.0,Ο03Α,H44.0
2.0,Ο03Α,H44.1
2.0,Ο14Α,H44.4
2.0,Ο14Α,H44.5
2.0,Ο03Α,H44.6
2.0,Ο03Α,H44.7
2.0,Ο02Α,H44.8
2.0,Ο23Α,H45.0
2.0,Ο03Α,H45.1
2.0,Ο61Χ,H46
2.0,Ο61Χ,H47
2.0,Ο21Μ,H47.0
2.0,Ο61Χ,H47.1
2.0,Ο61Χ,H47.2
2.0,Ο61Χ,H47.4
2.0,Ο61Χ,H47.5
2.0,Ο61Χ,H47.6
2.0,Ο61Χ,H47.7
2.0,Ο61Χ,H48.0
2.0,Ο61Χ,H48.1
2.0,Ο61Χ,H48.8
2.0,Ο21Μ,H49.0
2.0,Ο21Μ,H49.1
2.0,Ο21Μ,H49.2
2.0,Ο61Χ,H49.3
2.0,Ο61Χ,H49.4
2.0,Ο21Μ,H49.8
2.0,Ο21Μ,H49.9
2.0,Ο21Μ,H50.0
2.0,Ο21Μ,H50.1
2.0,Ο21Μ,H50.2
2.0,Ο21Μ,H50.3
2.0,Ο21Μ,H50.4
2.0,Ο21Μ,H50.5
2.0,Ο21Μ,H50.9
2.0,Ο21Μ,H51
2.0,Ο61Χ,H51.0
2.0,Ο21Μ,H51.1
2.0,Ο61Χ,H51.2
2.0,Ο61Χ,H51.8
2.0,Ο61Χ,H51.9
2.0,Ο23Α,H52
2.0,Ο23Α,H52.0
2.0,Ο23Α,H52.1
2.0,Ο23Α,H52.2
2.0,Ο23Α,H52.3
2.0,Ο23Α,H52.4
2.0,Ο61Χ,H52.5
2.0,Ο22Α,H53.2
2.0,Ο61Χ,H53.3
2.0,Ο61Χ,H53.4
2.0,Ο23Α,H04.2
2.0,Ο20Χ,H05.0
2.0,Ο20Χ,H06.1
2.0,Ο23Α,H11.4
2.0,Ο04Α,H13.3
2.0,Ο04Α,H15.8
2.0,Ο12Α,H16.0
2.0,Ο12Α,H16.1
2.0,Ο12Α,H16.2
2.0,Ο12Α,H16.3
2.0,Ο12Α,H16.4
2.0,Ο12Α,H17.0
2.0,Ο12Α,H17.1
2.0,Ο12Α,H17.8
2.0,Ο12Α,H17.9
2.0,Ο12Α,H18.0
2.0,Ο12Α,H18.1
2.0,Ο12Α,H18.2
2.0,Ο12Α,H18.3
2.0,Ο12Α,H18.4
2.0,Ο12Α,H18.5
2.0,Ο12Α,H18.6
2.0,Ο12Α,H18.7
2.0,Ο12Α,H18.8
2.0,Ο12Α,H19.1
2.0,Ο12Α,H19.2
2.0,Ο12Α,H19.3
2.0,Ο12Α,H19.8
2.0,Ο01Α,H21.5
2.0,Ο16Α,H26.1
2.0,Ο14Α,H27.0
2.0,Ο16Α,H27.1
2.0,Ο20Χ,H30.0
2.0,Ο20Χ,H30.1
2.0,Ο20Χ,H30.9
2.0,Ο22Α,H31.3
2.0,Ο03Α,H31.4
2.0,Ο20Χ,H32.0
2.0,Ο23Α,H33.3
2.0,Ο23Α,H34.0
2.0,Ο23Α,H35.0
2.0,Ο23Α,H35.1
2.0,Ο21Μ,H35.3
2.0,Ο14Α,H35.6
2.0,Ο21Μ,H36.0
2.0,Ο21Μ,H36.8
2.0,Ο14Α,H40.1
2.0,Ο23Α,H40.2
2.0,Ο22Α,H40.3
2.0,Ο23Α,H40.4
2.0,Ο23Α,H40.5
2.0,Ο23Α,H40.6
2.0,Ο23Α,H40.8
2.0,Ο23Α,H40.9
2.0,Ο23Α,H42
2.0,Ο23Α,H42.0
2.0,Ο23Α,H42.8
2.0,Ο14Α,H43.0
2.0,Ο21Μ,H43.1
2.0,Ο20Μ,H44.0
2.0,Ο20Μ,H44.1
2.0,Ο23Α,H44.4
2.0,Ο23Α,H44.5
2.0,Ο14Α,H44.6
2.0,Ο14Α,H44.7
2.0,Ο03Α,H44.8
2.0,Ο20Μ,H45.1
2.0,Ο61Χ,H47.0
2.0,Ο23Α,H47.2
2.0,Ο23Α,H47.7
2.0,Ο23Α,H48.0
2.0,Ο23Α,H48.1
2.0,Ο61Χ,H49.0
2.0,Ο61Χ,H49.1
2.0,Ο61Χ,H49.2
2.0,Ο11Α,H49.3
2.0,Ο11Α,H49.4
2.0,Ο61Χ,H49.8
2.0,Ο61Χ,H49.9
2.0,Ο61Χ,H50.0
2.0,Ο61Χ,H50.1
2.0,Ο61Χ,H50.2
2.0,Ο61Χ,H50.3
2.0,Ο61Χ,H50.4
2.0,Ο61Χ,H50.5
2.0,Ο61Χ,H50.9
2.0,Ο61Χ,H51
2.0,Ο61Χ,H51.1
2.0,Ο23Α,H51.8
2.0,Ο23Α,H51.9
2.0,Ο23Α,H52.5
2.0,Ο21Μ,H53.2
2.0,Ο23Α,H53.3
2.0,Ο23Α,H53.4
2.0,Ο17Α,H16.0
2.0,Ο17Α,H16.1
2.0,Ο23Α,H16.2
2.0,Ο23Α,H16.3
2.0,Ο04Α,H16.4
2.0,Ο23Α,H17.0
2.0,Ο23Α,H17.1
2.0,Ο23Α,H17.8
2.0,Ο23Α,H17.9
2.0,Ο12Α,H18.0
2.0,Ο17Α,H18.1
2.0,Ο17Α,H18.2
2.0,Ο17Α,H18.3
2.0,Ο17Α,H18.4
2.0,Ο17Α,H18.5
2.0,Ο17Α,H18.6
2.0,Ο17Α,H18.7
2.0,Ο17Α,H18.8
2.0,Ο17Α,H19.1
2.0,Ο17Α,H19.2
2.0,Ο17Α,H19.3
2.0,Ο17Α,H19.8
2.0,Ο23Α,H30.9
2.0,Ο14Α,H31.3
2.0,Ο23Α,H31.4
2.0,Ο23Α,H40.1
2.0,Ο23Α,H40.3
2.0,Ο22Α,H43.0
2.0,Ο23Α,H44.6
2.0,Ο23Α,H44.7
2.0,Ο20Χ,H45.1
2.0,Ο21Μ,H35.3
2.0,Ο14Α,H35.6
2.0,Ο21Μ,H36.0
2.0,Ο21Μ,H36.8
2.0,Ο21Μ,H43.1
2.0,Ο20Μ,H44.0
2.0,Ο20Μ,H44.1
2.0,Ο03Α,H44.8
2.0,Ο21Μ,H53.2
2.0,Ο61Χ,H35.3
2.0,Ο21Μ,H35.6
2.0,Ο61Χ,H36.0
2.0,Ο61Χ,H36.8
2.0,Ο61Χ,H43.1
2.0,Ο20Χ,H44.0
2.0,Ο20Χ,H44.1
2.0,Ο14Α,H44.8
2.0,Ο61Χ,H53.2
2.0,Ο23Α,H53.2
2.0,Ο23Α,H36.8
2.0,Ο22Α,H43.1
2.0,Ο23Α,H44.1
2.0,Ο23Α,H35.3
2.0,Ο61Χ,H35.6
2.0,Ο22Α,H35.6
2.0,Ο61Χ,H44.8
2.0,Ο22Α,H44.8
2.0,Ο23Α,H44.8
2.0,Ο21Μ,H44.8
3.0,Ω01Α,Η90
3.0,Ω01Α,Η91
3.0,Ω01Α,Q16
3.0,Ω02Μα,S01
3.0,Ω02Μα,S02
3.0,Ω02Μα,T20
3.0,Ω02Μα,T34
3.0,Ω02Μα,D38
3.0,Ω02Μα,H93.3
3.0,Ω02Μα,Y88
3.0,Ω02Μα,H95
3.0,Ω02Μα,D33
3.0,Ω02Μα,D35.5
3.0,Ω02Μα,D35.6
3.0,Ω02Μα,D10.6
3.0,Ω02Μβ,C00
3.0,Ω02Μβ,C01
3.0,Ω02Μβ,C02
3.0,Ω02Μβ,C03
3.0,Ω02Μβ,C04
3.0,Ω02Μβ,C05
3.0,Ω02Μβ,C06
3.0,Ω02Μβ,C07
3.0,Ω02Μβ,C08
3.0,Ω02Μβ,C09
3.0,Ω02Μβ,C10
3.0,Ω02Μβ,C11
3.0,Ω02Μβ,C12
3.0,Ω02Μβ,C13
3.0,Ω02Μβ,C14
3.0,Ω02Μβ,C15.0
3.0,Ω02Μβ,C30
3.0,Ω02Μβ,C31
3.0,Ω02Μβ,C32
3.0,Ω02Μβ,C72
3.0,Ω02Μβ,C73
3.0,Ω02Μβ,C75.4
3.0,Ω02Μβ,C77
3.0,Ω02Μβ,C43
3.0,Ω02Μβ,C44
3.0,Ω02Μβ,C47.0
3.0,Ω02Μβ,D00
3.0,Ω02Μβ,D02
3.0,Ω02Μβ,D03
3.0,Ω02Μβ,D04
3.0,Ω02Μβ,C49
3.0,Ω02Χ,Q30
3.0,Ω02Χ,D10
3.0,Ω02Χ,D11
3.0,Ω02Χ,D14
3.0,Ω02Χ,D34
3.0,Ω02Χ,D37
3.0,Ω02Χ,D38
3.0,Ω02Χ,G47.3
3.0,Ω02Χ,D21
3.0,Ω03Α,Q35
3.0,Ω03Α,Q36
3.0,Ω03Α,Q37
3.0,Ω04Μ,S02.4
3.0,Ω04Μ,S02.6
3.0,Ω04Μ,S02.8
3.0,Ω04Μ,S02.9
3.0,Ω04Μ,K07
3.0,Ω04Μ,K10
3.0,Ω04Μ,D10
3.0,Ω04Χ,K00
3.0,Ω04Χ,K01
3.0,Ω04Χ,K08
3.0,Ω04Χ,K09
3.0,Ω04Χ,S02.5
3.0,Ω05Α,K11
3.0,Ω05Α,C07
3.0,Ω05Α,D11
3.0,Ω05Α,S04
3.0,Ω05Α,G51.9
3.0,Ω06Α,H71
3.0,Ω06Α,H74
3.0,Ω06Α,H75
3.0,Ω06Α,D14
3.0,Ω06Α,Q16
3.0,Ω06Α,Q17
3.0,Ω06Α,H72
3.0,Ω06Α,H80
3.0,Ω06Α,H95
3.0,Ω06Α,D38
3.0,Ω06Α,J32
3.0,Ω06Α,J33
3.0,Ω06Α,J34.1
3.0,Ω10Α,J34.2
3.0,Ω10Α,J34.3
3.0,Ω10Α,J34.8
3.0,Ω10Α,W84
3.0,Ω10Α,S00.3
3.0,Ω10Α,S01.2
3.0,Ω10Α,S02.2
3.0,Ω10Α,T90
3.0,Ω11Α,J35
3.0,Ω11Α,H68
3.0,Ω11Α,H65
3.0,Ω11Α,C81
3.0,Ω11Α,C82
3.0,Ω11Α,C83
3.0,Ω11Α,C85
3.0,Ω11Α,W84
3.0,Ω11Α,D10.4
3.0,Ω11Α,D10.6
3.0,Ω12Α,H61.3
3.0,Ω12Α,H61.8
3.0,Ω12Α,H60.0
3.0,Ω13Α,H65
3.0,Ω13Α,H66
3.0,Ω13Α,H67
3.0,Ω13Α,H68
3.0,Ω13Α,H69
3.0,Ω13Α,H70
3.0,Ω13Α,H74.1
3.0,Ω14Α,K11
3.0,Ω14Α,K13
3.0,Ω14Α,K14
3.0,Ω15Α,H70
3.0,Ω15Α,H74
3.0,Ω15Α,H75
3.0,Ω15Α,H95
3.0,Ω20Α,K00
3.0,Ω20Α,K01
3.0,Ω20Α,K03
3.0,Ω20Α,K04
3.0,Ω20Α,K07
3.0,Ω20Α,S02.5
3.0,Ω30Μ,C01
3.0,Ω30Μ,C02
3.0,Ω30Μ,C03
3.0,Ω30Μ,C04
3.0,Ω30Μ,C05
3.0,Ω30Μ,C06
3.0,Ω30Μ,C07
3.0,Ω30Μ,C08
3.0,Ω30Μ,C09
3.0,Ω30Μ,C10
3.0,Ω30Μ,C11
3.0,Ω30Μ,C12
3.0,Ω30Μ,C13
3.0,Ω30Μ,C14
3.0,Ω30Μ,C15.0
3.0,Ω30Μ,C30
3.0,Ω30Μ,C31
3.0,Ω30Μ,C32
3.0,Ω30Μ,C73
3.0,Ω30Μ,C77
3.0,Ω30Μ,C47.0
3.0,Ω30Μ,D02
3.0,Ω30Μ,C41
3.0,Ω30Μ,D00
3.0,Ω30Μ,D02
3.0,Ω30Μ,D03
3.0,Ω30Μ,D04
3.0,Ω30Μ,C49
3.0,Ω30Χ,C00
3.0,Ω30Χ,D00
3.0,Ω30Χ,D03
3.0,Ω30Χ,D04
3.0,Ω30Χ,C44.0
3.0,Ω31Α,H55
3.0,Ω31Α,H71
3.0,Ω31Α,H74
3.0,Ω31Α,G51
3.0,Ω31Α,R42
3.0,Ω31Α,S04
3.0,Ω31Α,T90
3.0,Ω31Α,Y88
3.0,Ω31Α,G45
3.0,Ω31Α,G52
3.0,Ω31Α,H70.1
3.0,Ω31Α,H71
3.0,Ω31Α,H81
3.0,Ω31Α,H82
3.0,Ω31Α,H83
3.0,Ω32Α,S01.2
3.0,Ω32Α,S00.3
3.0,Ω32Α,D10.6
3.0,Ω32Α,A15.8
3.0,Ω32Α,Y87
3.0,Ω32Α,T90
3.0,Ω32Α,S02
3.0,Ω33Α,H65
3.0,Ω33Α,H66
3.0,Ω33Α,H67
3.0,Ω33Α,H68
3.0,Ω33Α,H69
3.0,Ω33Α,H74
3.0,Ω33Α,H75
3.0,Ω33Α,A15.5
3.0,Ω33Α,A15.8
3.0,Ω33Α,A15.9
3.0,Ω33Α,A16.4
3.0,Ω33Α,A16.8
3.0,Ω33Α,A36
3.0,Ω33Α,A38
3.0,Ω33Α,A49.1
3.0,Ω33Α,B00.2
3.0,Ω33Α,B27
3.0,Ω33Α,B94.9
3.0,Ω33Α,B95
3.0,Ω33Α,A49.2
3.0,Ω34Α,J04
3.0,Ω34Α,J05
3.0,Ω34Α,J06
3.0,Ω34Α,R07
3.0,Ω34Α,A36.2
3.0,Ω34Α,A49.1
3.0,Ω34Α,A49.2
3.0,Ω34Α,B95
3.0,Ω35Α,T90
3.0,Ω35Α,S02
3.0,Ω35Α,T33
3.0,Ω35Α,S01.2
3.0,Ω35Α,S00.3
3.0,Ω35Α,Y87
3.0,Ω36Μ,R60
3.0,Ω36Μ,T16
3.0,Ω36Μ,T17
3.0,Ω36Μ,T20
3.0,Ω36Μ,B02.2
3.0,Ω36Μ,G53.0*
3.0,Ω36Μ,G63.0*
3.0,Ω36Μ,G53.0*
3.0,Ω36Μ,G51
3.0,Ω36Μ,G52
3.0,Ω36Μ,H74
3.0,Ω36Μ,H75
3.0,Ω36Μ,H91
3.0,Ω36Μ,H92
3.0,Ω36Μ,H94
3.0,Ω36Μ,R49
3.0,Ω36Μ,J36
3.0,Ω36Μ,J38
3.0,Ω36Μ,J39
3.0,Ω36Χ,J37
3.0,Ω36Χ,Κ02
3.0,Ω36Χ,B00.1
3.0,Ω36Χ,H60
3.0,Ω36Χ,H61
3.0,Ω36Χ,H62
3.0,Ω36Χ,H73
3.0,Ω36Χ,H93
3.0,Ω36Χ,S00.9
3.0,Ω36Χ,J30
3.0,Ω36Χ,J31
3.0,Ω36Χ,D22
3.0,Ω37Α,K04
3.0,Ω37Α,K05
3.0,Ω37Α,K06
3.0,Ω37Α,K12
3.0,Ω37Α,K13
3.0,Ω37Α,S00.5
3.0,Ω37Β,K02
3.0,Ω37Β,K14
3.0,Ω37Β,K03
4.0,Α01Μ,A15.2
4.0,Α01Μ,A15.3
4.0,Α01Μ,A15.4
4.0,Α01Μ,A15.6
4.0,Α01Μ,A15.8
4.0,Α01Μ,A16.3
4.0,Α01Μ,A16.5
4.0,Α01Μ,B44.0
4.0,Α01Μ,B47
4.0,Α01Μ,B67.1
4.0,Α01Μ,C33
4.0,Α01Μ,C34
4.0,Α01Μ,C37
4.0,Α01Μ,C38
4.0,Α01Μ,C39
4.0,Α01Μ,C45
4.0,Α01Μ,C77.1
4.0,Α01Μ,C78.0
4.0,Α01Μ,C78.1
4.0,Α01Μ,C78.2
4.0,Α01Μ,C78.3
4.0,Α01Μ,C81
4.0,Α01Μ,C82
4.0,Α01Μ,C83
4.0,Α01Μ,C85
4.0,Α01Μ,C97
4.0,Α01Μ,D14.2
4.0,Α01Μ,D14.3
4.0,Α01Μ,D14.4
4.0,Α01Μ,D15.0
4.0,Α01Μ,D15.2
4.0,Α01Μ,D15.7
4.0,Α01Μ,D15.9
4.0,Α01Μ,D17.4
4.0,Α01Μ,D19
4.0,Α01Μ,D38.1
4.0,Α01Μ,D38.2
4.0,Α01Μ,D38.3
4.0,Α01Μ,D38.4
4.0,Α01Μ,D38.5
4.0,Α01Μ,D86
4.0,Α01Μ,E85
4.0,Α01Μ,I30
4.0,Α01Μ,I31
4.0,Α01Μ,Ι32
4.0,Α01Μ,I88
4.0,Α01Μ,J84
4.0,Α01Μ,J84.1
4.0,Α01Μ,J85
4.0,Α01Μ,J86
4.0,Α01Μ,J90
4.0,Α01Μ,J93
4.0,Α01Μ,J94
4.0,Α01Μ,J94.0
4.0,Α01Μ,J94.2
4.0,Α01Μ,J95.1
4.0,Α01Μ,J98.0
4.0,Α01Μ,J98.2
4.0,Α01Μ,J99.1
4.0,Α01Μ,L04.8
4.0,Α01Μ,Q32
4.0,Α01Μ,Q33
4.0,Α01Μ,Q34
4.0,Α01Μ,R58
4.0,Α01Μ,R59
4.0,Α01Μ,R91
4.0,Α01Μ,S21
4.0,Α01Μ,S27
4.0,Α01Μ,S27.0
4.0,Α01Μ,S27.1
4.0,Α01Μ,S27.2
4.0,Α01Μ,S27.3
4.0,Α01Μ,S27.4
4.0,Α01Μ,S27.5
4.0,Α01Μ,S27.6
4.0,Α01Μ,S27.7
4.0,Α01Μ,S27.8
4.0,Α01Μ,S28
4.0,Α01Μ,S29
4.0,Α01Μ,T17
4.0,Α01Χ,A15.2
4.0,Α01Χ,A15.3
4.0,Α01Χ,A15.4
4.0,Α01Χ,A15.6
4.0,Α01Χ,A15.8
4.0,Α01Χ,A16.3
4.0,Α01Χ,A16.5
4.0,Α01Χ,B44.0
4.0,Α01Χ,B47
4.0,Α01Χ,B67.1
4.0,Α01Χ,C33
4.0,Α01Χ,C34
4.0,Α01Χ,C37
4.0,Α01Χ,C38
4.0,Α01Χ,C39
4.0,Α01Χ,C45
4.0,Α01Χ,C77.1
4.0,Α01Χ,C78.0
4.0,Α01Χ,C78.1
4.0,Α01Χ,C78.2
4.0,Α01Χ,C78.3
4.0,Α01Χ,C81
4.0,Α01Χ,C82
4.0,Α01Χ,C83
4.0,Α01Χ,C85
4.0,Α01Χ,C97
4.0,Α01Χ,D14.2
4.0,Α01Χ,D14.3
4.0,Α01Χ,D14.4
4.0,Α01Χ,D15.0
4.0,Α01Χ,D15.2
4.0,Α01Χ,D15.7
4.0,Α01Χ,D15.9
4.0,Α01Χ,D17.4
4.0,Α01Χ,D19
4.0,Α01Χ,D38.1
4.0,Α01Χ,D38.2
4.0,Α01Χ,D38.3
4.0,Α01Χ,D38.4
4.0,Α01Χ,D38.5
4.0,Α01Χ,D86
4.0,Α01Χ,E85
4.0,Α01Χ,I30
4.0,Α01Χ,I31
4.0,Α01Χ,Ι32
4.0,Α01Χ,I88
4.0,Α01Χ,J84
4.0,Α01Χ,J84.1
4.0,Α01Χ,J85
4.0,Α01Χ,J86
4.0,Α01Χ,J90
4.0,Α01Χ,J93
4.0,Α01Χ,J94
4.0,Α01Χ,J94.0
4.0,Α01Χ,J94.2
4.0,Α01Χ,J95.1
4.0,Α01Χ,J98.0
4.0,Α01Χ,J98.2
4.0,Α01Χ,J99.1
4.0,Α01Χ,L04.8
4.0,Α01Χ,Q32
4.0,Α01Χ,Q33
4.0,Α01Χ,Q34
4.0,Α01Χ,R58
4.0,Α01Χ,R59
4.0,Α01Χ,R91
4.0,Α01Χ,S21
4.0,Α01Χ,S27
4.0,Α01Χ,S27.0
4.0,Α01Χ,S27.1
4.0,Α01Χ,S27.2
4.0,Α01Χ,S27.3
4.0,Α01Χ,S27.4
4.0,Α01Χ,S27.5
4.0,Α01Χ,S27.6
4.0,Α01Χ,S27.7
4.0,Α01Χ,S27.8
4.0,Α01Χ,S28
4.0,Α01Χ,S29
4.0,Α01Χ,T17
4.0,Α02Μα,A15.2
4.0,Α02Μα,A15.3
4.0,Α02Μα,A15.4
4.0,Α02Μα,A15.6
4.0,Α02Μα,A15.8
4.0,Α02Μα,A16.3
4.0,Α02Μα,A16.5
4.0,Α02Μα,B44.0
4.0,Α02Μα,B47
4.0,Α02Μα,B67.1
4.0,Α02Μα,C33
4.0,Α02Μα,C34
4.0,Α02Μα,C37
4.0,Α02Μα,C38
4.0,Α02Μα,C39
4.0,Α02Μα,C45
4.0,Α02Μα,C77.1
4.0,Α02Μα,C78.0
4.0,Α02Μα,C78.1
4.0,Α02Μα,C78.2
4.0,Α02Μα,C78.3
4.0,Α02Μα,C81
4.0,Α02Μα,C82
4.0,Α02Μα,C83
4.0,Α02Μα,C85
4.0,Α02Μα,C97
4.0,Α02Μα,D14.2
4.0,Α02Μα,D14.3
4.0,Α02Μα,D14.4
4.0,Α02Μα,D15.0
4.0,Α02Μα,D15.2
4.0,Α02Μα,D15.7
4.0,Α02Μα,D15.9
4.0,Α02Μα,D17.4
4.0,Α02Μα,D19
4.0,Α02Μα,D38.1
4.0,Α02Μα,D38.2
4.0,Α02Μα,D38.3
4.0,Α02Μα,D38.4
4.0,Α02Μα,D38.5
4.0,Α02Μα,D86
4.0,Α02Μα,E85
4.0,Α02Μα,I30
4.0,Α02Μα,I31
4.0,Α02Μα,Ι32
4.0,Α02Μα,I88
4.0,Α02Μα,J84
4.0,Α02Μα,J84.1
4.0,Α02Μα,J85
4.0,Α02Μα,J86
4.0,Α02Μα,J90
4.0,Α02Μα,J93
4.0,Α02Μα,J94
4.0,Α02Μα,J94.0
4.0,Α02Μα,J94.2
4.0,Α02Μα,J95.1
4.0,Α02Μα,J98.0
4.0,Α02Μα,J98.2
4.0,Α02Μα,J99.1
4.0,Α02Μα,L04.8
4.0,Α02Μα,Q32
4.0,Α02Μα,Q33
4.0,Α02Μα,Q34
4.0,Α02Μα,R58
4.0,Α02Μα,R59
4.0,Α02Μα,R91
4.0,Α02Μα,S21
4.0,Α02Μα,S27
4.0,Α02Μα,S27.0
4.0,Α02Μα,S27.1
4.0,Α02Μα,S27.2
4.0,Α02Μα,S27.3
4.0,Α02Μα,S27.4
4.0,Α02Μα,S27.5
4.0,Α02Μα,S27.6
4.0,Α02Μα,S27.7
4.0,Α02Μα,S27.8
4.0,Α02Μα,S28
4.0,Α02Μα,S29
4.0,Α02Μα,T17
4.0,Α02Μβ,A15.2
4.0,Α02Μβ,A15.3
4.0,Α02Μβ,A15.4
4.0,Α02Μβ,A15.6
4.0,Α02Μβ,A15.8
4.0,Α02Μβ,A16.3
4.0,Α02Μβ,A16.5
4.0,Α02Μβ,B44.0
4.0,Α02Μβ,B47
4.0,Α02Μβ,B67.1
4.0,Α02Μβ,C33
4.0,Α02Μβ,C34
4.0,Α02Μβ,C37
4.0,Α02Μβ,C38
4.0,Α02Μβ,C39
4.0,Α02Μβ,C45
4.0,Α02Μβ,C77.1
4.0,Α02Μβ,C78.0
4.0,Α02Μβ,C78.1
4.0,Α02Μβ,C78.2
4.0,Α02Μβ,C78.3
4.0,Α02Μβ,C81
4.0,Α02Μβ,C82
4.0,Α02Μβ,C83
4.0,Α02Μβ,C85
4.0,Α02Μβ,C97
4.0,Α02Μβ,D14.2
4.0,Α02Μβ,D14.3
4.0,Α02Μβ,D14.4
4.0,Α02Μβ,D15.0
4.0,Α02Μβ,D15.2
4.0,Α02Μβ,D15.7
4.0,Α02Μβ,D15.9
4.0,Α02Μβ,D17.4
4.0,Α02Μβ,D19
4.0,Α02Μβ,D38.1
4.0,Α02Μβ,D38.2
4.0,Α02Μβ,D38.3
4.0,Α02Μβ,D38.4
4.0,Α02Μβ,D38.5
4.0,Α02Μβ,D86
4.0,Α02Μβ,E85
4.0,Α02Μβ,I30
4.0,Α02Μβ,I31
4.0,Α02Μβ,Ι32
4.0,Α02Μβ,I88
4.0,Α02Μβ,J84
4.0,Α02Μβ,J84.1
4.0,Α02Μβ,J85
4.0,Α02Μβ,J86
4.0,Α02Μβ,J90
4.0,Α02Μβ,J93
4.0,Α02Μβ,J94
4.0,Α02Μβ,J94.0
4.0,Α02Μβ,J94.2
4.0,Α02Μβ,J95.1
4.0,Α02Μβ,J98.0
4.0,Α02Μβ,J98.2
4.0,Α02Μβ,J99.1
4.0,Α02Μβ,L04.8
4.0,Α02Μβ,Q32
4.0,Α02Μβ,Q33
4.0,Α02Μβ,Q34
4.0,Α02Μβ,R58
4.0,Α02Μβ,R59
4.0,Α02Μβ,R91
4.0,Α02Μβ,S21
4.0,Α02Μβ,S27
4.0,Α02Μβ,S27.0
4.0,Α02Μβ,S27.1
4.0,Α02Μβ,S27.2
4.0,Α02Μβ,S27.3
4.0,Α02Μβ,S27.4
4.0,Α02Μβ,S27.5
4.0,Α02Μβ,S27.6
4.0,Α02Μβ,S27.7
4.0,Α02Μβ,S27.8
4.0,Α02Μβ,S28
4.0,Α02Μβ,S29
4.0,Α02Μβ,T17
4.0,Α02Χ,C34
4.0,Α02Χ,C38.4
4.0,Α02Χ,C39
4.0,Α02Χ,C45
4.0,Α02Χ,C78.0
4.0,Α02Χ,C78.2
4.0,Α02Χ,C78.3
4.0,Α02Χ,C97
4.0,Α02Χ,D38.1
4.0,Α02Χ,D38.2
4.0,Α02Χ,I88
4.0,Α02Χ,J84
4.0,Α02Χ,J84.1
4.0,Α02Χ,J90
4.0,Α02Χ,J93
4.0,Α02Χ,J94
4.0,Α02Χ,J98.0
4.0,Α02Χ,L04.8
4.0,Α02Χ,R58
4.0,Α02Χ,R59
4.0,Α02Χ,R91
4.0,Α02Χ,S27
4.0,Α02Χ,S27.3
4.0,Α02Χ,S27.4
4.0,Α02Χ,S27.5
4.0,Α02Χ,S27.6
4.0,Α02Χ,S27.8
4.0,Α02Χ,S29
4.0,Α02Χ,T17
4.0,Α10Μ,Ε84.0
4.0,Α10Μ,I26.0
4.0,Α10Μ,J10.0
4.0,Α10Μ,J11.0
4.0,Α10Μ,J12
4.0,Α10Μ,J13
4.0,Α10Μ,J14
4.0,Α10Μ,J15
4.0,Α10Μ,J16
4.0,Α10Μ,J17
4.0,Α10Μ,J18
4.0,Α10Μ,J85.1
4.0,Α10Μ,J81
4.0,Α10Μ,J96.0
4.0,Α10Μ,J43
4.0,Α10Μ,J44.0
4.0,Α10Μ,J44.1
4.0,Α10Μ,R04.2
4.0,Α10Μ,R04.8
4.0,Α10Μ,R09.2
4.0,Α10Μ,J93
4.0,Α10Μ,J93.0
4.0,Α10Μ,J93.1
4.0,Α10Μ,J93.8
4.0,Α10Μ,J93.9
4.0,Α10Μ,J46
4.0,Α10Μ,J94.0
4.0,Α10Μ,J94.2
4.0,Α10Μ,J86
4.0,Α10Μ,J84
4.0,Α10Μ,J84.0
4.0,Α10Μ,J84.1
4.0,Α10Μ,J84.8
4.0,Α10Μ,J84.9
4.0,Α10Μ,J60
4.0,Α10Μ,J61
4.0,Α10Μ,J62
4.0,Α10Μ,J63
4.0,Α10Μ,J64
4.0,Α10Μ,J67
4.0,Α10Μ,J70.1
4.0,Α10Μ,J70.2
4.0,Α10Μ,J70.3
4.0,Α10Μ,J98.8
4.0,Α10Μ,J98.9
4.0,Α10Μ,A15
4.0,Α10Μ,A16
4.0,Α10Μ,A17
4.0,Α10Μ,A18
4.0,Α10Μ,A19
4.0,Α10Χ,Ε84.0
4.0,Α10Χ,I26.0
4.0,Α10Χ,J10.0
4.0,Α10Χ,J11.0
4.0,Α10Χ,J12
4.0,Α10Χ,J13
4.0,Α10Χ,J14
4.0,Α10Χ,J15
4.0,Α10Χ,J16
4.0,Α10Χ,J17
4.0,Α10Χ,J18
4.0,Α10Χ,J85.1
4.0,Α10Χ,J81
4.0,Α10Χ,J96.0
4.0,Α10Χ,J43
4.0,Α10Χ,J44.0
4.0,Α10Χ,J44.1
4.0,Α10Χ,R04.2
4.0,Α10Χ,R04.8
4.0,Α10Χ,R09.2
4.0,Α10Χ,J93
4.0,Α10Χ,J93.0
4.0,Α10Χ,J93.1
4.0,Α10Χ,J93.8
4.0,Α10Χ,J93.9
4.0,Α10Χ,J46
4.0,Α10Χ,J94.0
4.0,Α10Χ,J94.2
4.0,Α10Χ,J86
4.0,Α10Χ,J84
4.0,Α10Χ,J84.0
4.0,Α10Χ,J84.1
4.0,Α10Χ,J84.8
4.0,Α10Χ,J84.9
4.0,Α10Χ,J60
4.0,Α10Χ,J61
4.0,Α10Χ,J62
4.0,Α10Χ,J63
4.0,Α10Χ,J64
4.0,Α10Χ,J67
4.0,Α10Χ,J70.1
4.0,Α10Χ,J70.2
4.0,Α10Χ,J70.3
4.0,Α10Χ,J98.8
4.0,Α10Χ,J98.9
4.0,Α10Χ,A15
4.0,Α10Χ,A16
4.0,Α10Χ,A17
4.0,Α10Χ,A18
4.0,Α10Χ,A19
4.0,Α12Α,A15
4.0,Α12Α,A16
4.0,Α12Α,C33
4.0,Α12Α,C34
4.0,Α12Α,C38
4.0,Α12Α,C78.0
4.0,Α12Α,C81
4.0,Α12Α,C82
4.0,Α12Α,C83
4.0,Α12Α,C88
4.0,Α12Α,C90
4.0,Α12Α,D38.1
4.0,Α12Α,D14.2
4.0,Α12Α,D14.3
4.0,Α12Α,D15.2
4.0,Α12Α,D38.1
4.0,Α12Α,D38.3
4.0,Α12Α,D86
4.0,Α12Α,E85
4.0,Α12Α,J84
4.0,Α12Α,R04.2
4.0,Α12Α,R05
4.0,Α12Α,R06.0
4.0,Α12Α,R06.1
4.0,Α12Α,R06.2
4.0,Α12Α,R09.3
4.0,Α12Α,R50
4.0,Α12Α,R59
4.0,Α12Α,R84
4.0,Α12Α,R91
4.0,Α12Α,R94.2
4.0,Α12Α,Τ17
4.0,Α12Μ,A15.2
4.0,Α12Μ,A15.3
4.0,Α12Μ,A15.4
4.0,Α12Μ,A15.8
4.0,Α12Μ,A16.3
4.0,Α12Μ,B20
4.0,Α12Μ,B21
4.0,Α12Μ,B22
4.0,Α12Μ,B23
4.0,Α12Μ,B24
4.0,Α12Μ,B44.0
4.0,Α12Μ,B47
4.0,Α12Μ,B67.1
4.0,Α12Μ,C33
4.0,Α12Μ,C34
4.0,Α12Μ,C38
4.0,Α12Μ,C77.1
4.0,Α12Μ,C78.0
4.0,Α12Μ,C78.1
4.0,Α12Μ,C81
4.0,Α12Μ,C82
4.0,Α12Μ,C83
4.0,Α12Μ,C85
4.0,Α12Μ,C97
4.0,Α12Μ,D14.2
4.0,Α12Μ,D14.3
4.0,Α12Μ,D15.2
4.0,Α12Μ,D38.1
4.0,Α12Μ,D38.3
4.0,Α12Μ,D86
4.0,Α12Μ,Ε84.0
4.0,Α12Μ,E85
4.0,Α12Μ,I88
4.0,Α12Μ,J10.0
4.0,Α12Μ,J11.0
4.0,Α12Μ,J12
4.0,Α12Μ,J13
4.0,Α12Μ,J14
4.0,Α12Μ,J15
4.0,Α12Μ,J16
4.0,Α12Μ,J17
4.0,Α12Μ,J18
4.0,Α12Μ,J45
4.0,Α12Μ,J21
4.0,Α12Μ,J22
4.0,Α12Μ,J41
4.0,Α12Μ,J42
4.0,Α12Μ,J43
4.0,Α12Μ,J44.0
4.0,Α12Μ,J44.1
4.0,Α12Μ,J60
4.0,Α12Μ,J61
4.0,Α12Μ,J62
4.0,Α12Μ,J63
4.0,Α12Μ,J64
4.0,Α12Μ,J67
4.0,Α12Μ,J70.1
4.0,Α12Μ,J70.2
4.0,Α12Μ,J70.3
4.0,Α12Μ,J82
4.0,Α12Μ,J84
4.0,Α12Μ,J84.0
4.0,Α12Μ,J84.1
4.0,Α12Μ,J84.8
4.0,Α12Μ,J84.9
4.0,Α12Μ,J85
4.0,Α12Μ,J85.1
4.0,Α12Μ,J98.0
4.0,Α12Μ,J99.1
4.0,Α12Μ,L04.8
4.0,Α12Μ,Q32
4.0,Α12Μ,Q33
4.0,Α12Μ,Q34
4.0,Α12Μ,R04.2
4.0,Α12Μ,R04.8
4.0,Α12Μ,R05
4.0,Α12Μ,R06
4.0,Α12Μ,R06.0
4.0,Α12Μ,R06.1
4.0,Α12Μ,R06.2
4.0,Α12Μ,R09.3
4.0,Α12Μ,R50
4.0,Α12Μ,R59
4.0,Α12Μ,R84
4.0,Α12Μ,R91
4.0,Α12Μ,R94.2
4.0,Α12Μ,Τ17
4.0,Α12Χ,A15.2
4.0,Α12Χ,A15.3
4.0,Α12Χ,A15.4
4.0,Α12Χ,A15.8
4.0,Α12Χ,A16.3
4.0,Α12Χ,B20
4.0,Α12Χ,B21
4.0,Α12Χ,B22
4.0,Α12Χ,B23
4.0,Α12Χ,B24
4.0,Α12Χ,B44.0
4.0,Α12Χ,B47
4.0,Α12Χ,B67.1
4.0,Α12Χ,C33
4.0,Α12Χ,C34
4.0,Α12Χ,C38
4.0,Α12Χ,C77.1
4.0,Α12Χ,C78.0
4.0,Α12Χ,C78.1
4.0,Α12Χ,C81
4.0,Α12Χ,C82
4.0,Α12Χ,C83
4.0,Α12Χ,C85
4.0,Α12Χ,C97
4.0,Α12Χ,D14.2
4.0,Α12Χ,D14.3
4.0,Α12Χ,D15.2
4.0,Α12Χ,D38.1
4.0,Α12Χ,D38.3
4.0,Α12Χ,D86
4.0,Α12Χ,Ε84.0
4.0,Α12Χ,E85
4.0,Α12Χ,I88
4.0,Α12Χ,J10.0
4.0,Α12Χ,J11.0
4.0,Α12Χ,J12
4.0,Α12Χ,J13
4.0,Α12Χ,J14
4.0,Α12Χ,J15
4.0,Α12Χ,J16
4.0,Α12Χ,J17
4.0,Α12Χ,J18
4.0,Α12Χ,J45
4.0,Α12Χ,J21
4.0,Α12Χ,J22
4.0,Α12Χ,J41
4.0,Α12Χ,J42
4.0,Α12Χ,J43
4.0,Α12Χ,J44.0
4.0,Α12Χ,J44.1
4.0,Α12Χ,J60
4.0,Α12Χ,J61
4.0,Α12Χ,J62
4.0,Α12Χ,J63
4.0,Α12Χ,J64
4.0,Α12Χ,J67
4.0,Α12Χ,J70.1
4.0,Α12Χ,J70.2
4.0,Α12Χ,J70.3
4.0,Α12Χ,J82
4.0,Α12Χ,J84
4.0,Α12Χ,J84.0
4.0,Α12Χ,J84.1
4.0,Α12Χ,J84.8
4.0,Α12Χ,J84.9
4.0,Α12Χ,J85
4.0,Α12Χ,J85.1
4.0,Α12Χ,J98.0
4.0,Α12Χ,J99.1
4.0,Α12Χ,L04.8
4.0,Α12Χ,Q32
4.0,Α12Χ,Q33
4.0,Α12Χ,Q34
4.0,Α12Χ,R04.2
4.0,Α12Χ,R04.8
4.0,Α12Χ,R05
4.0,Α12Χ,R06
4.0,Α12Χ,R06.0
4.0,Α12Χ,R06.1
4.0,Α12Χ,R06.2
4.0,Α12Χ,R09.3
4.0,Α12Χ,R50
4.0,Α12Χ,R59
4.0,Α12Χ,R84
4.0,Α12Χ,R91
4.0,Α12Χ,R94.2
4.0,Α12Χ,Τ17
4.0,Α20Μ,Ε84
4.0,Α20Μ,Ε84.0
4.0,Α20Χ,Ε84
4.0,Α20Χ,Ε84.0
4.0,Α21Μ,I26
4.0,Α21Μ,I26.0
4.0,Α21Χ,I26
4.0,Α21Χ,I26.9
4.0,Α22Μα,J10.0
4.0,Α22Μα,J11.0
4.0,Α22Μα,J12
4.0,Α22Μα,J13
4.0,Α22Μα,J14
4.0,Α22Μα,J15
4.0,Α22Μα,J16
4.0,Α22Μα,J17
4.0,Α22Μα,J18
4.0,Α22Μα,J47
4.0,Α22Μα,J85
4.0,Α22Μα,J86
4.0,Α22Μα,J96.0
4.0,Α22Μα,J96.1
4.0,Α22Μβ,J10.0
4.0,Α22Μβ,J11.0
4.0,Α22Μβ,J12
4.0,Α22Μβ,J13
4.0,Α22Μβ,J14
4.0,Α22Μβ,J15
4.0,Α22Μβ,J16
4.0,Α22Μβ,J17
4.0,Α22Μβ,J18
4.0,Α22Μβ,J20
4.0,Α22Μβ,J21
4.0,Α22Μβ,J22
4.0,Α22Μβ,J47
4.0,Α22Μβ,J85
4.0,Α22Μβ,J86
4.0,Α22Μβ,J96.0
4.0,Α22Μβ,J96.1
4.0,Α22Χ,J10.0
4.0,Α22Χ,J11.0
4.0,Α22Χ,J12
4.0,Α22Χ,J13
4.0,Α22Χ,J14
4.0,Α22Χ,J15
4.0,Α22Χ,J16
4.0,Α22Χ,J17
4.0,Α22Χ,J18
4.0,Α22Χ,J20
4.0,Α22Χ,J21
4.0,Α22Χ,J22
4.0,Α22Χ,J47
4.0,Α22Χ,J85
4.0,Α22Χ,J86
4.0,Α22Χ,J96.0
4.0,Α22Χ,J96.1
4.0,Α23Α,G47.3
4.0,Α24Μ,J81
4.0,Α24Μ,J96.0
4.0,Α24Μ,J96.1
4.0,Α24Χ,J81
4.0,Α24Χ,J96.0
4.0,Α24Χ,J96.1
4.0,Α25Μ,J41
4.0,Α25Μ,J42
4.0,Α25Μ,J43
4.0,Α25Μ,J44
4.0,Α25Μ,J44.0
4.0,Α25Μ,J44.1
4.0,Α25Μ,J44.8
4.0,Α25Μ,J44.9
4.0,Α25Μ,J96.0
4.0,Α25Μ,J96.1
4.0,Α25Χ,J41
4.0,Α25Χ,J42
4.0,Α25Χ,J43
4.0,Α25Χ,J44
4.0,Α25Χ,J44.0
4.0,Α25Χ,J44.1
4.0,Α25Χ,J44.8
4.0,Α25Χ,J44.9
4.0,Α25Χ,J96.0
4.0,Α25Χ,J96.1
4.0,Α26Μα,S21
4.0,Α26Μα,S22
4.0,Α26Μα,S23
4.0,Α26Μα,S24
4.0,Α26Μα,S25
4.0,Α26Μα,S26
4.0,Α26Μα,S27
4.0,Α26Μα,S28
4.0,Α26Μα,S29
4.0,Α26Μβ,S20
4.0,Α26Μβ,S21
4.0,Α26Μβ,S22
4.0,Α26Μβ,S23
4.0,Α26Μβ,S24
4.0,Α26Μβ,S25
4.0,Α26Μβ,S26
4.0,Α26Μβ,S27
4.0,Α26Μβ,S28
4.0,Α26Μβ,S29
4.0,Α26Χ,S20
4.0,Α26Χ,S21
4.0,Α26Χ,S22
4.0,Α26Χ,S23
4.0,Α26Χ,S24
4.0,Α26Χ,S25
4.0,Α26Χ,S26
4.0,Α26Χ,S27
4.0,Α26Χ,S28
4.0,Α26Χ,S29
4.0,Α27Μ,R04.2
4.0,Α27Μ,R04.8
4.0,Α27Μ,R05
4.0,Α27Μ,R06
4.0,Α27Μ,R06.0
4.0,Α27Μ,R06.1
4.0,Α27Μ,R06.2
4.0,Α27Μ,R07.1
4.0,Α27Μ,R07.3
4.0,Α27Μ,R09.0
4.0,Α27Μ,R09.1
4.0,Α27Μ,R09.2
4.0,Α27Μ,R09.3
4.0,Α27Μ,R59
4.0,Α27Μ,R68.3
4.0,Α27Χ,R04.2
4.0,Α27Χ,R04.8
4.0,Α27Χ,R05
4.0,Α27Χ,R06
4.0,Α27Χ,R06.0
4.0,Α27Χ,R06.1
4.0,Α27Χ,R06.2
4.0,Α27Χ,R07.1
4.0,Α27Χ,R07.3
4.0,Α27Χ,R09.0
4.0,Α27Χ,R09.1
4.0,Α27Χ,R09.2
4.0,Α27Χ,R09.3
4.0,Α27Χ,R59
4.0,Α27Χ,R68.3
4.0,Α28Μ,J93
4.0,Α28Μ,J93.0
4.0,Α28Μ,J93.1
4.0,Α28Μ,J93.8
4.0,Α28Μ,J93.9
4.0,Α28Χ,J93
4.0,Α28Χ,J93.0
4.0,Α28Χ,J93.1
4.0,Α28Χ,J93.8
4.0,Α28Χ,J93.9
4.0,Α29Μ,J45
4.0,Α29Μ,J46
4.0,Α29Μ,J40
4.0,Α29Μ,J41
4.0,Α29Μ,J42
4.0,Α29Μ,J20
4.0,Α29Χ,J45
4.0,Α29Χ,J40
4.0,Α29Χ,J41
4.0,Α29Χ,J42
4.0,Α29Χ,J20
4.0,Α30Μ,R05
4.0,Α30Μ,J21
4.0,Α30Χ,R05
4.0,Α30Χ,J21
4.0,Α31Μ,C33
4.0,Α31Μ,C34
4.0,Α31Μ,C38
4.0,Α31Μ,C39
4.0,Α31Μ,C45
4.0,Α31Μ,C77.1
4.0,Α31Μ,C78.0
4.0,Α31Μ,C78.1
4.0,Α31Μ,C78.2
4.0,Α31Μ,C78.3
4.0,Α31Μ,C81
4.0,Α31Μ,C82
4.0,Α31Μ,C83
4.0,Α31Μ,C85
4.0,Α31Μ,C97
4.0,Α31Μ,D14.2
4.0,Α31Μ,D14.3
4.0,Α31Μ,D14.4
4.0,Α31Μ,D15.2
4.0,Α31Μ,D15.7
4.0,Α31Μ,D15.9
4.0,Α31Μ,D17.4
4.0,Α31Μ,D19
4.0,Α31Μ,D38.1
4.0,Α31Μ,D38.2
4.0,Α31Μ,D38.3
4.0,Α31Μ,D38.5
4.0,Α31Μ,Z03.1
4.0,Α31Μ,Z08
4.0,Α31Μ,Ζ51.1
4.0,Α31Χ,C33
4.0,Α31Χ,C34
4.0,Α31Χ,C38
4.0,Α31Χ,C39
4.0,Α31Χ,C45
4.0,Α31Χ,C77.1
4.0,Α31Χ,C78.0
4.0,Α31Χ,C78.1
4.0,Α31Χ,C78.2
4.0,Α31Χ,C78.3
4.0,Α31Χ,C81
4.0,Α31Χ,C82
4.0,Α31Χ,C83
4.0,Α31Χ,C85
4.0,Α31Χ,C97
4.0,Α31Χ,D14.2
4.0,Α31Χ,D14.3
4.0,Α31Χ,D14.4
4.0,Α31Χ,D15.2
4.0,Α31Χ,D15.7
4.0,Α31Χ,D15.9
4.0,Α31Χ,D17.4
4.0,Α31Χ,D19
4.0,Α31Χ,D38.1
4.0,Α31Χ,D38.2
4.0,Α31Χ,D38.3
4.0,Α31Χ,D38.5
4.0,Α31Χ,Z03.1
4.0,Α31Χ,Z08
4.0,Α31Χ,Ζ51.1
4.0,Α32Α,Q32
4.0,Α32Α,Q33
4.0,Α32Α,Q34
4.0,Α33Μα,J90
4.0,Α33Μα,J91
4.0,Α33Μα,J94.0
4.0,Α33Μα,J94.2
4.0,Α33Μα,J86
4.0,Α33Μβ,J90
4.0,Α33Μβ,J91
4.0,Α33Μβ,J94.0
4.0,Α33Μβ,J94.2
4.0,Α33Χ,J90
4.0,Α33Χ,J91
4.0,Α33Χ,J94.0
4.0,Α33Χ,J94.2
4.0,Α34Μα,J60
4.0,Α34Μα,J61
4.0,Α34Μα,J62
4.0,Α34Μα,J63
4.0,Α34Μα,J64
4.0,Α34Μα,J67
4.0,Α34Μα,J68
4.0,Α34Μα,J69
4.0,Α34Μα,J70.1
4.0,Α34Μα,J70.2
4.0,Α34Μα,J70.3
4.0,Α34Μα,J80
4.0,Α34Μα,J82
4.0,Α34Μα,J84
4.0,Α34Μα,J84.0
4.0,Α34Μα,J84.1
4.0,Α34Μα,J84.8
4.0,Α34Μα,J84.9
4.0,Α34Μα,J96.0
4.0,Α34Μα,J96.1
4.0,Α34Μβ,J60
4.0,Α34Μβ,J61
4.0,Α34Μβ,J62
4.0,Α34Μβ,J63
4.0,Α34Μβ,J64
4.0,Α34Μβ,J67
4.0,Α34Μβ,J68
4.0,Α34Μβ,J69
4.0,Α34Μβ,J70.1
4.0,Α34Μβ,J70.2
4.0,Α34Μβ,J70.3
4.0,Α34Μβ,J80
4.0,Α34Μβ,J82
4.0,Α34Μβ,J84
4.0,Α34Μβ,J84.0
4.0,Α34Μβ,J84.1
4.0,Α34Μβ,J84.8
4.0,Α34Μβ,J84.9
4.0,Α34Μβ,J96.0
4.0,Α34Μβ,J96.1
4.0,Α34Χ,J60
4.0,Α34Χ,J61
4.0,Α34Χ,J62
4.0,Α34Χ,J63
4.0,Α34Χ,J64
4.0,Α34Χ,J67
4.0,Α34Χ,J68
4.0,Α34Χ,J69
4.0,Α34Χ,J70.1
4.0,Α34Χ,J70.2
4.0,Α34Χ,J70.3
4.0,Α34Χ,J80
4.0,Α34Χ,J82
4.0,Α34Χ,J84
4.0,Α34Χ,J84.0
4.0,Α34Χ,J84.1
4.0,Α34Χ,J84.8
4.0,Α34Χ,J84.9
4.0,Α34Χ,J96.0
4.0,Α34Χ,J96.1
4.0,Α35Μα,J98.8
4.0,Α35Μα,J98.9
4.0,Α35Μβ,J98.8
4.0,Α35Μβ,J98.9
4.0,Α35Χ,J98.8
4.0,Α35Χ,J98.9
4.0,Α36Α,A15
4.0,Α36Α,A16
4.0,Α36Α,A17
4.0,Α36Α,A18
4.0,Α36Α,A19
4.0,Α36Α,Z03.0
4.0,Ε06Μ,Ε84.0
4.0,Ε06Μ,I26.0
4.0,Ε06Μ,J10.0
4.0,Ε06Μ,J11.0
4.0,Ε06Μ,J12
4.0,Ε06Μ,J13
4.0,Ε06Μ,J14
4.0,Ε06Μ,J15
4.0,Ε06Μ,J16
4.0,Ε06Μ,J17
4.0,Ε06Μ,J18
4.0,Ε06Μ,J85.1
4.0,Ε06Μ,J81
4.0,Ε06Μ,J96.0
4.0,Ε06Μ,J43
4.0,Ε06Μ,J44.0
4.0,Ε06Μ,J44.1
4.0,Ε06Μ,R04.2
4.0,Ε06Μ,R04.8
4.0,Ε06Μ,R09.2
4.0,Ε06Μ,J93
4.0,Ε06Μ,J93.0
4.0,Ε06Μ,J93.1
4.0,Ε06Μ,J93.8
4.0,Ε06Μ,J93.9
4.0,Ε06Μ,J46
4.0,Ε06Μ,J94.0
4.0,Ε06Μ,J94.2
4.0,Ε06Μ,J86
4.0,Ε06Μ,J84
4.0,Ε06Μ,J84.0
4.0,Ε06Μ,J84.1
4.0,Ε06Μ,J84.8
4.0,Ε06Μ,J84.9
4.0,Ε06Μ,J60
4.0,Ε06Μ,J61
4.0,Ε06Μ,J62
4.0,Ε06Μ,J63
4.0,Ε06Μ,J64
4.0,Ε06Μ,J67
4.0,Ε06Μ,J70.1
4.0,Ε06Μ,J70.2
4.0,Ε06Μ,J70.3
4.0,Ε06Μ,J98.8
4.0,Ε06Μ,J98.9
4.0,Ε06Μ,A15
4.0,Ε06Μ,A16
4.0,Ε06Μ,A17
4.0,Ε06Μ,A18
4.0,Ε06Μ,A19
4.0,Ε06Χα,Ε84.0
4.0,Ε06Χα,I26.0
4.0,Ε06Χα,J10.0
4.0,Ε06Χα,J11.0
4.0,Ε06Χα,J12
4.0,Ε06Χα,J13
4.0,Ε06Χα,J14
4.0,Ε06Χα,J15
4.0,Ε06Χα,J16
4.0,Ε06Χα,J17
4.0,Ε06Χα,J18
4.0,Ε06Χα,J85.1
4.0,Ε06Χα,J81
4.0,Ε06Χα,J96.0
4.0,Ε06Χα,J43
4.0,Ε06Χα,J44.0
4.0,Ε06Χα,J44.1
4.0,Ε06Χα,R04.2
4.0,Ε06Χα,R04.8
4.0,Ε06Χα,R09.2
4.0,Ε06Χα,J93
4.0,Ε06Χα,J93.0
4.0,Ε06Χα,J93.1
4.0,Ε06Χα,J93.8
4.0,Ε06Χα,J93.9
4.0,Ε06Χα,J46
4.0,Ε06Χα,J94.0
4.0,Ε06Χα,J94.2
4.0,Ε06Χα,J86
4.0,Ε06Χα,J84
4.0,Ε06Χα,J84.0
4.0,Ε06Χα,J84.1
4.0,Ε06Χα,J84.8
4.0,Ε06Χα,J84.9
4.0,Ε06Χα,J60
4.0,Ε06Χα,J61
4.0,Ε06Χα,J62
4.0,Ε06Χα,J63
4.0,Ε06Χα,J64
4.0,Ε06Χα,J67
4.0,Ε06Χα,J70.1
4.0,Ε06Χα,J70.2
4.0,Ε06Χα,J70.3
4.0,Ε06Χα,J98.8
4.0,Ε06Χα,J98.9
4.0,Ε06Χα,A15
4.0,Ε06Χα,A16
4.0,Ε06Χα,A17
4.0,Ε06Χα,A18
4.0,Ε06Χα,A19
4.0,Ε06Χβ,Ε84.0
4.0,Ε06Χβ,I26.0
4.0,Ε06Χβ,J10.0
4.0,Ε06Χβ,J11.0
4.0,Ε06Χβ,J12
4.0,Ε06Χβ,J13
4.0,Ε06Χβ,J14
4.0,Ε06Χβ,J15
4.0,Ε06Χβ,J16
4.0,Ε06Χβ,J17
4.0,Ε06Χβ,J18
4.0,Ε06Χβ,J85.1
4.0,Ε06Χβ,J81
4.0,Ε06Χβ,J96.0
4.0,Ε06Χβ,J43
4.0,Ε06Χβ,J44.0
4.0,Ε06Χβ,J44.1
4.0,Ε06Χβ,R04.2
4.0,Ε06Χβ,R04.8
4.0,Ε06Χβ,R09.2
4.0,Ε06Χβ,J93
4.0,Ε06Χβ,J93.0
4.0,Ε06Χβ,J93.1
4.0,Ε06Χβ,J93.8
4.0,Ε06Χβ,J93.9
4.0,Ε06Χβ,J46
4.0,Ε06Χβ,J94.0
4.0,Ε06Χβ,J94.2
4.0,Ε06Χβ,J86
4.0,Ε06Χβ,J84
4.0,Ε06Χβ,J84.0
4.0,Ε06Χβ,J84.1
4.0,Ε06Χβ,J84.8
4.0,Ε06Χβ,J84.9
4.0,Ε06Χβ,J60
4.0,Ε06Χβ,J61
4.0,Ε06Χβ,J62
4.0,Ε06Χβ,J63
4.0,Ε06Χβ,J64
4.0,Ε06Χβ,J67
4.0,Ε06Χβ,J70.1
4.0,Ε06Χβ,J70.2
4.0,Ε06Χβ,J70.3
4.0,Ε06Χβ,J98.8
4.0,Ε06Χβ,J98.9
4.0,Ε06Χβ,A15
4.0,Ε06Χβ,A16
4.0,Ε06Χβ,A17
4.0,Ε06Χβ,A18
4.0,Ε06Χβ,A19
5.0,Ε03Α,R09.2
5.0,Ε04Α,J96
5.0,Ε04Α,J96.1
5.0,Ε05Α,I42
5.0,Ε05Α,I42.0
5.0,Ε05Α,I42.1
5.0,Ε05Α,I50
5.0,Ε05Α,I50.0
5.0,Ε05Α,I50.1
5.0,Ε05Α,I50.9
5.0,Ε05Α,I42.6
5.0,Ε05Α,I42.8
5.0,Ε05Α,I42.9
5.0,Ε05Α,I43
5.0,Ε06Μ,I05
5.0,Ε06Μ,I05.0
5.0,Ε06Μ,I05.1
5.0,Ε06Μ,I05.2
5.0,Ε06Μ,I05.8
5.0,Ε06Μ,I05.9
5.0,Ε06Μ,I06
5.0,Ε06Μ,I06.0
5.0,Ε06Μ,I06.1
5.0,Ε06Μ,I06.2
5.0,Ε06Μ,I06.8
5.0,Ε06Μ,I06.9
5.0,Ε06Μ,I07
5.0,Ε06Μ,I07.0
5.0,Ε06Μ,I07.1
5.0,Ε06Μ,I07.2
5.0,Ε06Μ,I07.8
5.0,Ε06Μ,I07.9
5.0,Ε06Μ,I08
5.0,Ε06Μ,I08.0
5.0,Ε06Μ,I08.1
5.0,Ε06Μ,I08.2
5.0,Ε06Μ,I08.3
5.0,Ε06Μ,I08.8
5.0,Ε06Μ,I09.1
5.0,Ε06Μ,I34
5.0,Ε06Μ,I34.0
5.0,Ε06Μ,I34.1
5.0,Ε06Μ,I34.2
5.0,Ε06Μ,I34.8
5.0,Ε06Μ,I34.9
5.0,Ε06Μ,I35
5.0,Ε06Μ,I35.0
5.0,Ε06Μ,I35.1
5.0,Ε06Μ,I35.2
5.0,Ε06Μ,I35.8
5.0,Ε06Μ,I35.9
5.0,Ε06Μ,I36
5.0,Ε06Μ,I36.0
5.0,Ε06Μ,I36.1
5.0,Ε06Μ,I36.8
5.0,Ε06Μ,I36.9
5.0,Ε06Μ,I38
5.0,Ε06Μ,I39
5.0,Ε06Μ,I39.0
5.0,Ε06Μ,I39.1
5.0,Ε06Μ,I39.2
5.0,Ε06Μ,I39.3
5.0,Ε06Μ,I39.4
5.0,Ε06Μ,I39.8
5.0,Ε06Χα,I05
5.0,Ε06Χα,I05.0
5.0,Ε06Χα,I05.1
5.0,Ε06Χα,I05.2
5.0,Ε06Χα,I05.8
5.0,Ε06Χα,I05.9
5.0,Ε06Χα,I06
5.0,Ε06Χα,I06.0
5.0,Ε06Χα,I06.1
5.0,Ε06Χα,I06.2
5.0,Ε06Χα,I06.8
5.0,Ε06Χα,I06.9
5.0,Ε06Χα,I07
5.0,Ε06Χα,I07.0
5.0,Ε06Χα,I07.1
5.0,Ε06Χα,I07.2
5.0,Ε06Χα,I07.8
5.0,Ε06Χα,I07.9
5.0,Ε06Χα,I08
5.0,Ε06Χα,I08.0
5.0,Ε06Χα,I08.1
5.0,Ε06Χα,I08.2
5.0,Ε06Χα,I08.3
5.0,Ε06Χα,I08.8
5.0,Ε06Χα,I09.1
5.0,Ε06Χα,I34
5.0,Ε06Χα,I34.0
5.0,Ε06Χα,I34.1
5.0,Ε06Χα,I34.2
5.0,Ε06Χα,I34.8
5.0,Ε06Χα,I34.9
5.0,Ε06Χα,I35
5.0,Ε06Χα,I35.0
5.0,Ε06Χα,I35.1
5.0,Ε06Χα,I35.2
5.0,Ε06Χα,I35.8
5.0,Ε06Χα,I35.9
5.0,Ε06Χα,I36
5.0,Ε06Χα,I36.0
5.0,Ε06Χα,I36.1
5.0,Ε06Χα,I36.8
5.0,Ε06Χα,I36.9
5.0,Ε06Χα,I38
5.0,Ε06Χα,I39
5.0,Ε06Χα,I39.0
5.0,Ε06Χα,I39.1
5.0,Ε06Χα,I39.2
5.0,Ε06Χα,I39.3
5.0,Ε06Χα,I39.4
5.0,Ε06Χα,I39.8
5.0,Ε06Χβ,I05
5.0,Ε06Χβ,I05.0
5.0,Ε06Χβ,I05.1
5.0,Ε06Χβ,I05.2
5.0,Ε06Χβ,I05.8
5.0,Ε06Χβ,I05.9
5.0,Ε06Χβ,I06
5.0,Ε06Χβ,I06.0
5.0,Ε06Χβ,I06.1
5.0,Ε06Χβ,I06.2
5.0,Ε06Χβ,I06.8
5.0,Ε06Χβ,I06.9
5.0,Ε06Χβ,I07
5.0,Ε06Χβ,I07.0
5.0,Ε06Χβ,I07.1
5.0,Ε06Χβ,I07.2
5.0,Ε06Χβ,I07.8
5.0,Ε06Χβ,I07.9
5.0,Ε06Χβ,I08
5.0,Ε06Χβ,I08.0
5.0,Ε06Χβ,I08.1
5.0,Ε06Χβ,I08.2
5.0,Ε06Χβ,I08.3
5.0,Ε06Χβ,I08.8
5.0,Ε06Χβ,I09.1
5.0,Ε06Χβ,I34
5.0,Ε06Χβ,I34.0
5.0,Ε06Χβ,I34.1
5.0,Ε06Χβ,I34.2
5.0,Ε06Χβ,I34.8
5.0,Ε06Χβ,I34.9
5.0,Ε06Χβ,I35
5.0,Ε06Χβ,I35.0
5.0,Ε06Χβ,I35.1
5.0,Ε06Χβ,I35.2
5.0,Ε06Χβ,I35.8
5.0,Ε06Χβ,I35.9
5.0,Ε06Χβ,I36
5.0,Ε06Χβ,I36.0
5.0,Ε06Χβ,I36.1
5.0,Ε06Χβ,I36.8
5.0,Ε06Χβ,I36.9
5.0,Ε06Χβ,I38
5.0,Ε06Χβ,I39
5.0,Ε06Χβ,I39.0
5.0,Ε06Χβ,I39.1
5.0,Ε06Χβ,I39.2
5.0,Ε06Χβ,I39.3
5.0,Ε06Χβ,I39.4
5.0,Ε06Χβ,I39.8
5.0,Ε06Χγ,I05
5.0,Ε06Χγ,I05.0
5.0,Ε06Χγ,I05.1
5.0,Ε06Χγ,I05.2
5.0,Ε06Χγ,I05.8
5.0,Ε06Χγ,I05.9
5.0,Ε06Χγ,I06
5.0,Ε06Χγ,I06.0
5.0,Ε06Χγ,I06.1
5.0,Ε06Χγ,I06.2
5.0,Ε06Χγ,I06.8
5.0,Ε06Χγ,I06.9
5.0,Ε06Χγ,I07
5.0,Ε06Χγ,I07.0
5.0,Ε06Χγ,I07.1
5.0,Ε06Χγ,I07.2
5.0,Ε06Χγ,I07.8
5.0,Ε06Χγ,I07.9
5.0,Ε06Χγ,I08
5.0,Ε06Χγ,I08.0
5.0,Ε06Χγ,I08.1
5.0,Ε06Χγ,I08.2
5.0,Ε06Χγ,I08.3
5.0,Ε06Χγ,I08.8
5.0,Ε06Χγ,I09.1
5.0,Ε06Χγ,I34
5.0,Ε06Χγ,I34.0
5.0,Ε06Χγ,I34.1
5.0,Ε06Χγ,I34.2
5.0,Ε06Χγ,I34.8
5.0,Ε06Χγ,I34.9
5.0,Ε06Χγ,I35
5.0,Ε06Χγ,I35.0
5.0,Ε06Χγ,I35.1
5.0,Ε06Χγ,I35.2
5.0,Ε06Χγ,I35.8
5.0,Ε06Χγ,I35.9
5.0,Ε06Χγ,I36
5.0,Ε06Χγ,I36.0
5.0,Ε06Χγ,I36.1
5.0,Ε06Χγ,I36.8
5.0,Ε06Χγ,I36.9
5.0,Ε06Χγ,I38
5.0,Ε06Χγ,I39
5.0,Ε06Χγ,I39.0
5.0,Ε06Χγ,I39.1
5.0,Ε06Χγ,I39.2
5.0,Ε06Χγ,I39.3
5.0,Ε06Χγ,I39.4
5.0,Ε06Χγ,I39.8
5.0,Ε10Α,I42
5.0,Ε10Α,I42.0
5.0,Ε10Α,I42.1
5.0,Ε10Α,I43
5.0,Ε13Α,I05
5.0,Ε13Α,I05.0
5.0,Ε13Α,I05.1
5.0,Ε13Α,I05.2
5.0,Ε13Α,I05.8
5.0,Ε13Α,I05.9
5.0,Ε13Α,I06
5.0,Ε13Α,I06.0
5.0,Ε13Α,I06.1
5.0,Ε13Α,I06.2
5.0,Ε13Α,I06.8
5.0,Ε13Α,I06.9
5.0,Ε13Α,I07
5.0,Ε13Α,I07.0
5.0,Ε13Α,I07.1
5.0,Ε13Α,I07.2
5.0,Ε13Α,I07.8
5.0,Ε13Α,I07.9
5.0,Ε13Α,I08
5.0,Ε13Α,I08.0
5.0,Ε13Α,I08.1
5.0,Ε13Α,I08.2
5.0,Ε13Α,I08.3
5.0,Ε13Α,I08.8
5.0,Ε13Α,I09.1
5.0,Ε13Α,I34
5.0,Ε13Α,I34.0
5.0,Ε13Α,I34.1
5.0,Ε13Α,I34.2
5.0,Ε13Α,I34.8
5.0,Ε13Α,I34.9
5.0,Ε13Α,I35
5.0,Ε13Α,I35.0
5.0,Ε13Α,I35.1
5.0,Ε13Α,I35.2
5.0,Ε13Α,I35.8
5.0,Ε13Α,I35.9
5.0,Ε13Α,I36
5.0,Ε13Α,I36.0
5.0,Ε13Α,I36.1
5.0,Ε13Α,I36.8
5.0,Ε13Α,I36.9
5.0,Ε13Α,I38
5.0,Ε13Α,I39
5.0,Ε13Α,I39.0
5.0,Ε13Α,I39.1
5.0,Ε13Α,I39.2
5.0,Ε13Α,I39.3
5.0,Ε13Α,I39.4
5.0,Ε13Α,I39.8
5.0,Ε13Α,I37
5.0,Ε13Α,I40
5.0,Ε13Α,I41
5.0,Ε13Α,I42
5.0,Ε13Α,I43
5.0,Ε13Α,I46
5.0,Ε13Α,Q20
5.0,Ε13Α,Q21
5.0,Ε13Α,Q22
5.0,Ε13Α,Q23
5.0,Ε13Α,Q24
5.0,Ε13Α,Q25
5.0,Ε13Α,Q26
5.0,Ε13Α,Q27
5.0,Ε13Α,Q28
5.0,Κ01Μ,I05
5.0,Κ01Μ,I05.0
5.0,Κ01Μ,I05.1
5.0,Κ01Μ,I05.2
5.0,Κ01Μ,I05.8
5.0,Κ01Μ,I05.9
5.0,Κ01Μ,I06
5.0,Κ01Μ,I06.0
5.0,Κ01Μ,I06.1
5.0,Κ01Μ,I06.2
5.0,Κ01Μ,I06.8
5.0,Κ01Μ,I06.9
5.0,Κ01Μ,I07
5.0,Κ01Μ,I07.0
5.0,Κ01Μ,I07.1
5.0,Κ01Μ,I07.2
5.0,Κ01Μ,I07.8
5.0,Κ01Μ,I07.9
5.0,Κ01Μ,I08
5.0,Κ01Μ,I08.0
5.0,Κ01Μ,I08.1
5.0,Κ01Μ,I08.2
5.0,Κ01Μ,I08.3
5.0,Κ01Μ,I08.8
5.0,Κ01Μ,I09.1
5.0,Κ01Μ,I34
5.0,Κ01Μ,I34.0
5.0,Κ01Μ,I34.1
5.0,Κ01Μ,I34.2
5.0,Κ01Μ,I34.8
5.0,Κ01Μ,I34.9
5.0,Κ01Μ,I35
5.0,Κ01Μ,I35.0
5.0,Κ01Μ,I35.1
5.0,Κ01Μ,I35.2
5.0,Κ01Μ,I35.8
5.0,Κ01Μ,I35.9
5.0,Κ01Μ,I36
5.0,Κ01Μ,I36.0
5.0,Κ01Μ,I36.1
5.0,Κ01Μ,I36.8
5.0,Κ01Μ,I36.9
5.0,Κ01Μ,I38
5.0,Κ01Μ,I39
5.0,Κ01Μ,I39.0
5.0,Κ01Μ,I39.1
5.0,Κ01Μ,I39.2
5.0,Κ01Μ,I39.3
5.0,Κ01Μ,I39.4
5.0,Κ01Μ,I39.8
5.0,Κ01Μ,I33
5.0,Κ01Μ,M05.3
5.0,Κ01Χ,I05
5.0,Κ01Χ,I05.0
5.0,Κ01Χ,I05.1
5.0,Κ01Χ,I05.2
5.0,Κ01Χ,I05.8
5.0,Κ01Χ,I05.9
5.0,Κ01Χ,I06
5.0,Κ01Χ,I06.0
5.0,Κ01Χ,I06.1
5.0,Κ01Χ,I06.2
5.0,Κ01Χ,I06.8
5.0,Κ01Χ,I06.9
5.0,Κ01Χ,I07
5.0,Κ01Χ,I07.0
5.0,Κ01Χ,I07.1
5.0,Κ01Χ,I07.2
5.0,Κ01Χ,I07.8
5.0,Κ01Χ,I07.9
5.0,Κ01Χ,I08
5.0,Κ01Χ,I08.0
5.0,Κ01Χ,I08.1
5.0,Κ01Χ,I08.2
5.0,Κ01Χ,I08.3
5.0,Κ01Χ,I08.8
5.0,Κ01Χ,I09.1
5.0,Κ01Χ,I34
5.0,Κ01Χ,I34.0
5.0,Κ01Χ,I34.1
5.0,Κ01Χ,I34.2
5.0,Κ01Χ,I34.8
5.0,Κ01Χ,I34.9
5.0,Κ01Χ,I35
5.0,Κ01Χ,I35.0
5.0,Κ01Χ,I35.1
5.0,Κ01Χ,I35.2
5.0,Κ01Χ,I35.8
5.0,Κ01Χ,I35.9
5.0,Κ01Χ,I36
5.0,Κ01Χ,I36.0
5.0,Κ01Χ,I36.1
5.0,Κ01Χ,I36.8
5.0,Κ01Χ,I36.9
5.0,Κ01Χ,I38
5.0,Κ01Χ,I39
5.0,Κ01Χ,I39.0
5.0,Κ01Χ,I39.1
5.0,Κ01Χ,I39.2
5.0,Κ01Χ,I39.3
5.0,Κ01Χ,I39.4
5.0,Κ01Χ,I39.8
5.0,Κ02Α,I05
5.0,Κ02Α,I05.0
5.0,Κ02Α,I05.1
5.0,Κ02Α,I05.2
5.0,Κ02Α,I05.8
5.0,Κ02Α,I05.9
5.0,Κ02Α,I06
5.0,Κ02Α,I06.0
5.0,Κ02Α,I06.1
5.0,Κ02Α,I06.2
5.0,Κ02Α,I06.8
5.0,Κ02Α,I06.9
5.0,Κ02Α,I07
5.0,Κ02Α,I07.0
5.0,Κ02Α,I07.1
5.0,Κ02Α,I07.2
5.0,Κ02Α,I07.8
5.0,Κ02Α,I07.9
5.0,Κ02Α,I08
5.0,Κ02Α,I08.0
5.0,Κ02Α,I08.1
5.0,Κ02Α,I08.2
5.0,Κ02Α,I08.3
5.0,Κ02Α,I08.8
5.0,Κ02Α,I09.1
5.0,Κ02Α,I34
5.0,Κ02Α,I34.0
5.0,Κ02Α,I34.1
5.0,Κ02Α,I34.2
5.0,Κ02Α,I34.8
5.0,Κ02Α,I34.9
5.0,Κ02Α,I35
5.0,Κ02Α,I35.0
5.0,Κ02Α,I35.1
5.0,Κ02Α,I35.2
5.0,Κ02Α,I35.8
5.0,Κ02Α,I35.9
5.0,Κ02Α,I36
5.0,Κ02Α,I36.0
5.0,Κ02Α,I36.1
5.0,Κ02Α,I36.8
5.0,Κ02Α,I36.9
5.0,Κ02Α,I38
5.0,Κ02Α,I39
5.0,Κ02Α,I39.0
5.0,Κ02Α,I39.1
5.0,Κ02Α,I39.2
5.0,Κ02Α,I39.3
5.0,Κ02Α,I39.4
5.0,Κ02Α,I39.8
5.0,Κ03Μ,I06
5.0,Κ03Μ,I06.0
5.0,Κ03Μ,I06.1
5.0,Κ03Μ,I06.2
5.0,Κ03Μ,I06.8
5.0,Κ03Μ,I06.9
5.0,Κ03Μ,I33
5.0,Κ03Μ,I37
5.0,Κ03Μ,I38
5.0,Κ03Μ,I39
5.0,Κ03Μ,I08
5.0,Κ03Μ,I08.0
5.0,Κ03Μ,I08.1
5.0,Κ03Μ,I08.2
5.0,Κ03Μ,I08.3
5.0,Κ03Μ,I08.8
5.0,Κ03Μ,I09.1
5.0,Κ03Μ,I34
5.0,Κ03Μ,I34.0
5.0,Κ03Μ,I34.1
5.0,Κ03Μ,I34.2
5.0,Κ03Μ,I34.8
5.0,Κ03Μ,I34.9
5.0,Κ03Μ,I35
5.0,Κ03Μ,I35.0
5.0,Κ03Μ,I35.2
5.0,Κ03Μ,I35.8
5.0,Κ03Μ,I35.9
5.0,Κ03Μ,I39.0
5.0,Κ03Μ,I39.1
5.0,Κ03Μ,I39.3
5.0,Κ03Μ,I39.4
5.0,Κ03Μ,I39.8
5.0,Κ03Χ,I06
5.0,Κ03Χ,I06.0
5.0,Κ03Χ,I06.1
5.0,Κ03Χ,I06.2
5.0,Κ03Χ,I06.8
5.0,Κ03Χ,I06.9
5.0,Κ03Χ,I33
5.0,Κ03Χ,I37
5.0,Κ03Χ,I38
5.0,Κ03Χ,I39
5.0,Κ03Χ,I08
5.0,Κ03Χ,I08.0
5.0,Κ03Χ,I08.1
5.0,Κ03Χ,I08.2
5.0,Κ03Χ,I08.3
5.0,Κ03Χ,I08.8
5.0,Κ03Χ,I09.1
5.0,Κ03Χ,I34
5.0,Κ03Χ,I34.0
5.0,Κ03Χ,I34.1
5.0,Κ03Χ,I34.2
5.0,Κ03Χ,I34.8
5.0,Κ03Χ,I34.9
5.0,Κ03Χ,I35
5.0,Κ03Χ,I35.0
5.0,Κ03Χ,I35.2
5.0,Κ03Χ,I35.8
5.0,Κ03Χ,I35.9
5.0,Κ03Χ,I39.0
5.0,Κ03Χ,I39.1
5.0,Κ03Χ,I39.3
5.0,Κ03Χ,I39.4
5.0,Κ03Χ,I39.8
5.0,Κ04Μ,I05
5.0,Κ04Μ,I05.0
5.0,Κ04Μ,I05.1
5.0,Κ04Μ,I05.2
5.0,Κ04Μ,I05.8
5.0,Κ04Μ,I05.9
5.0,Κ04Μ,I06
5.0,Κ04Μ,I06.0
5.0,Κ04Μ,I06.1
5.0,Κ04Μ,I06.2
5.0,Κ04Μ,I06.8
5.0,Κ04Μ,I06.9
5.0,Κ04Μ,I07
5.0,Κ04Μ,I07.0
5.0,Κ04Μ,I07.1
5.0,Κ04Μ,I07.2
5.0,Κ04Μ,I07.8
5.0,Κ04Μ,I07.9
5.0,Κ04Μ,I08
5.0,Κ04Μ,I08.0
5.0,Κ04Μ,I08.1
5.0,Κ04Μ,I08.2
5.0,Κ04Μ,I08.3
5.0,Κ04Μ,I08.8
5.0,Κ04Μ,I09.1
5.0,Κ04Μ,I34
5.0,Κ04Μ,I34.0
5.0,Κ04Μ,I34.1
5.0,Κ04Μ,I34.2
5.0,Κ04Μ,I34.8
5.0,Κ04Μ,I34.9
5.0,Κ04Μ,I35
5.0,Κ04Μ,I35.0
5.0,Κ04Μ,I35.1
5.0,Κ04Μ,I35.2
5.0,Κ04Μ,I35.8
5.0,Κ04Μ,I35.9
5.0,Κ04Μ,I36
5.0,Κ04Μ,I36.0
5.0,Κ04Μ,I36.1
5.0,Κ04Μ,I36.8
5.0,Κ04Μ,I36.9
5.0,Κ04Μ,I38
5.0,Κ04Μ,I39
5.0,Κ04Μ,I39.0
5.0,Κ04Μ,I39.1
5.0,Κ04Μ,I39.2
5.0,Κ04Μ,I39.3
5.0,Κ04Μ,I39.4
5.0,Κ04Μ,I39.8
5.0,Κ04Μ,I33
5.0,Κ04Μ,I37
5.0,Κ04Χ,I05
5.0,Κ04Χ,I05.0
5.0,Κ04Χ,I05.1
5.0,Κ04Χ,I05.2
5.0,Κ04Χ,I05.8
5.0,Κ04Χ,I05.9
5.0,Κ04Χ,I06
5.0,Κ04Χ,I06.0
5.0,Κ04Χ,I06.1
5.0,Κ04Χ,I06.2
5.0,Κ04Χ,I06.8
5.0,Κ04Χ,I06.9
5.0,Κ04Χ,I07
5.0,Κ04Χ,I07.0
5.0,Κ04Χ,I07.1
5.0,Κ04Χ,I07.2
5.0,Κ04Χ,I07.8
5.0,Κ04Χ,I07.9
5.0,Κ04Χ,I08
5.0,Κ04Χ,I08.0
5.0,Κ04Χ,I08.1
5.0,Κ04Χ,I08.2
5.0,Κ04Χ,I08.3
5.0,Κ04Χ,I08.8
5.0,Κ04Χ,I09.1
5.0,Κ04Χ,I34
5.0,Κ04Χ,I34.0
5.0,Κ04Χ,I34.1
5.0,Κ04Χ,I34.2
5.0,Κ04Χ,I34.8
5.0,Κ04Χ,I34.9
5.0,Κ04Χ,I35
5.0,Κ04Χ,I35.0
5.0,Κ04Χ,I35.1
5.0,Κ04Χ,I35.2
5.0,Κ04Χ,I35.8
5.0,Κ04Χ,I35.9
5.0,Κ04Χ,I36
5.0,Κ04Χ,I36.0
5.0,Κ04Χ,I36.1
5.0,Κ04Χ,I36.8
5.0,Κ04Χ,I36.9
5.0,Κ04Χ,I38
5.0,Κ04Χ,I39
5.0,Κ04Χ,I39.0
5.0,Κ04Χ,I39.1
5.0,Κ04Χ,I39.2
5.0,Κ04Χ,I39.3
5.0,Κ04Χ,I39.4
5.0,Κ04Χ,I39.8
5.0,Κ04Χ,I33
5.0,Κ04Χ,I37
5.0,Κ05Μ,I25.1
5.0,Κ05Μ,I25.4
5.0,Κ05Μ,I25
5.0,Κ05Μ,T82.2
5.0,Κ05Μ,Z95
5.0,Κ05Χ,I25.1
5.0,Κ05Χ,I25.4
5.0,Κ05Χ,I25
5.0,Κ06Μ,I25.1
5.0,Κ06Μ,I25.4
5.0,Κ06Μ,I25
5.0,Κ06Μ,T82.2
5.0,Κ06Μ,Z95
5.0,Κ06Χ,I25.1
5.0,Κ06Χ,I25.4
5.0,Κ06Χ,I25
5.0,Κ07Μα,I23.0
5.0,Κ07Μα,I23.1
5.0,Κ07Μα,I23.2
5.0,Κ07Μα,I23.3
5.0,Κ07Μα,I23.4
5.0,Κ07Μα,I23.5
5.0,Κ07Μα,I28.0
5.0,Κ07Μα,I28.1
5.0,Κ07Μα,I28.8
5.0,Κ07Μα,I31.0
5.0,Κ07Μα,I31.1
5.0,Κ07Μα,I31.2
5.0,Κ07Μα,I51.0
5.0,Κ07Μα,I51.1
5.0,Κ07Μα,I51.2
5.0,Κ07Μα,I71
5.0,Κ07Μα,I71.0
5.0,Κ07Μα,I71.1
5.0,Κ07Μα,I71.2
5.0,Κ07Μα,I71.5
5.0,Κ07Μα,I71.6
5.0,Κ07Μα,I71.8
5.0,Κ07Μα,I71.9
5.0,Κ07Μα,I79.0
5.0,Κ07Μβ,I23.0
5.0,Κ07Μβ,I23.1
5.0,Κ07Μβ,I23.2
5.0,Κ07Μβ,I23.3
5.0,Κ07Μβ,I23.4
5.0,Κ07Μβ,I23.5
5.0,Κ07Μβ,I28.0
5.0,Κ07Μβ,I28.1
5.0,Κ07Μβ,I28.8
5.0,Κ07Μβ,I31.0
5.0,Κ07Μβ,I31.1
5.0,Κ07Μβ,I31.2
5.0,Κ07Μβ,I51.0
5.0,Κ07Μβ,I51.1
5.0,Κ07Μβ,I51.2
5.0,Κ07Μβ,I71
5.0,Κ07Μβ,I71.0
5.0,Κ07Μβ,I71.1
5.0,Κ07Μβ,I71.2
5.0,Κ07Μβ,I71.5
5.0,Κ07Μβ,I71.6
5.0,Κ07Μβ,I71.8
5.0,Κ07Μβ,I71.9
5.0,Κ07Μβ,I79.0
5.0,Κ07Χ,I23.0
5.0,Κ07Χ,I23.1
5.0,Κ07Χ,I23.2
5.0,Κ07Χ,I23.3
5.0,Κ07Χ,I23.4
5.0,Κ07Χ,I23.5
5.0,Κ07Χ,I28.0
5.0,Κ07Χ,I28.1
5.0,Κ07Χ,I28.8
5.0,Κ07Χ,I31.0
5.0,Κ07Χ,I31.1
5.0,Κ07Χ,I31.2
5.0,Κ07Χ,I51.0
5.0,Κ07Χ,I51.1
5.0,Κ07Χ,I51.2
5.0,Κ07Χ,I71
5.0,Κ07Χ,I71.0
5.0,Κ07Χ,I71.1
5.0,Κ07Χ,I71.2
5.0,Κ07Χ,I71.5
5.0,Κ07Χ,I71.6
5.0,Κ07Χ,I71.8
5.0,Κ07Χ,I71.9
5.0,Κ07Χ,I79.0
5.0,Κ08Μ,I65.2
5.0,Κ08Χ,I65.2
5.0,Κ09Μα,I30
5.0,Κ09Μα,I30.9
5.0,Κ09Μα,I31.2
5.0,Κ09Μα,I31.9
5.0,Κ09Μα,I48
5.0,Κ09Μβ,I30
5.0,Κ09Μβ,I30.9
5.0,Κ09Μβ,I31.2
5.0,Κ09Μβ,I31.9
5.0,Κ09Μβ,I48
5.0,Κ09Χ,I30
5.0,Κ09Χ,I30.9
5.0,Κ09Χ,I31.2
5.0,Κ09Χ,I31.9
5.0,Κ09Χ,I48
5.0,Κ10Μ,I23
5.0,Κ10Μ,I24
5.0,Κ10Μ,I25
5.0,Κ10Χ,I23
5.0,Κ12Μ,I44.2
5.0,Κ12Μ,I44.3
5.0,Κ12Μ,I45
5.0,Κ12Μ,I05
5.0,Κ12Μ,I05.0
5.0,Κ12Μ,I05.1
5.0,Κ12Μ,I05.2
5.0,Κ12Μ,I05.8
5.0,Κ12Μ,I05.9
5.0,Κ12Μ,I06
5.0,Κ12Μ,I06.0
5.0,Κ12Μ,I06.1
5.0,Κ12Μ,I06.2
5.0,Κ12Μ,I06.8
5.0,Κ12Μ,I06.9
5.0,Κ12Μ,I07
5.0,Κ12Μ,I07.0
5.0,Κ12Μ,I07.1
5.0,Κ12Μ,I07.2
5.0,Κ12Μ,I07.8
5.0,Κ12Μ,I07.9
5.0,Κ12Μ,I08
5.0,Κ12Μ,I08.0
5.0,Κ12Μ,I08.1
5.0,Κ12Μ,I08.2
5.0,Κ12Μ,I08.3
5.0,Κ12Μ,I08.8
5.0,Κ12Μ,I09.1
5.0,Κ12Μ,I34
5.0,Κ12Μ,I34.0
5.0,Κ12Μ,I34.1
5.0,Κ12Μ,I34.2
5.0,Κ12Μ,I34.8
5.0,Κ12Μ,I34.9
5.0,Κ12Μ,I35
5.0,Κ12Μ,I35.0
5.0,Κ12Μ,I35.1
5.0,Κ12Μ,I35.2
5.0,Κ12Μ,I35.8
5.0,Κ12Μ,I35.9
5.0,Κ12Μ,I36
5.0,Κ12Μ,I36.0
5.0,Κ12Μ,I36.1
5.0,Κ12Μ,I36.8
5.0,Κ12Μ,I36.9
5.0,Κ12Μ,I38
5.0,Κ12Μ,I39
5.0,Κ12Μ,I39.0
5.0,Κ12Μ,I39.1
5.0,Κ12Μ,I39.2
5.0,Κ12Μ,I39.3
5.0,Κ12Μ,I39.4
5.0,Κ12Μ,I39.8
5.0,Κ12Χ,I44.2
5.0,Κ12Χ,I44.3
5.0,Κ12Χ,I45
5.0,Κ12Χ,I05
5.0,Κ12Χ,I05.0
5.0,Κ12Χ,I05.1
5.0,Κ12Χ,I05.2
5.0,Κ12Χ,I05.8
5.0,Κ12Χ,I05.9
5.0,Κ12Χ,I06
5.0,Κ12Χ,I06.0
5.0,Κ12Χ,I06.1
5.0,Κ12Χ,I06.2
5.0,Κ12Χ,I06.8
5.0,Κ12Χ,I06.9
5.0,Κ12Χ,I07
5.0,Κ12Χ,I07.0
5.0,Κ12Χ,I07.1
5.0,Κ12Χ,I07.2
5.0,Κ12Χ,I07.8
5.0,Κ12Χ,I07.9
5.0,Κ12Χ,I08
5.0,Κ12Χ,I08.0
5.0,Κ12Χ,I08.1
5.0,Κ12Χ,I08.2
5.0,Κ12Χ,I08.3
5.0,Κ12Χ,I08.8
5.0,Κ12Χ,I09.1
5.0,Κ12Χ,I34
5.0,Κ12Χ,I34.0
5.0,Κ12Χ,I34.1
5.0,Κ12Χ,I34.2
5.0,Κ12Χ,I34.8
5.0,Κ12Χ,I34.9
5.0,Κ12Χ,I35
5.0,Κ12Χ,I35.0
5.0,Κ12Χ,I35.1
5.0,Κ12Χ,I35.2
5.0,Κ12Χ,I35.8
5.0,Κ12Χ,I35.9
5.0,Κ12Χ,I36
5.0,Κ12Χ,I36.0
5.0,Κ12Χ,I36.1
5.0,Κ12Χ,I36.8
5.0,Κ12Χ,I36.9
5.0,Κ12Χ,I38
5.0,Κ12Χ,I39
5.0,Κ12Χ,I39.0
5.0,Κ12Χ,I39.1
5.0,Κ12Χ,I39.2
5.0,Κ12Χ,I39.3
5.0,Κ12Χ,I39.4
5.0,Κ12Χ,I39.8
5.0,Κ14Μα,I71
5.0,Κ14Μα,I72
5.0,Κ17Μ,I44.2
5.0,Κ17Μ,I44.3
5.0,Κ17Μ,I45
5.0,Κ17Μ,I05
5.0,Κ17Μ,I05.0
5.0,Κ17Μ,I05.1
5.0,Κ17Μ,I05.2
5.0,Κ17Μ,I05.8
5.0,Κ17Μ,I05.9
5.0,Κ17Μ,I06
5.0,Κ17Μ,I06.0
5.0,Κ17Μ,I06.1
5.0,Κ17Μ,I06.2
5.0,Κ17Μ,I06.8
5.0,Κ17Μ,I06.9
5.0,Κ17Μ,I07
5.0,Κ17Μ,I07.0
5.0,Κ17Μ,I07.1
5.0,Κ17Μ,I07.2
5.0,Κ17Μ,I07.8
5.0,Κ17Μ,I07.9
5.0,Κ17Μ,I08
5.0,Κ17Μ,I08.0
5.0,Κ17Μ,I08.1
5.0,Κ17Μ,I08.2
5.0,Κ17Μ,I08.3
5.0,Κ17Μ,I08.8
5.0,Κ17Μ,I09.1
5.0,Κ17Μ,I34
5.0,Κ17Μ,I34.0
5.0,Κ17Μ,I34.1
5.0,Κ17Μ,I34.2
5.0,Κ17Μ,I34.8
5.0,Κ17Μ,I34.9
5.0,Κ17Μ,I35
5.0,Κ17Μ,I35.0
5.0,Κ17Μ,I35.1
5.0,Κ17Μ,I35.2
5.0,Κ17Μ,I35.8
5.0,Κ17Μ,I35.9
5.0,Κ17Μ,I36
5.0,Κ17Μ,I36.0
5.0,Κ17Μ,I36.1
5.0,Κ17Μ,I36.8
5.0,Κ17Μ,I36.9
5.0,Κ17Μ,I38
5.0,Κ17Μ,I39
5.0,Κ17Μ,I39.0
5.0,Κ17Μ,I39.1
5.0,Κ17Μ,I39.2
5.0,Κ17Μ,I39.3
5.0,Κ17Μ,I39.4
5.0,Κ17Μ,I39.8
5.0,Κ17Χ,I44.2
5.0,Κ17Χ,I44.3
5.0,Κ17Χ,I45
5.0,Κ17Χ,I05
5.0,Κ17Χ,I05.0
5.0,Κ17Χ,I05.1
5.0,Κ17Χ,I05.2
5.0,Κ17Χ,I05.8
5.0,Κ17Χ,I05.9
5.0,Κ17Χ,I06
5.0,Κ17Χ,I06.0
5.0,Κ17Χ,I06.1
5.0,Κ17Χ,I06.2
5.0,Κ17Χ,I06.8
5.0,Κ17Χ,I06.9
5.0,Κ17Χ,I07
5.0,Κ17Χ,I07.0
5.0,Κ17Χ,I07.1
5.0,Κ17Χ,I07.2
5.0,Κ17Χ,I07.8
5.0,Κ17Χ,I07.9
5.0,Κ17Χ,I08
5.0,Κ17Χ,I08.0
5.0,Κ17Χ,I08.1
5.0,Κ17Χ,I08.2
5.0,Κ17Χ,I08.3
5.0,Κ17Χ,I08.8
5.0,Κ17Χ,I09.1
5.0,Κ17Χ,I34
5.0,Κ17Χ,I34.0
5.0,Κ17Χ,I34.1
5.0,Κ17Χ,I34.2
5.0,Κ17Χ,I34.8
5.0,Κ17Χ,I34.9
5.0,Κ17Χ,I35
5.0,Κ17Χ,I35.0
5.0,Κ17Χ,I35.1
5.0,Κ17Χ,I35.2
5.0,Κ17Χ,I35.8
5.0,Κ17Χ,I35.9
5.0,Κ17Χ,I36
5.0,Κ17Χ,I36.0
5.0,Κ17Χ,I36.1
5.0,Κ17Χ,I36.8
5.0,Κ17Χ,I36.9
5.0,Κ17Χ,I38
5.0,Κ17Χ,I39
5.0,Κ17Χ,I39.0
5.0,Κ17Χ,I39.1
5.0,Κ17Χ,I39.2
5.0,Κ17Χ,I39.3
5.0,Κ17Χ,I39.4
5.0,Κ17Χ,I39.8
5.0,Κ18Μ,I44.2
5.0,Κ18Μ,I44.3
5.0,Κ18Μ,I45
5.0,Κ18Μ,I05
5.0,Κ18Μ,I05.0
5.0,Κ18Μ,I05.1
5.0,Κ18Μ,I05.2
5.0,Κ18Μ,I05.8
5.0,Κ18Μ,I05.9
5.0,Κ18Μ,I06
5.0,Κ18Μ,I06.0
5.0,Κ18Μ,I06.1
5.0,Κ18Μ,I06.2
5.0,Κ18Μ,I06.8
5.0,Κ18Μ,I06.9
5.0,Κ18Μ,I07
5.0,Κ18Μ,I07.0
5.0,Κ18Μ,I07.1
5.0,Κ18Μ,I07.2
5.0,Κ18Μ,I07.8
5.0,Κ18Μ,I07.9
5.0,Κ18Μ,I08
5.0,Κ18Μ,I08.0
5.0,Κ18Μ,I08.1
5.0,Κ18Μ,I08.2
5.0,Κ18Μ,I08.3
5.0,Κ18Μ,I08.8
5.0,Κ18Μ,I09.1
5.0,Κ18Μ,I34
5.0,Κ18Μ,I34.0
5.0,Κ18Μ,I34.1
5.0,Κ18Μ,I34.2
5.0,Κ18Μ,I34.8
5.0,Κ18Μ,I34.9
5.0,Κ18Μ,I35
5.0,Κ18Μ,I35.0
5.0,Κ18Μ,I35.1
5.0,Κ18Μ,I35.2
5.0,Κ18Μ,I35.8
5.0,Κ18Μ,I35.9
5.0,Κ18Μ,I36
5.0,Κ18Μ,I36.0
5.0,Κ18Μ,I36.1
5.0,Κ18Μ,I36.8
5.0,Κ18Μ,I36.9
5.0,Κ18Μ,I38
5.0,Κ18Μ,I39
5.0,Κ18Μ,I39.0
5.0,Κ18Μ,I39.1
5.0,Κ18Μ,I39.2
5.0,Κ18Μ,I39.3
5.0,Κ18Μ,I39.4
5.0,Κ18Μ,I39.8
5.0,Κ18Χ,I44.2
5.0,Κ18Χ,I44.3
5.0,Κ18Χ,I45
5.0,Κ18Χ,I05
5.0,Κ18Χ,I05.0
5.0,Κ18Χ,I05.1
5.0,Κ18Χ,I05.2
5.0,Κ18Χ,I05.8
5.0,Κ18Χ,I05.9
5.0,Κ18Χ,I06
5.0,Κ18Χ,I06.0
5.0,Κ18Χ,I06.1
5.0,Κ18Χ,I06.2
5.0,Κ18Χ,I06.8
5.0,Κ18Χ,I06.9
5.0,Κ18Χ,I07
5.0,Κ18Χ,I07.0
5.0,Κ18Χ,I07.1
5.0,Κ18Χ,I07.2
5.0,Κ18Χ,I07.8
5.0,Κ18Χ,I07.9
5.0,Κ18Χ,I08
5.0,Κ18Χ,I08.0
5.0,Κ18Χ,I08.1
5.0,Κ18Χ,I08.2
5.0,Κ18Χ,I08.3
5.0,Κ18Χ,I08.8
5.0,Κ18Χ,I09.1
5.0,Κ18Χ,I34
5.0,Κ18Χ,I34.0
5.0,Κ18Χ,I34.1
5.0,Κ18Χ,I34.2
5.0,Κ18Χ,I34.8
5.0,Κ18Χ,I34.9
5.0,Κ18Χ,I35
5.0,Κ18Χ,I35.0
5.0,Κ18Χ,I35.1
5.0,Κ18Χ,I35.2
5.0,Κ18Χ,I35.8
5.0,Κ18Χ,I35.9
5.0,Κ18Χ,I36
5.0,Κ18Χ,I36.0
5.0,Κ18Χ,I36.1
5.0,Κ18Χ,I36.8
5.0,Κ18Χ,I36.9
5.0,Κ18Χ,I38
5.0,Κ18Χ,I39
5.0,Κ18Χ,I39.0
5.0,Κ18Χ,I39.1
5.0,Κ18Χ,I39.2
5.0,Κ18Χ,I39.3
5.0,Κ18Χ,I39.4
5.0,Κ18Χ,I39.8
5.0,Κ21Μ,I05
5.0,Κ21Μ,I05.0
5.0,Κ21Μ,I05.1
5.0,Κ21Μ,I05.2
5.0,Κ21Μ,I05.8
5.0,Κ21Μ,I05.9
5.0,Κ21Μ,I06
5.0,Κ21Μ,I06.0
5.0,Κ21Μ,I06.1
5.0,Κ21Μ,I06.2
5.0,Κ21Μ,I06.8
5.0,Κ21Μ,I06.9
5.0,Κ21Μ,I07
5.0,Κ21Μ,I07.0
5.0,Κ21Μ,I07.1
5.0,Κ21Μ,I07.2
5.0,Κ21Μ,I07.8
5.0,Κ21Μ,I07.9
5.0,Κ21Μ,I08
5.0,Κ21Μ,I08.0
5.0,Κ21Μ,I08.1
5.0,Κ21Μ,I08.2
5.0,Κ21Μ,I08.3
5.0,Κ21Μ,I08.8
5.0,Κ21Μ,I09.1
5.0,Κ21Μ,I34
5.0,Κ21Μ,I34.0
5.0,Κ21Μ,I34.1
5.0,Κ21Μ,I34.2
5.0,Κ21Μ,I34.8
5.0,Κ21Μ,I34.9
5.0,Κ21Μ,I35
5.0,Κ21Μ,I35.0
5.0,Κ21Μ,I35.1
5.0,Κ21Μ,I35.2
5.0,Κ21Μ,I35.8
5.0,Κ21Μ,I35.9
5.0,Κ21Μ,I36
5.0,Κ21Μ,I36.0
5.0,Κ21Μ,I36.1
5.0,Κ21Μ,I36.8
5.0,Κ21Μ,I36.9
5.0,Κ21Μ,I38
5.0,Κ21Μ,I39
5.0,Κ21Μ,I39.0
5.0,Κ21Μ,I39.1
5.0,Κ21Μ,I39.2
5.0,Κ21Μ,I39.3
5.0,Κ21Μ,I39.4
5.0,Κ21Μ,I39.8
5.0,Κ21Χ,I05
5.0,Κ21Χ,I05.0
5.0,Κ21Χ,I05.1
5.0,Κ21Χ,I05.2
5.0,Κ21Χ,I05.8
5.0,Κ21Χ,I05.9
5.0,Κ21Χ,I06
5.0,Κ21Χ,I06.0
5.0,Κ21Χ,I06.1
5.0,Κ21Χ,I06.2
5.0,Κ21Χ,I06.8
5.0,Κ21Χ,I06.9
5.0,Κ21Χ,I07
5.0,Κ21Χ,I07.0
5.0,Κ21Χ,I07.1
5.0,Κ21Χ,I07.2
5.0,Κ21Χ,I07.8
5.0,Κ21Χ,I07.9
5.0,Κ21Χ,I08
5.0,Κ21Χ,I08.0
5.0,Κ21Χ,I08.1
5.0,Κ21Χ,I08.2
5.0,Κ21Χ,I08.3
5.0,Κ21Χ,I08.8
5.0,Κ21Χ,I09.1
5.0,Κ21Χ,I34
5.0,Κ21Χ,I34.0
5.0,Κ21Χ,I34.1
5.0,Κ21Χ,I34.2
5.0,Κ21Χ,I34.8
5.0,Κ21Χ,I34.9
5.0,Κ21Χ,I35
5.0,Κ21Χ,I35.0
5.0,Κ21Χ,I35.1
5.0,Κ21Χ,I35.2
5.0,Κ21Χ,I35.8
5.0,Κ21Χ,I35.9
5.0,Κ21Χ,I36
5.0,Κ21Χ,I36.0
5.0,Κ21Χ,I36.1
5.0,Κ21Χ,I36.8
5.0,Κ21Χ,I36.9
5.0,Κ21Χ,I38
5.0,Κ21Χ,I39
5.0,Κ21Χ,I39.0
5.0,Κ21Χ,I39.1
5.0,Κ21Χ,I39.2
5.0,Κ21Χ,I39.3
5.0,Κ21Χ,I39.4
5.0,Κ21Χ,I39.8
5.0,Κ22Α,I06.1
5.0,Κ22Α,I06.2
5.0,Κ22Α,I06.8
5.0,Κ22Α,I06.9
5.0,Κ22Α,I71
5.0,Κ22Α,I71.0
5.0,Κ22Α,I71.8
5.0,Κ22Α,I71.9
5.0,Κ22Α,I08
5.0,Κ22Α,I79.0
5.0,Κ22Α,I08.2
5.0,Κ22Α,I08.3
5.0,Κ22Α,I08.8
5.0,Κ22Α,I09.1
5.0,Κ22Α,I72
5.0,Κ22Α,I35.0
5.0,Κ22Α,I35.1
5.0,Κ22Α,I35.2
5.0,Κ22Α,I35.8
5.0,Κ22Α,I35.9
5.0,Κ22Α,I39.1
5.0,Κ30Μ,I05
5.0,Κ30Μ,I05.0
5.0,Κ30Μ,I05.1
5.0,Κ30Μ,I05.2
5.0,Κ30Μ,I05.8
5.0,Κ30Μ,I05.9
5.0,Κ30Μ,I06
5.0,Κ30Μ,I06.0
5.0,Κ30Μ,I06.1
5.0,Κ30Μ,I06.2
5.0,Κ30Μ,I06.8
5.0,Κ30Μ,I06.9
5.0,Κ30Μ,I07
5.0,Κ30Μ,I07.0
5.0,Κ30Μ,I07.1
5.0,Κ30Μ,I07.2
5.0,Κ30Μ,I07.8
5.0,Κ30Μ,I07.9
5.0,Κ30Μ,I08
5.0,Κ30Μ,I08.0
5.0,Κ30Μ,I08.1
5.0,Κ30Μ,I08.2
5.0,Κ30Μ,I08.3
5.0,Κ30Μ,I08.8
5.0,Κ30Μ,I09.1
5.0,Κ30Μ,I34
5.0,Κ30Μ,I34.0
5.0,Κ30Μ,I34.1
5.0,Κ30Μ,I34.2
5.0,Κ30Μ,I34.8
5.0,Κ30Μ,I34.9
5.0,Κ30Μ,I35
5.0,Κ30Μ,I35.0
5.0,Κ30Μ,I35.1
5.0,Κ30Μ,I35.2
5.0,Κ30Μ,I35.8
5.0,Κ30Μ,I35.9
5.0,Κ30Μ,I36
5.0,Κ30Μ,I36.0
5.0,Κ30Μ,I36.1
5.0,Κ30Μ,I36.8
5.0,Κ30Μ,I36.9
5.0,Κ30Μ,I38
5.0,Κ30Μ,I39
5.0,Κ30Μ,I39.0
5.0,Κ30Μ,I39.1
5.0,Κ30Μ,I39.2
5.0,Κ30Μ,I39.3
5.0,Κ30Μ,I39.4
5.0,Κ30Μ,I39.8
5.0,Κ30Χ,I05
5.0,Κ30Χ,I05.0
5.0,Κ30Χ,I05.1
5.0,Κ30Χ,I05.2
5.0,Κ30Χ,I05.8
5.0,Κ30Χ,I05.9
5.0,Κ30Χ,I06
5.0,Κ30Χ,I06.0
5.0,Κ30Χ,I06.1
5.0,Κ30Χ,I06.2
5.0,Κ30Χ,I06.8
5.0,Κ30Χ,I06.9
5.0,Κ30Χ,I07
5.0,Κ30Χ,I07.0
5.0,Κ30Χ,I07.1
5.0,Κ30Χ,I07.2
5.0,Κ30Χ,I07.8
5.0,Κ30Χ,I07.9
5.0,Κ30Χ,I08
5.0,Κ30Χ,I08.0
5.0,Κ30Χ,I08.1
5.0,Κ30Χ,I08.2
5.0,Κ30Χ,I08.3
5.0,Κ30Χ,I08.8
5.0,Κ30Χ,I09.1
5.0,Κ30Χ,I34
5.0,Κ30Χ,I34.0
5.0,Κ30Χ,I34.1
5.0,Κ30Χ,I34.2
5.0,Κ30Χ,I34.8
5.0,Κ30Χ,I34.9
5.0,Κ30Χ,I35
5.0,Κ30Χ,I35.0
5.0,Κ30Χ,I35.1
5.0,Κ30Χ,I35.2
5.0,Κ30Χ,I35.8
5.0,Κ30Χ,I35.9
5.0,Κ30Χ,I36
5.0,Κ30Χ,I36.0
5.0,Κ30Χ,I36.1
5.0,Κ30Χ,I36.8
5.0,Κ30Χ,I36.9
5.0,Κ30Χ,I38
5.0,Κ30Χ,I39
5.0,Κ30Χ,I39.0
5.0,Κ30Χ,I39.1
5.0,Κ30Χ,I39.2
5.0,Κ30Χ,I39.3
5.0,Κ30Χ,I39.4
5.0,Κ30Χ,I39.8
5.0,Κ47Α,I05
5.0,Κ47Α,I05.0
5.0,Κ47Α,I05.1
5.0,Κ47Α,I05.2
5.0,Κ47Α,I05.8
5.0,Κ47Α,I05.9
5.0,Κ47Α,I48
5.0,Κ47Α,I49
5.0,Κ47Α,I08.0
5.0,Κ47Α,I08.1
5.0,Κ47Α,I08.3
5.0,Κ47Α,I34
5.0,Κ47Α,I34.0
5.0,Κ47Α,I34.1
5.0,Κ47Α,I34.2
5.0,Κ47Α,I34.8
5.0,Κ47Α,I34.9
5.0,Κ47Α,I39.0
5.0,Κ38Μ,Q24.0
5.0,Κ38Μ,Q89.9
5.0,Κ38Μ,Q89.3
5.0,Κ38Μ,Q20.6
5.0,Κ38Μ,Q20.6
5.0,Κ38Μ,Q20.9
5.0,Κ38Μ,Q20.4
5.0,Κ38Μ,Q20.4
5.0,Κ38Μ,Q20.4
5.0,Κ38Μ,Q22.4
5.0,Κ38Μ,Q23.2
5.0,Κ38Μ,Q20.4
5.0,Κ38Μ,Q20.3
5.0,Κ38Μ,Q20.3
5.0,Κ38Μ,Q20.5
5.0,Κ38Μ,Q20.1
5.0,Κ38Μ,Q20.1
5.0,Κ38Μ,Q20.1
5.0,Κ38Μ,Q20.1
5.0,Κ38Μ,Q20.2
5.0,Κ38Μ,Q20.0
5.0,Κ38Μ,Q21.3
5.0,Κ38Μ,Q21.3
5.0,Κ38Μ,Q21.3
5.0,Κ38Μ,Q24.8
5.0,Κ38Μ,Q25.7
5.0,Κ38Μ,Q27.8
5.0,Κ38Μ,Q26.9
5.0,Κ38Μ,Q26.1
5.0,Κ38Μ,Q26.9
5.0,Κ38Μ,Q26.8
5.0,Κ38Μ,Q26.9
5.0,Κ38Μ,Q26.9
5.0,Κ38Μ,Q26.8
5.0,Κ38Μ,Q26.2
5.0,Κ38Μ,Q26.2
5.0,Κ38Μ,Q26.2
5.0,Κ38Μ,Q26.2
5.0,Κ38Μ,Q26.2
5.0,Κ38Μ,Q26.3
5.0,Κ38Μ,Q26.8
5.0,Κ38Μ,Q24.5
5.0,Κ38Μ,Q20.8
5.0,Κ38Μ,Q20.8
5.0,Κ38Μ,Q24.2
5.0,Κ38Μ,Q21.9
5.0,Κ38Μ,Q21.1
5.0,Κ38Μ,Q21.1
5.0,Κ38Μ,Q21.1
5.0,Κ38Μ,Q21.1
5.0,Κ38Μ,Q21.2
5.0,Κ38Μ,Q21.1
5.0,Κ38Μ,Q22.9
5.0,Κ38Μ,Q22.8
5.0,Κ38Μ,Q22.8
5.0,Κ38Μ,Q22.8
5.0,Κ38Μ,Q22.5
5.0,Κ38Μ,Q22.4
5.0,Κ38Μ,Q23.2
5.0,Κ38Μ,Q23.9
5.0,Κ38Μ,Q23.3
5.0,Κ38Μ,Q23.3
5.0,Κ38Μ,Q23.8
5.0,Κ38Μ,Q20.8
5.0,Κ38Μ,I34.1
5.0,Κ38Μ,Q23.8
5.0,Κ38Μ,Q23.2
5.0,Κ38Μ,Q23.2
5.0,Κ38Μ,Q23.8
5.0,Κ38Μ,Q23.8
5.0,Κ38Μ,Q21.2
5.0,Κ38Μ,Q21.2
5.0,Κ38Μ,Q21.2
5.0,Κ38Μ,Q21.2
5.0,Κ38Μ,Q21.2
5.0,Κ38Μ,Q21.2
5.0,Κ38Μ,Q24.8
5.0,Κ38Μ,Q21.2
5.0,Κ38Μ,Q20.9
5.0,Κ38Μ,Q20.8
5.0,Κ38Μ,Q20.8
5.0,Κ38Μ,Q24.9
5.0,Κ38Μ,Q24.8
5.0,Κ38Μ,Q20.8
5.0,Κ38Μ,Q24.8
5.0,Κ38Μ,Q24.8
5.0,Κ38Μ,Q24.9
5.0,Κ38Μ,Q20.8
5.0,Κ38Μ,Q24.8
5.0,Κ38Μ,Q23.4
5.0,Κ38Μ,Q24.8
5.0,Κ38Μ,Q21.0
5.0,Κ38Μ,Q21.0
5.0,Κ38Μ,Q21.0
5.0,Κ38Μ,Q21.0
5.0,Κ38Μ,Q21.0
5.0,Κ38Μ,Q21.0
5.0,Κ38Μ,Q21.0
5.0,Κ38Μ,Q21.0
5.0,Κ38Μ,Q21.0
5.0,Κ38Μ,Q21.0
5.0,Κ38Μ,Z87.7
5.0,Κ38Μ,Q21.9
5.0,Κ38Μ,Q21.4
5.0,Κ38Μ,Q25.7
5.0,Κ38Μ,Q24.8
5.0,Κ38Μ,Q24.8
5.0,Κ38Μ,Q22.3
5.0,Κ38Μ,Q24.3
5.0,Κ38Μ,Q22.2
5.0,Κ38Μ,Q22.0
5.0,Κ38Μ,Q22.0
5.0,Κ38Μ,Q22.0
5.0,Κ38Μ,Q24.8
5.0,Κ38Μ,Q25.7
5.0,Κ38Μ,Q25.6
5.0,Κ38Μ,Q25.7
5.0,Κ38Μ,Q25.7
5.0,Κ38Μ,Q25.7
5.0,Κ38Μ,Q25.7
5.0,Κ38Μ,Q25.7
5.0,Κ38Μ,Q23.0
5.0,Κ38Μ,Q24.4
5.0,Κ38Μ,Q24.4
5.0,Κ38Μ,Q23.9
5.0,Κ38Μ,Q23.0
5.0,Κ38Μ,Q23.0
5.0,Κ38Μ,Q23.1
5.0,Κ38Μ,Q23.1
5.0,Κ38Μ,Q23.1
5.0,Κ38Μ,Q23.0
5.0,Κ38Μ,Q25.3
5.0,Κ38Μ,Q25.4
5.0,Κ38Μ,Q25.3
5.0,Κ38Μ,Q25.4
5.0,Κ38Μ,Q87.4
5.0,Κ38Μ,Q25.4
5.0,Κ38Μ,Q25.4
5.0,Κ38Μ,Q25.4
5.0,Κ38Μ,Q25.1
5.0,Κ38Μ,Q25.4
5.0,Κ38Μ,Q25.4
5.0,Κ38Μ,Q27.8
5.0,Κ38Μ,Q27.8
5.0,Κ38Μ,Q25.4
5.0,Κ38Μ,Q25.4
5.0,Κ38Μ,Q25.7
5.0,Κ38Μ,Q25.4
5.0,Κ38Μ,Q25.4
5.0,Κ38Μ,Q24.5
5.0,Κ38Μ,Q24.5
5.0,Κ38Μ,Q24.5
5.0,Κ38Μ,Q25.8
5.0,Κ38Μ,Q25.0
5.0,Κ38Μ,Q27.3
5.0,Κ38Μ,Q25.7
5.0,Κ38Μ,Q27.8
5.0,Κ38Μ,Q24.8
5.0,Κ38Μ,Q89.7
5.0,Κ38Μ,Z82.7
5.0,Κ38Μ,Q86.8
5.0,Κ38Μ,P00.8
5.0,Κ38Μ,P96.9
5.0,Κ38Μ,P70.1
5.0,Κ38Μ,P07.3
5.0,Κ38Μ,P77
5.0,Κ38Μ,P29.4
5.0,Κ38Μ,P29.3
5.0,Κ38Μ,O35.9
5.0,Κ38Μ,O36.2
5.0,Κ38Μ,O35.8
5.0,Κ38Μ,O28.3
5.0,Κ38Μ,O28.3
5.0,Κ38Μ,O28.3
5.0,Κ38Μ,O28.3
5.0,Κ38Μ,O28.3
5.0,Κ38Μ,O28.3
5.0,Κ38Μ,Q99.9
5.0,Κ38Μ,Q90.9
5.0,Κ38Μ,Q96
5.0,Κ38Μ,Q93.8
5.0,Κ38Μ,Q91.3
5.0,Κ38Μ,Q91.7
5.0,Κ38Μ,Q87.8
5.0,Κ38Μ,E74.0
5.0,Κ38Μ,G11.1
5.0,Κ38Μ,G71.0
5.0,Κ38Μ,Q87.4
5.0,Κ38Μ,Q87.1
5.0,Κ38Μ,Q85.1
5.0,Κ38Μ,D82.1
5.0,Κ38Μ,Q93.8
5.0,Κ38Μ,Q44.7
5.0,Κ38Μ,P35.0
5.0,Κ38Μ,Q87.8
5.0,Κ38Μ,E78.9
5.0,Κ38Μ,Q89.9
5.0,Κ38Μ,Q20.6
5.0,Κ38Μ,Q20.6
5.0,Κ38Μ,E84.9
5.0,Κ38Μ,Q64.9
5.0,Κ38Μ,Q02
5.0,Κ38Μ,F79
5.0,Κ38Μ,Q37
5.0,Κ38Μ,Q67.5
5.0,Κ38Μ,Q67.8
5.0,Κ38Μ,Q67.7
5.0,Κ38Μ,Q67.6
5.0,Κ38Μ,I00
5.0,Κ38Μ,I01
5.0,Κ38Μ,I33.0
5.0,Κ38Μ,I33.0
5.0,Κ38Μ,I33.0
5.0,Κ38Μ,I51.8
5.0,Κ38Μ,I40.0
5.0,Κ38Μ,I40.0
5.0,Κ38Μ,I30.1
5.0,Κ38Μ,I30.1
5.0,Κ38Μ,I30.1
5.0,Κ38Μ,I87.9
5.0,Κ38Μ,I87.1
5.0,Κ38Μ,I28.9
5.0,Κ38Μ,I87.9
5.0,Κ38Μ,I87.9
5.0,Κ38Μ,I51.8
5.0,Κ38Μ,I97.8
5.0,Κ38Μ,T82.8
5.0,Κ38Μ,I51.8
5.0,Κ38Μ,I97.8
5.0,Κ38Μ,I97.8
5.0,Κ38Μ,Q21.1
5.0,Κ38Μ,I38
5.0,Κ38Μ,T82.0
5.0,Κ38Μ,I36.9
5.0,Κ38Μ,Q22.8
5.0,Κ38Μ,T82.0
5.0,Κ38Μ,I34.2
5.0,Κ38Μ,I34.0
5.0,Κ38Μ,I34.0
5.0,Κ38Μ,I37.0
5.0,Κ38Μ,I37.0
5.0,Κ38Μ,I37.1
5.0,Κ38Μ,I37.9
5.0,Κ38Μ,Q22.1
5.0,Κ38Μ,I35.9
5.0,Κ38Μ,I35.0
5.0,Κ38Μ,I35.1
5.0,Κ38Μ,Q24.8
5.0,Κ38Μ,I34.0
5.0,Κ38Μ,I51.8
5.0,Κ38Μ,I50.0
5.0,Κ38Μ,T82.8
5.0,Κ38Μ,Q24.8
5.0,Κ38Μ,I51.8
5.0,Κ38Μ,I50.1
5.0,Κ38Μ,I51.8
5.0,Κ38Μ,T82.8
5.0,Κ38Μ,I51.8
5.0,Κ38Μ,I51.8
5.0,Κ38Μ,I51.8
5.0,Κ38Μ,I51.8
5.0,Κ38Μ,I23.2
5.0,Κ38Μ,Q21.0
5.0,Κ38Μ,I50.9
5.0,Κ38Μ,I42.9
5.0,Κ38Μ,I42.2
5.0,Κ38Μ,I42.0
5.0,Κ38Μ,I42.8
5.0,Κ38Μ,I42.4
5.0,Κ38Μ,I42.5
5.0,Κ38Μ,I42.8
5.0,Κ38Μ,I28.9
5.0,Κ38Μ,Q25.6
5.0,Κ38Μ,Q25.6
5.0,Κ38Μ,I27.0
5.0,Κ38Μ,I27.0
5.0,Κ38Μ,I27.8
5.0,Κ38Μ,I27.8
5.0,Κ38Μ,I27.8
5.0,Κ38Μ,I27.8
5.0,Κ38Μ,I26.9
5.0,Κ38Μ,Q25.1
5.0,Κ38Μ,I71.2
5.0,Κ38Μ,I77.1
5.0,Κ38Μ,I71.0
5.0,Κ38Μ,I71.2
5.0,Κ38Μ,I77.6
5.0,Κ38Μ,M30.3
5.0,Κ38Μ,I25.9
5.0,Κ38Μ,I21.9
5.0,Κ38Μ,I10
5.0,Κ38Μ,I10
5.0,Κ38Μ,I15.9
5.0,Κ38Μ,I15.8
5.0,Κ38Μ,T82.5
5.0,Κ38Μ,I30.9
5.0,Κ38Μ,I31.1
5.0,Κ38Μ,I31.3
5.0,Κ38Μ,D48.7
5.0,Κ38Μ,S26
5.0,Κ38Μ,I97.9
5.0,Κ38Μ,T86.2
5.0,Κ38Μ,I25.1
5.0,Κ38Μ,T86.3
5.0,Κ38Μ,J44.8
5.0,Κ38Μ,R94.3
5.0,Κ38Μ,I49.9
5.0,Κ38Μ,I49.8
5.0,Κ38Μ,I47.1
5.0,Κ38Μ,I47.1
5.0,Κ38Μ,I49.5
5.0,Κ38Μ,I49.1
5.0,Κ38Μ,I48
5.0,Κ38Μ,I48
5.0,Κ38Μ,I47.1
5.0,Κ38Μ,I49.8
5.0,Κ38Μ,I47.1
5.0,Κ38Μ,I47.1
5.0,Κ38Μ,I97.1
5.0,Κ38Μ,I45.6
5.0,Κ38Μ,I45.6
5.0,Κ38Μ,I45.8
5.0,Κ38Μ,I45.6
5.0,Κ38Μ,I45.6
5.0,Κ38Μ,I47.1
5.0,Κ38Μ,I49.8
5.0,Κ38Μ,I47.2
5.0,Κ38Μ,I47.2
5.0,Κ38Μ,I49.0
5.0,Κ38Μ,I49.0
5.0,Κ38Μ,149.3
5.0,Κ38Μ,I45.9
5.0,Κ38Μ,I45.5
5.0,Κ38Μ,I44.0
5.0,Κ38Μ,I44.1
5.0,Κ38Μ,I44.2
5.0,Κ38Μ,Q24.6
5.0,Κ38Μ,I44.2
5.0,Κ38Μ,I45.1
5.0,Κ38Μ,I44.7
5.0,Κ38Μ,I45.8
5.0,Κ38Μ,T82.1
5.0,Κ38Μ,T82.1
5.0,Κ38Μ,T82.1
5.0,Κ38Μ,T82.1
5.0,Κ38Μ,T82.1
5.0,Κ38Μ,T82.9
5.0,Κ38Μ,T82.1
5.0,Κ38Μ,J39.8
5.0,Κ38Μ,J39.8
5.0,Κ38Μ,J96.9
5.0,Κ38Μ,J93.9
5.0,Κ38Μ,J90
5.0,Κ38Μ,J94.0
5.0,Κ38Μ,J86
5.0,Κ38Μ,D15.7
5.0,Κ38Μ,D13.0
5.0,Κ38Μ,D15.2
5.0,Κ38Μ,J98.6
5.0,Κ38Μ,R09.8
5.0,Κ38Μ,R55
5.0,Κ38Μ,R23.0
5.0,Κ38Μ,I50.9
5.0,Κ38Μ,R09.8
5.0,Κ38Μ,R00.2
5.0,Κ38Μ,R07.4
5.0,Κ38Μ,R62.8
5.0,Κ38Μ,I95.9
5.0,Κ38Μ,T81.8
5.0,Κ38Μ,T81.8
5.0,Κ38Μ,I97.8
5.0,Κ38Μ,I97.1
5.0,Κ38Μ,I97.8
5.0,Κ38Μ,I97.8
5.0,Κ38Μ,T81.1
5.0,Κ38Μ,I97.8
5.0,Κ38Μ,I44.2
5.0,Κ38Μ,I44.2
5.0,Κ38Μ,I44.2
5.0,Κ38Μ,T81.0
5.0,Κ38Μ,T81.0
5.0,Κ38Μ,D68.9
5.0,Κ38Μ,D59.8
5.0,Κ38Μ,T81.8
5.0,Κ38Μ,T81.8
5.0,Κ38Μ,E88.9
5.0,Κ38Μ,E87.2
5.0,Κ38Μ,T81.4
5.0,Κ38Μ,T81.8
5.0,Κ38Μ,J95.9
5.0,Κ38Μ,J94.0
5.0,Κ38Μ,T81.0
5.0,Κ38Μ,J93.9
5.0,Κ38Μ,J95.3
5.0,Κ38Μ,J98.6
5.0,Κ38Μ,G52.2
5.0,Κ38Μ,G90.2
5.0,Κ38Μ,N99.0
5.0,Κ38Μ,G97.9
5.0,Κ38Μ,I97.0
5.0,Κ38Μ,I31.3
5.0,Κ38Μ,I31.9
5.0,Κ38Χ,Q24.0
5.0,Κ38Χ,Q89.9
5.0,Κ38Χ,Q89.3
5.0,Κ38Χ,Q20.6
5.0,Κ38Χ,Q20.6
5.0,Κ38Χ,Q20.9
5.0,Κ38Χ,Q20.4
5.0,Κ38Χ,Q20.4
5.0,Κ38Χ,Q20.4
5.0,Κ38Χ,Q22.4
5.0,Κ38Χ,Q23.2
5.0,Κ38Χ,Q20.4
5.0,Κ38Χ,Q20.3
5.0,Κ38Χ,Q20.3
5.0,Κ38Χ,Q20.5
5.0,Κ38Χ,Q20.1
5.0,Κ38Χ,Q20.1
5.0,Κ38Χ,Q20.1
5.0,Κ38Χ,Q20.1
5.0,Κ38Χ,Q20.2
5.0,Κ38Χ,Q20.0
5.0,Κ38Χ,Q21.3
5.0,Κ38Χ,Q21.3
5.0,Κ38Χ,Q21.3
5.0,Κ38Χ,Q24.8
5.0,Κ38Χ,Q25.7
5.0,Κ38Χ,Q27.8
5.0,Κ38Χ,Q26.9
5.0,Κ38Χ,Q26.1
5.0,Κ38Χ,Q26.9
5.0,Κ38Χ,Q26.8
5.0,Κ38Χ,Q26.9
5.0,Κ38Χ,Q26.9
5.0,Κ38Χ,Q26.8
5.0,Κ38Χ,Q26.2
5.0,Κ38Χ,Q26.2
5.0,Κ38Χ,Q26.2
5.0,Κ38Χ,Q26.2
5.0,Κ38Χ,Q26.2
5.0,Κ38Χ,Q26.3
5.0,Κ38Χ,Q26.8
5.0,Κ38Χ,Q24.5
5.0,Κ38Χ,Q20.8
5.0,Κ38Χ,Q20.8
5.0,Κ38Χ,Q24.2
5.0,Κ38Χ,Q21.9
5.0,Κ38Χ,Q21.1
5.0,Κ38Χ,Q21.1
5.0,Κ38Χ,Q21.1
5.0,Κ38Χ,Q21.1
5.0,Κ38Χ,Q21.2
5.0,Κ38Χ,Q21.1
5.0,Κ38Χ,Q22.9
5.0,Κ38Χ,Q22.8
5.0,Κ38Χ,Q22.8
5.0,Κ38Χ,Q22.8
5.0,Κ38Χ,Q22.5
5.0,Κ38Χ,Q22.4
5.0,Κ38Χ,Q23.2
5.0,Κ38Χ,Q23.9
5.0,Κ38Χ,Q23.3
5.0,Κ38Χ,Q23.3
5.0,Κ38Χ,Q23.8
5.0,Κ38Χ,Q20.8
5.0,Κ38Χ,I34.1
5.0,Κ38Χ,Q23.8
5.0,Κ38Χ,Q23.2
5.0,Κ38Χ,Q23.2
5.0,Κ38Χ,Q23.8
5.0,Κ38Χ,Q23.8
5.0,Κ38Χ,Q21.2
5.0,Κ38Χ,Q21.2
5.0,Κ38Χ,Q21.2
5.0,Κ38Χ,Q21.2
5.0,Κ38Χ,Q21.2
5.0,Κ38Χ,Q21.2
5.0,Κ38Χ,Q24.8
5.0,Κ38Χ,Q21.2
5.0,Κ38Χ,Q20.9
5.0,Κ38Χ,Q20.8
5.0,Κ38Χ,Q20.8
5.0,Κ38Χ,Q24.9
5.0,Κ38Χ,Q24.8
5.0,Κ38Χ,Q20.8
5.0,Κ38Χ,Q24.8
5.0,Κ38Χ,Q24.8
5.0,Κ38Χ,Q24.9
5.0,Κ38Χ,Q20.8
5.0,Κ38Χ,Q24.8
5.0,Κ38Χ,Q23.4
5.0,Κ38Χ,Q24.8
5.0,Κ38Χ,Q21.0
5.0,Κ38Χ,Q21.0
5.0,Κ38Χ,Q21.0
5.0,Κ38Χ,Q21.0
5.0,Κ38Χ,Q21.0
5.0,Κ38Χ,Q21.0
5.0,Κ38Χ,Q21.0
5.0,Κ38Χ,Q21.0
5.0,Κ38Χ,Q21.0
5.0,Κ38Χ,Q21.0
5.0,Κ38Χ,Z87.7
5.0,Κ38Χ,Q21.9
5.0,Κ38Χ,Q21.4
5.0,Κ38Χ,Q25.7
5.0,Κ38Χ,Q24.8
5.0,Κ38Χ,Q24.8
5.0,Κ38Χ,Q22.3
5.0,Κ38Χ,Q24.3
5.0,Κ38Χ,Q22.2
5.0,Κ38Χ,Q22.0
5.0,Κ38Χ,Q22.0
5.0,Κ38Χ,Q22.0
5.0,Κ38Χ,Q24.8
5.0,Κ38Χ,Q25.7
5.0,Κ38Χ,Q25.6
5.0,Κ38Χ,Q25.7
5.0,Κ38Χ,Q25.7
5.0,Κ38Χ,Q25.7
5.0,Κ38Χ,Q25.7
5.0,Κ38Χ,Q25.7
5.0,Κ38Χ,Q23.0
5.0,Κ38Χ,Q24.4
5.0,Κ38Χ,Q24.4
5.0,Κ38Χ,Q23.9
5.0,Κ38Χ,Q23.0
5.0,Κ38Χ,Q23.0
5.0,Κ38Χ,Q23.1
5.0,Κ38Χ,Q23.1
5.0,Κ38Χ,Q23.1
5.0,Κ38Χ,Q23.0
5.0,Κ38Χ,Q25.3
5.0,Κ38Χ,Q25.4
5.0,Κ38Χ,Q25.3
5.0,Κ38Χ,Q25.4
5.0,Κ38Χ,Q87.4
5.0,Κ38Χ,Q25.4
5.0,Κ38Χ,Q25.4
5.0,Κ38Χ,Q25.4
5.0,Κ38Χ,Q25.1
5.0,Κ38Χ,Q25.4
5.0,Κ38Χ,Q25.4
5.0,Κ38Χ,Q27.8
5.0,Κ38Χ,Q27.8
5.0,Κ38Χ,Q25.4
5.0,Κ38Χ,Q25.4
5.0,Κ38Χ,Q25.7
5.0,Κ38Χ,Q25.4
5.0,Κ38Χ,Q25.4
5.0,Κ38Χ,Q24.5
5.0,Κ38Χ,Q24.5
5.0,Κ38Χ,Q24.5
5.0,Κ38Χ,Q25.8
5.0,Κ38Χ,Q25.0
5.0,Κ38Χ,Q27.3
5.0,Κ38Χ,Q25.7
5.0,Κ38Χ,Q27.8
5.0,Κ38Χ,Q24.8
5.0,Κ38Χ,Q89.7
5.0,Κ38Χ,Z82.7
5.0,Κ38Χ,Q86.8
5.0,Κ38Χ,P00.8
5.0,Κ38Χ,P96.9
5.0,Κ38Χ,P70.1
5.0,Κ38Χ,P07.3
5.0,Κ38Χ,P77
5.0,Κ38Χ,P29.4
5.0,Κ38Χ,P29.3
5.0,Κ38Χ,O35.9
5.0,Κ38Χ,O36.2
5.0,Κ38Χ,O35.8
5.0,Κ38Χ,O28.3
5.0,Κ38Χ,O28.3
5.0,Κ38Χ,O28.3
5.0,Κ38Χ,O28.3
5.0,Κ38Χ,O28.3
5.0,Κ38Χ,O28.3
5.0,Κ38Χ,Q99.9
5.0,Κ38Χ,Q90.9
5.0,Κ38Χ,Q96
5.0,Κ38Χ,Q93.8
5.0,Κ38Χ,Q91.3
5.0,Κ38Χ,Q91.7
5.0,Κ38Χ,Q87.8
5.0,Κ38Χ,E74.0
5.0,Κ38Χ,G11.1
5.0,Κ38Χ,G71.0
5.0,Κ38Χ,Q87.4
5.0,Κ38Χ,Q87.1
5.0,Κ38Χ,Q85.1
5.0,Κ38Χ,D82.1
5.0,Κ38Χ,Q93.8
5.0,Κ38Χ,Q44.7
5.0,Κ38Χ,P35.0
5.0,Κ38Χ,Q87.8
5.0,Κ38Χ,E78.9
5.0,Κ38Χ,Q89.9
5.0,Κ38Χ,Q20.6
5.0,Κ38Χ,Q20.6
5.0,Κ38Χ,E84.9
5.0,Κ38Χ,Q64.9
5.0,Κ38Χ,Q02
5.0,Κ38Χ,F79
5.0,Κ38Χ,Q37
5.0,Κ38Χ,Q67.5
5.0,Κ38Χ,Q67.8
5.0,Κ38Χ,Q67.7
5.0,Κ38Χ,Q67.6
5.0,Κ38Χ,I00
5.0,Κ38Χ,I01
5.0,Κ38Χ,I33.0
5.0,Κ38Χ,I33.0
5.0,Κ38Χ,I33.0
5.0,Κ38Χ,I51.8
5.0,Κ38Χ,I40.0
5.0,Κ38Χ,I40.0
5.0,Κ38Χ,I30.1
5.0,Κ38Χ,I30.1
5.0,Κ38Χ,I30.1
5.0,Κ38Χ,I87.9
5.0,Κ38Χ,I87.1
5.0,Κ38Χ,I28.9
5.0,Κ38Χ,I87.9
5.0,Κ38Χ,I87.9
5.0,Κ38Χ,I51.8
5.0,Κ38Χ,I97.8
5.0,Κ38Χ,T82.8
5.0,Κ38Χ,I51.8
5.0,Κ38Χ,I97.8
5.0,Κ38Χ,I97.8
5.0,Κ38Χ,Q21.1
5.0,Κ38Χ,I38
5.0,Κ38Χ,T82.0
5.0,Κ38Χ,I36.9
5.0,Κ38Χ,Q22.8
5.0,Κ38Χ,T82.0
5.0,Κ38Χ,I34.2
5.0,Κ38Χ,I34.0
5.0,Κ38Χ,I34.0
5.0,Κ38Χ,I37.0
5.0,Κ38Χ,I37.0
5.0,Κ38Χ,I37.1
5.0,Κ38Χ,I37.9
5.0,Κ38Χ,Q22.1
5.0,Κ38Χ,I35.9
5.0,Κ38Χ,I35.0
5.0,Κ38Χ,I35.1
5.0,Κ38Χ,Q24.8
5.0,Κ38Χ,I34.0
5.0,Κ38Χ,I51.8
5.0,Κ38Χ,I50.0
5.0,Κ38Χ,T82.8
5.0,Κ38Χ,Q24.8
5.0,Κ38Χ,I51.8
5.0,Κ38Χ,I50.1
5.0,Κ38Χ,I51.8
5.0,Κ38Χ,T82.8
5.0,Κ38Χ,I51.8
5.0,Κ38Χ,I51.8
5.0,Κ38Χ,I51.8
5.0,Κ38Χ,I51.8
5.0,Κ38Χ,I23.2
5.0,Κ38Χ,Q21.0
5.0,Κ38Χ,I50.9
5.0,Κ38Χ,I42.9
5.0,Κ38Χ,I42.2
5.0,Κ38Χ,I42.0
5.0,Κ38Χ,I42.8
5.0,Κ38Χ,I42.4
5.0,Κ38Χ,I42.5
5.0,Κ38Χ,I42.8
5.0,Κ38Χ,I28.9
5.0,Κ38Χ,Q25.6
5.0,Κ38Χ,Q25.6
5.0,Κ38Χ,I27.0
5.0,Κ38Χ,I27.0
5.0,Κ38Χ,I27.8
5.0,Κ38Χ,I27.8
5.0,Κ38Χ,I27.8
5.0,Κ38Χ,I27.8
5.0,Κ38Χ,I26.9
5.0,Κ38Χ,Q25.1
5.0,Κ38Χ,I71.2
5.0,Κ38Χ,I77.1
5.0,Κ38Χ,I71.0
5.0,Κ38Χ,I71.2
5.0,Κ38Χ,I77.6
5.0,Κ38Χ,M30.3
5.0,Κ38Χ,I25.9
5.0,Κ38Χ,I21.9
5.0,Κ38Χ,I10
5.0,Κ38Χ,I10
5.0,Κ38Χ,I15.9
5.0,Κ38Χ,I15.8
5.0,Κ38Χ,T82.5
5.0,Κ38Χ,I30.9
5.0,Κ38Χ,I31.1
5.0,Κ38Χ,I31.3
5.0,Κ38Χ,D48.7
5.0,Κ38Χ,S26
5.0,Κ38Χ,I97.9
5.0,Κ38Χ,T86.2
5.0,Κ38Χ,I25.1
5.0,Κ38Χ,T86.3
5.0,Κ38Χ,J44.8
5.0,Κ38Χ,R94.3
5.0,Κ38Χ,I49.9
5.0,Κ38Χ,I49.8
5.0,Κ38Χ,I47.1
5.0,Κ38Χ,I47.1
5.0,Κ38Χ,I49.5
5.0,Κ38Χ,I49.1
5.0,Κ38Χ,I48
5.0,Κ38Χ,I48
5.0,Κ38Χ,I47.1
5.0,Κ38Χ,I49.8
5.0,Κ38Χ,I47.1
5.0,Κ38Χ,I47.1
5.0,Κ38Χ,I97.1
5.0,Κ38Χ,I45.6
5.0,Κ38Χ,I45.6
5.0,Κ38Χ,I45.8
5.0,Κ38Χ,I45.6
5.0,Κ38Χ,I45.6
5.0,Κ38Χ,I47.1
5.0,Κ38Χ,I49.8
5.0,Κ38Χ,I47.2
5.0,Κ38Χ,I47.2
5.0,Κ38Χ,I49.0
5.0,Κ38Χ,I49.0
5.0,Κ38Χ,149.3
5.0,Κ38Χ,I45.9
5.0,Κ38Χ,I45.5
5.0,Κ38Χ,I44.0
5.0,Κ38Χ,I44.1
5.0,Κ38Χ,I44.2
5.0,Κ38Χ,Q24.6
5.0,Κ38Χ,I44.2
5.0,Κ38Χ,I45.1
5.0,Κ38Χ,I44.7
5.0,Κ38Χ,I45.8
5.0,Κ38Χ,T82.1
5.0,Κ38Χ,T82.1
5.0,Κ38Χ,T82.1
5.0,Κ38Χ,T82.1
5.0,Κ38Χ,T82.1
5.0,Κ38Χ,T82.9
5.0,Κ38Χ,T82.1
5.0,Κ38Χ,J39.8
5.0,Κ38Χ,J39.8
5.0,Κ38Χ,J96.9
5.0,Κ38Χ,J93.9
5.0,Κ38Χ,J90
5.0,Κ38Χ,J94.0
5.0,Κ38Χ,J86
5.0,Κ38Χ,D15.7
5.0,Κ38Χ,D13.0
5.0,Κ38Χ,D15.2
5.0,Κ38Χ,J98.6
5.0,Κ38Χ,R09.8
5.0,Κ38Χ,R55
5.0,Κ38Χ,R23.0
5.0,Κ38Χ,I50.9
5.0,Κ38Χ,R09.8
5.0,Κ38Χ,R00.2
5.0,Κ38Χ,R07.4
5.0,Κ38Χ,R62.8
5.0,Κ38Χ,I95.9
5.0,Κ38Χ,T81.8
5.0,Κ38Χ,T81.8
5.0,Κ38Χ,I97.8
5.0,Κ38Χ,I97.1
5.0,Κ38Χ,I97.8
5.0,Κ38Χ,I97.8
5.0,Κ38Χ,T81.1
5.0,Κ38Χ,I97.8
5.0,Κ38Χ,I44.2
5.0,Κ38Χ,I44.2
5.0,Κ38Χ,I44.2
5.0,Κ38Χ,T81.0
5.0,Κ38Χ,T81.0
5.0,Κ38Χ,D68.9
5.0,Κ38Χ,D59.8
5.0,Κ38Χ,T81.8
5.0,Κ38Χ,T81.8
5.0,Κ38Χ,E88.9
5.0,Κ38Χ,E87.2
5.0,Κ38Χ,T81.4
5.0,Κ38Χ,T81.8
5.0,Κ38Χ,J95.9
5.0,Κ38Χ,J94.0
5.0,Κ38Χ,T81.0
5.0,Κ38Χ,J93.9
5.0,Κ38Χ,J95.3
5.0,Κ38Χ,J98.6
5.0,Κ38Χ,G52.2
5.0,Κ38Χ,G90.2
5.0,Κ38Χ,N99.0
5.0,Κ38Χ,G97.9
5.0,Κ38Χ,I97.0
5.0,Κ38Χ,I31.3
5.0,Κ38Χ,I31.9
5.0,Τ02Α,Q24.0
5.0,Τ02Α,Q89.9
5.0,Τ02Α,Q89.3
5.0,Τ02Α,Q20.6
5.0,Τ02Α,Q20.6
5.0,Τ02Α,Q20.9
5.0,Τ02Α,Q20.4
5.0,Τ02Α,Q20.4
5.0,Τ02Α,Q20.4
5.0,Τ02Α,Q22.4
5.0,Τ02Α,Q23.2
5.0,Τ02Α,Q20.4
5.0,Τ02Α,Q20.3
5.0,Τ02Α,Q20.3
5.0,Τ02Α,Q20.5
5.0,Τ02Α,Q20.1
5.0,Τ02Α,Q20.1
5.0,Τ02Α,Q20.1
5.0,Τ02Α,Q20.1
5.0,Τ02Α,Q20.2
5.0,Τ02Α,Q20.0
5.0,Τ02Α,Q21.3
5.0,Τ02Α,Q21.3
5.0,Τ02Α,Q21.3
5.0,Τ02Α,Q24.8
5.0,Τ02Α,Q25.7
5.0,Τ02Α,Q27.8
5.0,Τ02Α,Q26.9
5.0,Τ02Α,Q26.1
5.0,Τ02Α,Q26.9
5.0,Τ02Α,Q26.8
5.0,Τ02Α,Q26.9
5.0,Τ02Α,Q26.9
5.0,Τ02Α,Q26.8
5.0,Τ02Α,Q26.2
5.0,Τ02Α,Q26.2
5.0,Τ02Α,Q26.2
5.0,Τ02Α,Q26.2
5.0,Τ02Α,Q26.2
5.0,Τ02Α,Q26.3
5.0,Τ02Α,Q26.8
5.0,Τ02Α,Q24.5
5.0,Τ02Α,Q20.8
5.0,Τ02Α,Q20.8
5.0,Τ02Α,Q24.2
5.0,Τ02Α,Q21.9
5.0,Τ02Α,Q21.1
5.0,Τ02Α,Q21.1
5.0,Τ02Α,Q21.1
5.0,Τ02Α,Q21.1
5.0,Τ02Α,Q21.2
5.0,Τ02Α,Q21.1
5.0,Τ02Α,Q22.9
5.0,Τ02Α,Q22.8
5.0,Τ02Α,Q22.8
5.0,Τ02Α,Q22.8
5.0,Τ02Α,Q22.5
5.0,Τ02Α,Q22.4
5.0,Τ02Α,Q23.2
5.0,Τ02Α,Q23.9
5.0,Τ02Α,Q23.3
5.0,Τ02Α,Q23.3
5.0,Τ02Α,Q23.8
5.0,Τ02Α,Q20.8
5.0,Τ02Α,I34.1
5.0,Τ02Α,Q23.8
5.0,Τ02Α,Q23.2
5.0,Τ02Α,Q23.2
5.0,Τ02Α,Q23.8
5.0,Τ02Α,Q23.8
5.0,Τ02Α,Q21.2
5.0,Τ02Α,Q21.2
5.0,Τ02Α,Q21.2
5.0,Τ02Α,Q21.2
5.0,Τ02Α,Q21.2
5.0,Τ02Α,Q21.2
5.0,Τ02Α,Q24.8
5.0,Τ02Α,Q21.2
5.0,Τ02Α,Q20.9
5.0,Τ02Α,Q20.8
5.0,Τ02Α,Q20.8
5.0,Τ02Α,Q24.9
5.0,Τ02Α,Q24.8
5.0,Τ02Α,Q20.8
5.0,Τ02Α,Q24.8
5.0,Τ02Α,Q24.8
5.0,Τ02Α,Q24.9
5.0,Τ02Α,Q20.8
5.0,Τ02Α,Q24.8
5.0,Τ02Α,Q23.4
5.0,Τ02Α,Q24.8
5.0,Τ02Α,Q21.0
5.0,Τ02Α,Q21.0
5.0,Τ02Α,Q21.0
5.0,Τ02Α,Q21.0
5.0,Τ02Α,Q21.0
5.0,Τ02Α,Q21.0
5.0,Τ02Α,Q21.0
5.0,Τ02Α,Q21.0
5.0,Τ02Α,Q21.0
5.0,Τ02Α,Q21.0
5.0,Τ02Α,Z87.7
5.0,Τ02Α,Q21.9
5.0,Τ02Α,Q21.4
5.0,Τ02Α,Q25.7
5.0,Τ02Α,Q24.8
5.0,Τ02Α,Q24.8
5.0,Τ02Α,Q22.3
5.0,Τ02Α,Q24.3
5.0,Τ02Α,Q22.2
5.0,Τ02Α,Q22.0
5.0,Τ02Α,Q22.0
5.0,Τ02Α,Q22.0
5.0,Τ02Α,Q24.8
5.0,Τ02Α,Q25.7
5.0,Τ02Α,Q25.6
5.0,Τ02Α,Q25.7
5.0,Τ02Α,Q25.7
5.0,Τ02Α,Q25.7
5.0,Τ02Α,Q25.7
5.0,Τ02Α,Q25.7
5.0,Τ02Α,Q23.0
5.0,Τ02Α,Q24.4
5.0,Τ02Α,Q24.4
5.0,Τ02Α,Q23.9
5.0,Τ02Α,Q23.0
5.0,Τ02Α,Q23.0
5.0,Τ02Α,Q23.1
5.0,Τ02Α,Q23.1
5.0,Τ02Α,Q23.1
5.0,Τ02Α,Q23.0
5.0,Τ02Α,Q25.3
5.0,Τ02Α,Q25.4
5.0,Τ02Α,Q25.3
5.0,Τ02Α,Q25.4
5.0,Τ02Α,Q87.4
5.0,Τ02Α,Q25.4
5.0,Τ02Α,Q25.4
5.0,Τ02Α,Q25.4
5.0,Τ02Α,Q25.1
5.0,Τ02Α,Q25.4
5.0,Τ02Α,Q25.4
5.0,Τ02Α,Q27.8
5.0,Τ02Α,Q27.8
5.0,Τ02Α,Q25.4
5.0,Τ02Α,Q25.4
5.0,Τ02Α,Q25.7
5.0,Τ02Α,Q25.4
5.0,Τ02Α,Q25.4
5.0,Τ02Α,Q24.5
5.0,Τ02Α,Q24.5
5.0,Τ02Α,Q24.5
5.0,Τ02Α,Q25.8
5.0,Τ02Α,Q25.0
5.0,Τ02Α,Q27.3
5.0,Τ02Α,Q25.7
5.0,Τ02Α,Q27.8
5.0,Τ02Α,Q24.8
5.0,Τ02Α,Q89.7
5.0,Τ02Α,Z82.7
5.0,Τ02Α,Q86.8
5.0,Τ02Α,P00.8
5.0,Τ02Α,P96.9
5.0,Τ02Α,P70.1
5.0,Τ02Α,P07.3
5.0,Τ02Α,P77
5.0,Τ02Α,P29.4
5.0,Τ02Α,P29.3
5.0,Τ02Α,O35.9
5.0,Τ02Α,O36.2
5.0,Τ02Α,O35.8
5.0,Τ02Α,O28.3
5.0,Τ02Α,O28.3
5.0,Τ02Α,O28.3
5.0,Τ02Α,O28.3
5.0,Τ02Α,O28.3
5.0,Τ02Α,O28.3
5.0,Τ02Α,Q99.9
5.0,Τ02Α,Q90.9
5.0,Τ02Α,Q96
5.0,Τ02Α,Q93.8
5.0,Τ02Α,Q91.3
5.0,Τ02Α,Q91.7
5.0,Τ02Α,Q87.8
5.0,Τ02Α,E74.0
5.0,Τ02Α,G11.1
5.0,Τ02Α,G71.0
5.0,Τ02Α,Q87.4
5.0,Τ02Α,Q87.1
5.0,Τ02Α,Q85.1
5.0,Τ02Α,D82.1
5.0,Τ02Α,Q93.8
5.0,Τ02Α,Q44.7
5.0,Τ02Α,P35.0
5.0,Τ02Α,Q87.8
5.0,Τ02Α,E78.9
5.0,Τ02Α,Q89.9
5.0,Τ02Α,Q20.6
5.0,Τ02Α,Q20.6
5.0,Τ02Α,E84.9
5.0,Τ02Α,Q64.9
5.0,Τ02Α,Q02
5.0,Τ02Α,F79
5.0,Τ02Α,Q37
5.0,Τ02Α,Q67.5
5.0,Τ02Α,Q67.8
5.0,Τ02Α,Q67.7
5.0,Τ02Α,Q67.6
5.0,Τ02Α,I00
5.0,Τ02Α,I01
5.0,Τ02Α,I33.0
5.0,Τ02Α,I33.0
5.0,Τ02Α,I33.0
5.0,Τ02Α,I51.8
5.0,Τ02Α,I40.0
5.0,Τ02Α,I40.0
5.0,Τ02Α,I30.1
5.0,Τ02Α,I30.1
5.0,Τ02Α,I30.1
5.0,Τ02Α,I87.9
5.0,Τ02Α,I87.1
5.0,Τ02Α,I28.9
5.0,Τ02Α,I87.9
5.0,Τ02Α,I87.9
5.0,Τ02Α,I51.8
5.0,Τ02Α,I97.8
5.0,Τ02Α,T82.8
5.0,Τ02Α,I51.8
5.0,Τ02Α,I97.8
5.0,Τ02Α,I97.8
5.0,Τ02Α,Q21.1
5.0,Τ02Α,I38
5.0,Τ02Α,T82.0
5.0,Τ02Α,I36.9
5.0,Τ02Α,Q22.8
5.0,Τ02Α,T82.0
5.0,Τ02Α,I34.2
5.0,Τ02Α,I34.0
5.0,Τ02Α,I34.0
5.0,Τ02Α,I37.0
5.0,Τ02Α,I37.0
5.0,Τ02Α,I37.1
5.0,Τ02Α,I37.9
5.0,Τ02Α,Q22.1
5.0,Τ02Α,I35.9
5.0,Τ02Α,I35.0
5.0,Τ02Α,I35.1
5.0,Τ02Α,Q24.8
5.0,Τ02Α,I34.0
5.0,Τ02Α,I51.8
5.0,Τ02Α,I50.0
5.0,Τ02Α,T82.8
5.0,Τ02Α,Q24.8
5.0,Τ02Α,I51.8
5.0,Τ02Α,I50.1
5.0,Τ02Α,I51.8
5.0,Τ02Α,T82.8
5.0,Τ02Α,I51.8
5.0,Τ02Α,I51.8
5.0,Τ02Α,I51.8
5.0,Τ02Α,I51.8
5.0,Τ02Α,I23.2
5.0,Τ02Α,Q21.0
5.0,Τ02Α,I50.9
5.0,Τ02Α,I42.9
5.0,Τ02Α,I42.2
5.0,Τ02Α,I42.0
5.0,Τ02Α,I42.8
5.0,Τ02Α,I42.4
5.0,Τ02Α,I42.5
5.0,Τ02Α,I42.8
5.0,Τ02Α,I28.9
5.0,Τ02Α,Q25.6
5.0,Τ02Α,Q25.6
5.0,Τ02Α,I27.0
5.0,Τ02Α,I27.0
5.0,Τ02Α,I27.8
5.0,Τ02Α,I27.8
5.0,Τ02Α,I27.8
5.0,Τ02Α,I27.8
5.0,Τ02Α,I26.9
5.0,Τ02Α,Q25.1
5.0,Τ02Α,I71.2
5.0,Τ02Α,I77.1
5.0,Τ02Α,I71.0
5.0,Τ02Α,I71.2
5.0,Τ02Α,I77.6
5.0,Τ02Α,M30.3
5.0,Τ02Α,I25.9
5.0,Τ02Α,I21.9
5.0,Τ02Α,I10
5.0,Τ02Α,I10
5.0,Τ02Α,I15.9
5.0,Τ02Α,I15.8
5.0,Τ02Α,T82.5
5.0,Τ02Α,I30.9
5.0,Τ02Α,I31.1
5.0,Τ02Α,I31.3
5.0,Τ02Α,D48.7
5.0,Τ02Α,S26
5.0,Τ02Α,I97.9
5.0,Τ02Α,T86.2
5.0,Τ02Α,I25.1
5.0,Τ02Α,T86.3
5.0,Τ02Α,J44.8
5.0,Τ02Α,R94.3
5.0,Τ02Α,I49.9
5.0,Τ02Α,I49.8
5.0,Τ02Α,I47.1
5.0,Τ02Α,I47.1
5.0,Τ02Α,I49.5
5.0,Τ02Α,I49.1
5.0,Τ02Α,I48
5.0,Τ02Α,I48
5.0,Τ02Α,I47.1
5.0,Τ02Α,I49.8
5.0,Τ02Α,I47.1
5.0,Τ02Α,I47.1
5.0,Τ02Α,I97.1
5.0,Τ02Α,I45.6
5.0,Τ02Α,I45.6
5.0,Τ02Α,I45.8
5.0,Τ02Α,I45.6
5.0,Τ02Α,I45.6
5.0,Τ02Α,I47.1
5.0,Τ02Α,I49.8
5.0,Τ02Α,I47.2
5.0,Τ02Α,I47.2
5.0,Τ02Α,I49.0
5.0,Τ02Α,I49.0
5.0,Τ02Α,149.3
5.0,Τ02Α,I45.9
5.0,Τ02Α,I45.5
5.0,Τ02Α,I44.0
5.0,Τ02Α,I44.1
5.0,Τ02Α,I44.2
5.0,Τ02Α,Q24.6
5.0,Τ02Α,I44.2
5.0,Τ02Α,I45.1
5.0,Τ02Α,I44.7
5.0,Τ02Α,I45.8
5.0,Τ02Α,T82.1
5.0,Τ02Α,T82.1
5.0,Τ02Α,T82.1
5.0,Τ02Α,T82.1
5.0,Τ02Α,T82.1
5.0,Τ02Α,T82.9
5.0,Τ02Α,T82.1
5.0,Τ02Α,J39.8
5.0,Τ02Α,J39.8
5.0,Τ02Α,J96.9
5.0,Τ02Α,J93.9
5.0,Τ02Α,J90
5.0,Τ02Α,J94.0
5.0,Τ02Α,J86
5.0,Τ02Α,D15.7
5.0,Τ02Α,D13.0
5.0,Τ02Α,D15.2
5.0,Τ02Α,J98.6
5.0,Τ02Α,R09.8
5.0,Τ02Α,R55
5.0,Τ02Α,R23.0
5.0,Τ02Α,I50.9
5.0,Τ02Α,R09.8
5.0,Τ02Α,R00.2
5.0,Τ02Α,R07.4
5.0,Τ02Α,R62.8
5.0,Τ02Α,I95.9
5.0,Τ02Α,T81.8
5.0,Τ02Α,T81.8
5.0,Τ02Α,I97.8
5.0,Τ02Α,I97.1
5.0,Τ02Α,I97.8
5.0,Τ02Α,I97.8
5.0,Τ02Α,T81.1
5.0,Τ02Α,I97.8
5.0,Τ02Α,I44.2
5.0,Τ02Α,I44.2
5.0,Τ02Α,I44.2
5.0,Τ02Α,T81.0
5.0,Τ02Α,T81.0
5.0,Τ02Α,D68.9
5.0,Τ02Α,D59.8
5.0,Τ02Α,T81.8
5.0,Τ02Α,T81.8
5.0,Τ02Α,E88.9
5.0,Τ02Α,E87.2
5.0,Τ02Α,T81.4
5.0,Τ02Α,T81.8
5.0,Τ02Α,J95.9
5.0,Τ02Α,J94.0
5.0,Τ02Α,T81.0
5.0,Τ02Α,J93.9
5.0,Τ02Α,J95.3
5.0,Τ02Α,J98.6
5.0,Τ02Α,G52.2
5.0,Τ02Α,G90.2
5.0,Τ02Α,N99.0
5.0,Τ02Α,G97.9
5.0,Τ02Α,I97.0
5.0,Τ02Α,I31.3
5.0,Τ02Α,I31.9
5.0,Κ10Μ,I21.0
5.0,Κ10Μ,I21.1 
5.0,Κ10Μ,I21.2
5.0,Κ10Μ,I21.3
5.0,Κ10Μ,I21.4
5.0,Κ10Μ,I21.9
5.0,Κ10Μ,I22.0
5.0,Κ10Μ,I22.1
5.0,Κ10Μ,I22.8
5.0,Κ10Μ,I22.9
5.0,Κ10Μ,I23.0
5.0,Κ10Μ,I23.1
5.0,Κ10Μ,I23.2
5.0,Κ10Μ,I23.3
5.0,Κ10Μ,I23.4
5.0,Κ10Μ,I23.5
5.0,Κ10Μ,I23.6
5.0,Κ10Μ,I23.8
5.0,Κ10Μ,I24.8
5.0,Κ10Μ,I24.9
5.0,Κ10Μ,I48
5.0,Κ10Μ,I49
5.0,Κ10Μ,I50.0
5.0,Κ10Μ,I50.1
5.0,Κ10Μ,I50.9
5.0,Κ10Μ,I46.0
5.0,Κ10Μ,I49.0
5.0,Κ10Μ,I49.5
5.0,Κ10Μ,I21
5.0,Κ10Μ,I22
5.0,Κ10Μ,I23
5.0,Κ10Μ,I24
5.0,Κ10Μ,I50
5.0,Κ10Μ,I46
5.0,Κ10Μ,R55
5.0,Κ10Μ,R57
5.0,Κ10Χ,I21.0
5.0,Κ10Χ,I21.1
5.0,Κ10Χ,I21.2
5.0,Κ10Χ,I21.3
5.0,Κ10Χ,I21.4
5.0,Κ10Χ,I21.9
5.0,Κ10Χ,I22.0
5.0,Κ10Χ,I22.1
5.0,Κ10Χ,I22.8
5.0,Κ10Χ,I22.9
5.0,Κ10Χ,I24.1
5.0,Κ10Χ,I24.8
5.0,Κ10Χ,I24.9
5.0,Κ10Χ,I48
5.0,Κ10Χ,I49
5.0,Κ10Χ,I49.1
5.0,Κ10Χ,I49.2
5.0,Κ10Χ,I49.3
5.0,Κ10Χ,I49.4
5.0,Κ10Χ,I49.8
5.0,Κ10Χ,I49.9
5.0,Κ10Χ,I21
5.0,Κ10Χ,I22
5.0,Κ10Χ,I24
5.0,Κ15Μ,I20.0
5.0,Κ15Μ,I20.1
5.0,Κ15Μ,I20.8 
5.0,Κ15Μ,I20.9 
5.0,Κ15Μ,I24.0 
5.0,Κ15Μ,I24.8 
5.0,Κ15Μ,I24.9 
5.0,Κ15Μ,I25.5 
5.0,Κ15Μ,I25.6 
5.0,Κ15Μ,I30 
5.0,Κ15Μ,I31.2 
5.0,Κ15Μ,I31.9 
5.0,Κ15Μ,I48 
5.0,Κ15Μ,I46.0 
5.0,Κ15Μ,I49 
5.0,Κ15Μ,I49.0 
5.0,Κ15Μ,I49.5 
5.0,Κ15Μ,I21.9 
5.0,Κ15Μ,I20 
5.0,Κ15Μ,I24 
5.0,Κ15Μ,I25 
5.0,Κ15Μ,I46 
5.0,Κ15Μ,R55 
5.0,Κ15Μ,R57.0 
5.0,Κ15Χ,I20.0 
5.0,Κ15Χ,I20.1 
5.0,Κ15Χ,I20.8 
5.0,Κ15Χ,I20.9 
5.0,Κ15Χ,I24.0 
5.0,Κ15Χ,I24.8 
5.0,Κ15Χ,I24.9 
5.0,Κ15Χ,I25.5 
5.0,Κ15Χ,I25.6 
5.0,Κ15Χ,I48 
5.0,Κ15Χ,I20 
5.0,Κ15Χ,I24 
5.0,Κ15Χ,I25 
5.0,Κ16Μ,I20.0 
5.0,Κ16Μ,I20.1 
5.0,Κ16Μ,I20.8 
5.0,Κ16Μ,I20.9 
5.0,Κ16Μ,I24.0 
5.0,Κ16Μ,I24.8 
5.0,Κ16Μ,I24.9 
5.0,Κ16Μ,I25.5 
5.0,Κ16Μ,I25.6 
5.0,Κ16Μ,I30 
5.0,Κ16Μ,I31.2 
5.0,Κ16Μ,I31.9 
5.0,Κ16Μ,I46.0 
5.0,Κ16Μ,I48 
5.0,Κ16Μ,I49 
5.0,Κ16Μ,I49.0 
5.0,Κ16Μ,I49.5 
5.0,Κ16Μ,I21.9 
5.0,Κ16Μ,I20 
5.0,Κ16Μ,I24 
5.0,Κ16Μ,I25 
5.0,Κ16Μ,I46 
5.0,Κ16Μ,R55 
5.0,Κ16Μ,R57.0 
5.0,Κ16Χ,I20.0 
5.0,Κ16Χ,I20.1 
5.0,Κ16Χ,I20.8 
5.0,Κ16Χ,I20.9 
5.0,Κ16Χ,I24.0 
5.0,Κ16Χ,I24.8 
5.0,Κ16Χ,I24.9 
5.0,Κ16Χ,I25.5 
5.0,Κ16Χ,I25.6 
5.0,Κ16Χ,I20 
5.0,Κ16Χ,I24 
5.0,Κ16Χ,I25 
5.0,Κ19Α,I05.0 
5.0,Κ19Α,I34.0 
5.0,Κ19Α,I34.2 
5.0,Κ19Α,I35.0 
5.0,Κ19Α,I20.0 
5.0,Κ19Α,I20.1 
5.0,Κ19Α,I20.8 
5.0,Κ19Α,I20.9 
5.0,Κ19Α,I21.0 
5.0,Κ19Α,I21.1 
5.0,Κ19Α,I21.2 
5.0,Κ19Α,I21.3 
5.0,Κ19Α,I21.4 
5.0,Κ19Α,I21.9 
5.0,Κ19Α,I22.0 
5.0,Κ19Α,I22.1 
5.0,Κ19Α,I22.8 
5.0,Κ19Α,I22.9 
5.0,Κ19Α,I23.2 
5.0,Κ19Α,I23.3 
5.0,Κ19Α,I23.4 
5.0,Κ19Α,I23.5 
5.0,Κ19Α,I23.8 
5.0,Κ19Α,I24.0 
5.0,Κ19Α,I24.8 
5.0,Κ19Α,I24.9 
5.0,Κ19Α,I25.5 
5.0,Κ19Α,I25.6 
5.0,Κ19Α,I27.0 
5.0,Κ19Α,I40.9 
5.0,Κ19Α,I50.0 
5.0,Κ19Α,I50.1 
5.0,Κ19Α,I50.9 
5.0,Κ19Α,I51.0 
5.0,Κ19Α,I51.1 
5.0,Κ19Α,I51.2 
5.0,Κ19Α,I51.4 
5.0,Κ19Α,I51.5 
5.0,Κ19Α,I97.1 
5.0,Κ19Α,I97.8 
5.0,Κ19Α,I97.9 
5.0,Κ19Α,I26.0 
5.0,Κ19Α,I42.1 
5.0,Κ19Α,Z94.1 
5.0,Κ19Α,I05 
5.0,Κ19Α,I34 
5.0,Κ19Α,I35 
5.0,Κ19Α,I20 
5.0,Κ19Α,I21 
5.0,Κ19Α,I22 
5.0,Κ19Α,I23 
5.0,Κ19Α,I24 
5.0,Κ19Α,I25 
5.0,Κ19Α,I27 
5.0,Κ19Α,I40 
5.0,Κ19Α,I50 
5.0,Κ19Α,I51 
5.0,Κ19Α,I97.0 
5.0,Κ19Α,R55 
5.0,Κ19Α,I26 
5.0,Κ19Α,I42 
5.0,Κ19Α,Z94 
5.0,Κ19Α,R57.0 
5.0,Κ21Μ,I05.0 
5.0,Κ21Μ,I34.0 
5.0,Κ21Μ,I34.2 
5.0,Κ21Μ,I35.0 
5.0,Κ21Μ,I24.8 
5.0,Κ21Μ,I24.9 
5.0,Κ21Μ,I25.5 
5.0,Κ21Μ,I26.0 
5.0,Κ21Μ,I27.8 
5.0,Κ21Μ,I27.0 
5.0,Κ21Μ,I27.9 
5.0,Κ21Μ,I40.9 
5.0,Κ21Μ,I42.0 
5.0,Κ21Μ,I42.1 
5.0,Κ21Μ,I42.2 
5.0,Κ21Μ,I42.3 
5.0,Κ21Μ,I42.4 
5.0,Κ21Μ,I42.5 
5.0,Κ21Μ,I42.6 
5.0,Κ21Μ,I42.7 
5.0,Κ21Μ,I42.8 
5.0,Κ21Μ,I42.9 
5.0,Κ21Μ,I50.0 
5.0,Κ21Μ,I50.1 
5.0,Κ21Μ,I50.9 
5.0,Κ21Μ,I51.0 
5.0,Κ21Μ,I51.1 
5.0,Κ21Μ,I51.2 
5.0,Κ21Μ,I51.4 
5.0,Κ21Μ,I51.5 
5.0,Κ21Μ,I46.0 
5.0,Κ21Μ,I97.1 
5.0,Κ21Μ,I97.8 
5.0,Κ21Μ,I97.9 
5.0,Κ21Μ,Z94.1 
5.0,Κ21Μ,I05 
5.0,Κ21Μ,I34 
5.0,Κ21Μ,I35 
5.0,Κ21Μ,I24 
5.0,Κ21Μ,I25 
5.0,Κ21Μ,I26 
5.0,Κ21Μ,I27 
5.0,Κ21Μ,I28 
5.0,Κ21Μ,I40 
5.0,Κ21Μ,I42 
5.0,Κ21Μ,I50 
5.0,Κ21Μ,I51 
5.0,Κ21Μ,I46 
5.0,Κ21Μ,I97.0 
5.0,Κ21Μ,R55 
5.0,Κ21Μ,R57.0 
5.0,Κ21Μ,Z94 
5.0,Κ21Μ,I05.0
5.0,Κ21Μ,I05.2
5.0,Κ21Μ,I05.3
5.0,Κ21Μ,I05.4
5.0,Κ21Μ,I05.5
5.0,Κ21Μ,I05.6
5.0,Κ21Μ,I05.7
5.0,Κ21Μ,I05.8
5.0,Κ21Μ,I05.9
5.0,Κ21Χ,I05.0 
5.0,Κ21Χ,I34.0 
5.0,Κ21Χ,I34.2 
5.0,Κ21Χ,I35.0 
5.0,Κ21Χ,I24.8 
5.0,Κ21Χ,I24.9 
5.0,Κ21Χ,I25.5 
5.0,Κ21Χ,I26.0 
5.0,Κ21Χ,I27.8 
5.0,Κ21Χ,I27.9 
5.0,Κ21Χ,I40.9 
5.0,Κ21Χ,I42.0 
5.0,Κ21Χ,I42.1 
5.0,Κ21Χ,I42.2 
5.0,Κ21Χ,I42.3 
5.0,Κ21Χ,I42.4 
5.0,Κ21Χ,I42.5 
5.0,Κ21Χ,I42.6 
5.0,Κ21Χ,I42.7 
5.0,Κ21Χ,I42.8 
5.0,Κ21Χ,I42.9 
5.0,Κ21Χ,Z94.1 
5.0,Κ21Χ,I05 
5.0,Κ21Χ,I34 
5.0,Κ21Χ,I35 
5.0,Κ21Χ,I24 
5.0,Κ21Χ,I25 
5.0,Κ21Χ,I26 
5.0,Κ21Χ,I27 
5.0,Κ21Χ,I28 
5.0,Κ21Χ,I40 
5.0,Κ21Χ,I42 
5.0,Κ21Χ,Z94 
5.0,Κ21Χ,I05.0
5.0,Κ21Χ,I05.2
5.0,Κ21Χ,I05.3
5.0,Κ21Χ,I05.4
5.0,Κ21Χ,I05.5
5.0,Κ21Χ,I05.6
5.0,Κ21Χ,I05.7
5.0,Κ21Χ,I05.8
5.0,Κ21Χ,I05.9
5.0,Κ30Μ,I11.0 
5.0,Κ30Μ,I23.1 
5.0,Κ30Μ,I23.2 
5.0,Κ30Μ,I23.3 
5.0,Κ30Μ,I23.4 
5.0,Κ30Μ,I23.5 
5.0,Κ30Μ,I23.8 
5.0,Κ30Μ,I24.8 
5.0,Κ30Μ,I24.9 
5.0,Κ30Μ,I25.5 
5.0,Κ30Μ,I25.6 
5.0,Κ30Μ,I25.8 
5.0,Κ30Μ,I26.0 
5.0,Κ30Μ,I27 
5.0,Κ30Μ,I27.8 
5.0,Κ30Μ,I27.9 
5.0,Κ30Μ,I31.0 
5.0,Κ30Μ,I31.1 
5.0,Κ30Μ,I46.0 
5.0,Κ30Μ,Z94.1 
5.0,Κ30Μ,I71.0 
5.0,Κ30Μ,I71.1 
5.0,Κ30Μ,I71.5 
5.0,Κ30Μ,I71.8 
5.0,Κ30Μ,T86.2 
5.0,Κ30Μ,T86.3 
5.0,Κ30Μ,I01 
5.0,Κ30Μ,I05 
5.0,Κ30Μ,I06 
5.0,Κ30Μ,I07 
5.0,Κ30Μ,I08 
5.0,Κ30Μ,I09.0 
5.0,Κ30Μ,I11 
5.0,Κ30Μ,I21 
5.0,Κ30Μ,I22 
5.0,Κ30Μ,I23 
5.0,Κ30Μ,I24 
5.0,Κ30Μ,I25 
5.0,Κ30Μ,I26 
5.0,Κ30Μ,I27 
5.0,Κ30Μ,I31 
5.0,Κ30Μ,I34 
5.0,Κ30Μ,I35 
5.0,Κ30Μ,I36 
5.0,Κ30Μ,I40 
5.0,Κ30Μ,I42 
5.0,Κ30Μ,I46 
5.0,Κ30Μ,I50 
5.0,Κ30Μ,I51 
5.0,Κ30Μ,I97.0 
5.0,Κ30Μ,R55 
5.0,Κ30Μ,R57.0 
5.0,Κ30Μ,Z94 
5.0,Κ30Μ,I71 
5.0,Κ30Μ,T86  
5.0,Κ30Μ,I01.1
5.0,Κ30Μ,I01.2
5.0,Κ30Μ,I01.3
5.0,Κ30Μ,I01.4
5.0,Κ30Μ,I01.5
5.0,Κ30Μ,I01.6
5.0,Κ30Μ,I01.7
5.0,Κ30Μ,I01.8
5.0,Κ30Μ,I01.9
5.0,Κ30Μ,I05.0
5.0,Κ30Μ,I05.1
5.0,Κ30Μ,I05.2
5.0,Κ30Μ,I05.3
5.0,Κ30Μ,I05.4
5.0,Κ30Μ,I05.5
5.0,Κ30Μ,I05.6
5.0,Κ30Μ,I05.7
5.0,Κ30Μ,I05.8
5.0,Κ30Μ,I05.9
5.0,Κ30Μ,I06.0
5.0,Κ30Μ,I06.1
5.0,Κ30Μ,I06.2
5.0,Κ30Μ,I06.3
5.0,Κ30Μ,I06.4
5.0,Κ30Μ,I06.5
5.0,Κ30Μ,I06.6
5.0,Κ30Μ,I06.7
5.0,Κ30Μ,I06.8
5.0,Κ30Μ,I06.9
5.0,Κ30Μ,I07.0
5.0,Κ30Μ,I07.1
5.0,Κ30Μ,I07.2
5.0,Κ30Μ,I07.3
5.0,Κ30Μ,I07.4
5.0,Κ30Μ,I07.5
5.0,Κ30Μ,I07.6
5.0,Κ30Μ,I07.7
5.0,Κ30Μ,I07.8
5.0,Κ30Μ,I07.9
5.0,Κ30Μ,I08.0
5.0,Κ30Μ,I08.1
5.0,Κ30Μ,I08.2
5.0,Κ30Μ,I08.3
5.0,Κ30Μ,I08.4
5.0,Κ30Μ,I08.5
5.0,Κ30Μ,I08.6
5.0,Κ30Μ,I08.7
5.0,Κ30Μ,I08.8
5.0,Κ30Μ,I08.9
5.0,Κ30Μ,I09.0
5.0,Κ30Μ,I09.1
5.0,Κ30Μ,I09.2
5.0,Κ30Μ,I09.3
5.0,Κ30Μ,I09.4
5.0,Κ30Μ,I09.5
5.0,Κ30Μ,I09.6
5.0,Κ30Μ,I09.7
5.0,Κ30Μ,I09.8
5.0,Κ30Μ,I09.9
5.0,Κ30Μ,I21.0
5.0,Κ30Μ,I21.1
5.0,Κ30Μ,I21.2
5.0,Κ30Μ,I21.3
5.0,Κ30Μ,I21.4
5.0,Κ30Μ,I21.5
5.0,Κ30Μ,I21.6
5.0,Κ30Μ,I21.7
5.0,Κ30Μ,I21.8
5.0,Κ30Μ,I21.9
5.0,Κ30Μ,I22.0
5.0,Κ30Μ,I22.1
5.0,Κ30Μ,I22.2
5.0,Κ30Μ,I22.3
5.0,Κ30Μ,I22.4
5.0,Κ30Μ,I22.5
5.0,Κ30Μ,I22.6
5.0,Κ30Μ,I22.7
5.0,Κ30Μ,I22.8
5.0,Κ30Μ,I22.9
5.0,Κ30Μ,I34.0
5.0,Κ30Μ,I34.1
5.0,Κ30Μ,I34.2
5.0,Κ30Μ,I34.3
5.0,Κ30Μ,I34.4
5.0,Κ30Μ,I34.5
5.0,Κ30Μ,I34.6
5.0,Κ30Μ,I34.7
5.0,Κ30Μ,I34.8
5.0,Κ30Μ,I34.9
5.0,Κ30Μ,I35.0
5.0,Κ30Μ,I35.1
5.0,Κ30Μ,I35.2
5.0,Κ30Μ,I35.3
5.0,Κ30Μ,I35.4
5.0,Κ30Μ,I35.5
5.0,Κ30Μ,I35.6
5.0,Κ30Μ,I35.7
5.0,Κ30Μ,I35.8
5.0,Κ30Μ,I35.9
5.0,Κ30Μ,I36.0
5.0,Κ30Μ,I36.1
5.0,Κ30Μ,I36.2
5.0,Κ30Μ,I36.3
5.0,Κ30Μ,I36.4
5.0,Κ30Μ,I36.5
5.0,Κ30Μ,I36.6
5.0,Κ30Μ,I36.7
5.0,Κ30Μ,I36.8
5.0,Κ30Μ,I36.9
5.0,Κ30Μ,I40.0
5.0,Κ30Μ,I40.1
5.0,Κ30Μ,I40.2
5.0,Κ30Μ,I40.3
5.0,Κ30Μ,I40.4
5.0,Κ30Μ,I40.5
5.0,Κ30Μ,I40.6
5.0,Κ30Μ,I40.7
5.0,Κ30Μ,I40.8
5.0,Κ30Μ,I40.9
5.0,Κ30Μ,I42.0
5.0,Κ30Μ,I42.1
5.0,Κ30Μ,I42.2
5.0,Κ30Μ,I42.3
5.0,Κ30Μ,I42.4
5.0,Κ30Μ,I42.5
5.0,Κ30Μ,I42.6
5.0,Κ30Μ,I42.7
5.0,Κ30Μ,I42.8
5.0,Κ30Μ,I42.9
5.0,Κ30Μ,I50.0
5.0,Κ30Μ,I50.1
5.0,Κ30Μ,I50.2
5.0,Κ30Μ,I50.3
5.0,Κ30Μ,I50.4
5.0,Κ30Μ,I50.5
5.0,Κ30Μ,I50.6
5.0,Κ30Μ,I50.7
5.0,Κ30Μ,I50.8
5.0,Κ30Μ,I50.9
5.0,Κ30Μ,I51.0
5.0,Κ30Μ,I51.1
5.0,Κ30Μ,I51.2
5.0,Κ30Μ,I51.3
5.0,Κ30Μ,I51.4
5.0,Κ30Μ,I51.5
5.0,Κ30Μ,I51.6
5.0,Κ30Μ,I51.7
5.0,Κ30Μ,I51.8
5.0,Κ30Μ,I51.9
5.0,Κ30Μ,I05.0
5.0,Κ30Μ,I05.2
5.0,Κ30Μ,I05.3
5.0,Κ30Μ,I05.4
5.0,Κ30Μ,I05.5
5.0,Κ30Μ,I05.6
5.0,Κ30Μ,I05.7
5.0,Κ30Μ,I05.8
5.0,Κ30Μ,I05.9
5.0,Κ30Μ,I50
5.0,Κ30Μ,I51.4
5.0,Κ30Μ,I51.5
5.0,Κ30Μ,I51.6
5.0,Κ30Μ,I51.7
5.0,Κ30Μ,I51.8
5.0,Κ30Μ,I51.9
5.0,Κ30Χ,I11.0 
5.0,Κ30Χ,I24.8 
5.0,Κ30Χ,I24.9 
5.0,Κ30Χ,I25.5 
5.0,Κ30Χ,I25.6 
5.0,Κ30Χ,I25.8 
5.0,Κ30Χ,I26.0 
5.0,Κ30Χ,I27 
5.0,Κ30Χ,I27.8 
5.0,Κ30Χ,I27.9 
5.0,Κ30Χ,I31.0 
5.0,Κ30Χ,I31.1 
5.0,Κ30Χ,I01 
5.0,Κ30Χ,I05 
5.0,Κ30Χ,I06 
5.0,Κ30Χ,I07 
5.0,Κ30Χ,I08 
5.0,Κ30Χ,I09.0 
5.0,Κ30Χ,I11 
5.0,Κ30Χ,I21 
5.0,Κ30Χ,I22 
5.0,Κ30Χ,I24 
5.0,Κ30Χ,I25 
5.0,Κ30Χ,I26 
5.0,Κ30Χ,I27 
5.0,Κ30Χ,I31 
5.0,Κ30Χ,I34 
5.0,Κ30Χ,I35 
5.0,Κ30Χ,I36 
5.0,Κ30Χ,I40 
5.0,Κ30Χ,I42 
5.0,Κ30Χ,I50 
5.0,Κ30Χ,I97.0 
5.0,Κ30Χ,I01.1
5.0,Κ30Χ,I01.2
5.0,Κ30Χ,I01.3
5.0,Κ30Χ,I01.4
5.0,Κ30Χ,I01.5
5.0,Κ30Χ,I01.6
5.0,Κ30Χ,I01.7
5.0,Κ30Χ,I01.8
5.0,Κ30Χ,I01.9
5.0,Κ30Χ,I05.0
5.0,Κ30Χ,I05.1
5.0,Κ30Χ,I05.2
5.0,Κ30Χ,I05.3
5.0,Κ30Χ,I05.4
5.0,Κ30Χ,I05.5
5.0,Κ30Χ,I05.6
5.0,Κ30Χ,I05.7
5.0,Κ30Χ,I05.8
5.0,Κ30Χ,I05.9
5.0,Κ30Χ,I06.0
5.0,Κ30Χ,I06.1
5.0,Κ30Χ,I06.2
5.0,Κ30Χ,I06.3
5.0,Κ30Χ,I06.4
5.0,Κ30Χ,I06.5
5.0,Κ30Χ,I06.6
5.0,Κ30Χ,I06.7
5.0,Κ30Χ,I06.8
5.0,Κ30Χ,I06.9
5.0,Κ30Χ,I07.0
5.0,Κ30Χ,I07.1
5.0,Κ30Χ,I07.2
5.0,Κ30Χ,I07.3
5.0,Κ30Χ,I07.4
5.0,Κ30Χ,I07.5
5.0,Κ30Χ,I07.6
5.0,Κ30Χ,I07.7
5.0,Κ30Χ,I07.8
5.0,Κ30Χ,I07.9
5.0,Κ30Χ,I08.0
5.0,Κ30Χ,I08.1
5.0,Κ30Χ,I08.2
5.0,Κ30Χ,I08.3
5.0,Κ30Χ,I08.4
5.0,Κ30Χ,I08.5
5.0,Κ30Χ,I08.6
5.0,Κ30Χ,I08.7
5.0,Κ30Χ,I08.8
5.0,Κ30Χ,I08.9
5.0,Κ30Χ,I09.0
5.0,Κ30Χ,I09.1
5.0,Κ30Χ,I09.2
5.0,Κ30Χ,I09.3
5.0,Κ30Χ,I09.4
5.0,Κ30Χ,I09.5
5.0,Κ30Χ,I09.6
5.0,Κ30Χ,I09.7
5.0,Κ30Χ,I09.8
5.0,Κ30Χ,I09.9
5.0,Κ30Χ,I21.0
5.0,Κ30Χ,I21.1
5.0,Κ30Χ,I21.2
5.0,Κ30Χ,I21.3
5.0,Κ30Χ,I21.4
5.0,Κ30Χ,I21.5
5.0,Κ30Χ,I21.6
5.0,Κ30Χ,I21.7
5.0,Κ30Χ,I21.8
5.0,Κ30Χ,I21.9
5.0,Κ30Χ,I22.0
5.0,Κ30Χ,I22.1
5.0,Κ30Χ,I22.2
5.0,Κ30Χ,I22.3
5.0,Κ30Χ,I22.4
5.0,Κ30Χ,I22.5
5.0,Κ30Χ,I22.6
5.0,Κ30Χ,I22.7
5.0,Κ30Χ,I22.8
5.0,Κ30Χ,I22.9
5.0,Κ30Χ,I34.0
5.0,Κ30Χ,I34.1
5.0,Κ30Χ,I34.2
5.0,Κ30Χ,I34.3
5.0,Κ30Χ,I34.4
5.0,Κ30Χ,I34.5
5.0,Κ30Χ,I34.6
5.0,Κ30Χ,I34.7
5.0,Κ30Χ,I34.8
5.0,Κ30Χ,I34.9
5.0,Κ30Χ,I35.0
5.0,Κ30Χ,I35.1
5.0,Κ30Χ,I35.2
5.0,Κ30Χ,I35.3
5.0,Κ30Χ,I35.4
5.0,Κ30Χ,I35.5
5.0,Κ30Χ,I35.6
5.0,Κ30Χ,I35.7
5.0,Κ30Χ,I35.8
5.0,Κ30Χ,I35.9
5.0,Κ30Χ,I36.0
5.0,Κ30Χ,I36.1
5.0,Κ30Χ,I36.2
5.0,Κ30Χ,I36.3
5.0,Κ30Χ,I36.4
5.0,Κ30Χ,I36.5
5.0,Κ30Χ,I36.6
5.0,Κ30Χ,I36.7
5.0,Κ30Χ,I36.8
5.0,Κ30Χ,I36.9
5.0,Κ30Χ,I40.0
5.0,Κ30Χ,I40.1
5.0,Κ30Χ,I40.2
5.0,Κ30Χ,I40.3
5.0,Κ30Χ,I40.4
5.0,Κ30Χ,I40.5
5.0,Κ30Χ,I40.6
5.0,Κ30Χ,I40.7
5.0,Κ30Χ,I40.8
5.0,Κ30Χ,I40.9
5.0,Κ30Χ,I42.0
5.0,Κ30Χ,I42.1
5.0,Κ30Χ,I42.2
5.0,Κ30Χ,I42.3
5.0,Κ30Χ,I42.4
5.0,Κ30Χ,I42.5
5.0,Κ30Χ,I42.6
5.0,Κ30Χ,I42.7
5.0,Κ30Χ,I42.8
5.0,Κ30Χ,I42.9
5.0,Κ30Χ,I50.0
5.0,Κ30Χ,I50.1
5.0,Κ30Χ,I50.2
5.0,Κ30Χ,I50.3
5.0,Κ30Χ,I50.4
5.0,Κ30Χ,I50.5
5.0,Κ30Χ,I50.6
5.0,Κ30Χ,I50.7
5.0,Κ30Χ,I50.8
5.0,Κ30Χ,I50.9
5.0,Κ30Χ,I05.0
5.0,Κ30Χ,I05.2
5.0,Κ30Χ,I05.3
5.0,Κ30Χ,I05.4
5.0,Κ30Χ,I05.5
5.0,Κ30Χ,I05.6
5.0,Κ30Χ,I05.7
5.0,Κ30Χ,I05.8
5.0,Κ30Χ,I05.9
5.0,Κ30Χ,I50
5.0,Κ30Χ,I51.4
5.0,Κ30Χ,I51.5
5.0,Κ30Χ,I51.6
5.0,Κ30Χ,I51.7
5.0,Κ30Χ,I51.8
5.0,Κ30Χ,I51.9
5.0,Κ31Μ,I21.0 
5.0,Κ31Μ,I21.1 
5.0,Κ31Μ,I21.2 
5.0,Κ31Μ,I21.3 
5.0,Κ31Μ,I21.4 
5.0,Κ31Μ,I21.9 
5.0,Κ31Μ,I22.0 
5.0,Κ31Μ,I22.1 
5.0,Κ31Μ,I22.8 
5.0,Κ31Μ,I22.9 
5.0,Κ31Μ,I23.0 
5.0,Κ31Μ,I23.1 
5.0,Κ31Μ,I23.2 
5.0,Κ31Μ,I23.3 
5.0,Κ31Μ,I23.4 
5.0,Κ31Μ,I23.5 
5.0,Κ31Μ,I23.6 
5.0,Κ31Μ,I23.8 
5.0,Κ31Μ,I24.0 
5.0,Κ31Μ,I24.1 
5.0,Κ31Μ,I24.8 
5.0,Κ31Μ,I24.9 
5.0,Κ31Μ,I48 
5.0,Κ31Μ,I49 
5.0,Κ31Μ,I49.0 
5.0,Κ31Μ,I49.5 
5.0,Κ31Μ,I50.0 
5.0,Κ31Μ,I50.1 
5.0,Κ31Μ,I50.9 
5.0,Κ31Μ,I46.0 
5.0,Κ31Μ,I21 
5.0,Κ31Μ,I22 
5.0,Κ31Μ,I23 
5.0,Κ31Μ,I24 
5.0,Κ31Μ,I50 
5.0,Κ31Μ,I46 
5.0,Κ31Μ,R55 
5.0,Κ31Μ,R57.0 
5.0,Κ31Χ,I21.0 
5.0,Κ31Χ,I21.1 
5.0,Κ31Χ,I21.2 
5.0,Κ31Χ,I21.3 
5.0,Κ31Χ,I21.4 
5.0,Κ31Χ,I21.9 
5.0,Κ31Χ,I22.0 
5.0,Κ31Χ,I22.1 
5.0,Κ31Χ,I22.8 
5.0,Κ31Χ,I22.9 
5.0,Κ31Χ,I24.0 
5.0,Κ31Χ,I24.1 
5.0,Κ31Χ,I24.8 
5.0,Κ31Χ,I24.9 
5.0,Κ31Χ,I48 
5.0,Κ31Χ,I49 
5.0,Κ31Χ,I21 
5.0,Κ31Χ,I22 
5.0,Κ31Χ,I24 
5.0,Κ32Μ,I11.0 
5.0,Κ32Μ,I20.0 
5.0,Κ32Μ,I20.1 
5.0,Κ32Μ,I20.8 
5.0,Κ32Μ,I20.9 
5.0,Κ32Μ,I24.0 
5.0,Κ32Μ,I24.8 
5.0,Κ32Μ,I24.9 
5.0,Κ32Μ,I25.5 
5.0,Κ32Μ,I25.6 
5.0,Κ32Μ,I26.0 
5.0,Κ32Μ,I27.8 
5.0,Κ32Μ,I27.0 
5.0,Κ32Μ,I27.9 
5.0,Κ32Μ,I31.0 
5.0,Κ32Μ,I31.1 
5.0,Κ32Μ,I40.0 
5.0,Κ32Μ,I40.1 
5.0,Κ32Μ,I40.8 
5.0,Κ32Μ,I40.9 
5.0,Κ32Μ,I50.0 
5.0,Κ32Μ,I50.1 
5.0,Κ32Μ,I50.9 
5.0,Κ32Μ,I46.0 
5.0,Κ32Μ,Z94.1 
5.0,Κ32Μ,T86.2 
5.0,Κ32Μ,T86.3 
5.0,Κ32Μ,I11 
5.0,Κ32Μ,I20 
5.0,Κ32Μ,I24 
5.0,Κ32Μ,I25 
5.0,Κ32Μ,I26 
5.0,Κ32Μ,I27 
5.0,Κ32Μ,I28 
5.0,Κ32Μ,I31 
5.0,Κ32Μ,I40 
5.0,Κ32Μ,I42 
5.0,Κ32Μ,I50 
5.0,Κ32Μ,I51 
5.0,Κ32Μ,I46 
5.0,Κ32Μ,I97.0 
5.0,Κ32Μ,R55 
5.0,Κ32Μ,R57.0 
5.0,Κ32Μ,Z94 
5.0,Κ32Μ,T86 
5.0,Κ32Μ,I42.0
5.0,Κ32Μ,I42.1
5.0,Κ32Μ,I42.2
5.0,Κ32Μ,I42.3
5.0,Κ32Μ,I42.4
5.0,Κ32Μ,I42.5
5.0,Κ32Μ,I42.6
5.0,Κ32Μ,I42.7
5.0,Κ32Μ,I42.8
5.0,Κ32Μ,I42.9
5.0,Κ32Μ,I51.0
5.0,Κ32Μ,I51.1
5.0,Κ32Μ,I51.2
5.0,Κ32Μ,I51.3
5.0,Κ32Μ,I51.4
5.0,Κ32Μ,I51.5
5.0,Κ32Μ,I51.6
5.0,Κ32Μ,I51.7
5.0,Κ32Μ,I51.8
5.0,Κ32Μ,I51.9
5.0,Κ32Μ,I50
5.0,Κ32Μ,I51.4
5.0,Κ32Μ,I51.5
5.0,Κ32Μ,I51.6
5.0,Κ32Μ,I51.7
5.0,Κ32Μ,I51.8
5.0,Κ32Μ,I51.9
5.0,Κ32Χ,I11.0 
5.0,Κ32Χ,I20.0 
5.0,Κ32Χ,I20.1 
5.0,Κ32Χ,I20.8 
5.0,Κ32Χ,I20.9 
5.0,Κ32Χ,I24.0 
5.0,Κ32Χ,I24.8 
5.0,Κ32Χ,I24.9 
5.0,Κ32Χ,I25.5 
5.0,Κ32Χ,I25.6 
5.0,Κ32Χ,I26.9 
5.0,Κ32Χ,I27.8 
5.0,Κ32Χ,I27.0 
5.0,Κ32Χ,I27.9 
5.0,Κ32Χ,I31.0 
5.0,Κ32Χ,I31.1 
5.0,Κ32Χ,I40.0 
5.0,Κ32Χ,I40.1 
5.0,Κ32Χ,I40.8 
5.0,Κ32Χ,I40.9 
5.0,Κ32Χ,I50.0 
5.0,Κ32Χ,I50.9 
5.0,Κ32Χ,Z94.1 
5.0,Κ32Χ,I11 
5.0,Κ32Χ,I20 
5.0,Κ32Χ,I24 
5.0,Κ32Χ,I25 
5.0,Κ32Χ,I26 
5.0,Κ32Χ,I27 
5.0,Κ32Χ,I28 
5.0,Κ32Χ,I31 
5.0,Κ32Χ,I40 
5.0,Κ32Χ,I42 
5.0,Κ32Χ,I50 
5.0,Κ32Χ,Z94 
5.0,Κ32Χ,I42.0
5.0,Κ32Χ,I42.1
5.0,Κ32Χ,I42.2
5.0,Κ32Χ,I42.3
5.0,Κ32Χ,I42.4
5.0,Κ32Χ,I42.5
5.0,Κ32Χ,I42.6
5.0,Κ32Χ,I42.7
5.0,Κ32Χ,I42.8
5.0,Κ32Χ,I42.9
5.0,Κ32Χ,I50
5.0,Κ32Χ,I51.4
5.0,Κ32Χ,I51.5
5.0,Κ32Χ,I51.6
5.0,Κ32Χ,I51.7
5.0,Κ32Χ,I51.8
5.0,Κ32Χ,I51.9
5.0,Κ32Α,I11.0 
5.0,Κ32Α,I20.1 
5.0,Κ32Α,I20.8 
5.0,Κ32Α,I20.9 
5.0,Κ32Α,I25.0 
5.0,Κ32Α,I25.1 
5.0,Κ32Α,I25.2
5.0,Κ32Α,I25.3 
5.0,Κ32Α,I25.4 
5.0,Κ32Α,I25.5 
5.0,Κ32Α,I25.5 
5.0,Κ32Α,Z94.1 
5.0,Κ32Α,I11 
5.0,Κ32Α,I20 
5.0,Κ32Α,I25 
5.0,Κ32Α,I42 
5.0,Κ32Α,Z94 
5.0,Κ32Α,B872  
5.0,Κ32Α,I42.0
5.0,Κ32Α,I42.1
5.0,Κ32Α,I42.2
5.0,Κ32Α,I42.3
5.0,Κ32Α,I42.4
5.0,Κ32Α,I42.5
5.0,Κ32Α,I42.6
5.0,Κ32Α,I42.7
5.0,Κ32Α,I42.8
5.0,Κ32Α,I42.9
5.0,Κ32Α,I50
5.0,Κ32Α,I51.4
5.0,Κ32Α,I51.5
5.0,Κ32Α,I51.6
5.0,Κ32Α,I51.7
5.0,Κ32Α,I51.8
5.0,Κ32Α,I51.9
5.0,Κ40Μ,I21.0 
5.0,Κ40Μ,I21.1 
5.0,Κ40Μ,I21.2 
5.0,Κ40Μ,I21.3 
5.0,Κ40Μ,I21.4 
5.0,Κ40Μ,I21.9 
5.0,Κ40Μ,I22.0 
5.0,Κ40Μ,I22.1 
5.0,Κ40Μ,I22.8 
5.0,Κ40Μ,I22.9 
5.0,Κ40Μ,I23.0 
5.0,Κ40Μ,I23.1 
5.0,Κ40Μ,I23.2 
5.0,Κ40Μ,I23.3 
5.0,Κ40Μ,I23.4 
5.0,Κ40Μ,I23.5 
5.0,Κ40Μ,I23.6 
5.0,Κ40Μ,I23.8 
5.0,Κ40Μ,I24.0 
5.0,Κ40Μ,I24.1 
5.0,Κ40Μ,I24.8 
5.0,Κ40Μ,I24.9 
5.0,Κ40Μ,I48 
5.0,Κ40Μ,I49 
5.0,Κ40Μ,I49.0 
5.0,Κ40Μ,I49.5 
5.0,Κ40Μ,I50.0 
5.0,Κ40Μ,I50.1 
5.0,Κ40Μ,I50.9 
5.0,Κ40Μ,I46.0 
5.0,Κ40Μ,I71.1 
5.0,Κ40Μ,I21 
5.0,Κ40Μ,I22 
5.0,Κ40Μ,I23 
5.0,Κ40Μ,I24 
5.0,Κ40Μ,I50 
5.0,Κ40Μ,I46 
5.0,Κ40Μ,R55 
5.0,Κ40Μ,R57.0 
5.0,Κ40Μ,I71 
5.0,Κ40Χ,I21.0 
5.0,Κ40Χ,I21.1 
5.0,Κ40Χ,I21.2 
5.0,Κ40Χ,I21.3 
5.0,Κ40Χ,I21.4 
5.0,Κ40Χ,I21.9 
5.0,Κ40Χ,I22.0 
5.0,Κ40Χ,I22.1 
5.0,Κ40Χ,I22.8 
5.0,Κ40Χ,I22.9 
5.0,Κ40Χ,I24.1 
5.0,Κ40Χ,I24.8 
5.0,Κ40Χ,I24.9 
5.0,Κ40Χ,I21 
5.0,Κ40Χ,I22 
5.0,Κ40Χ,I24 
5.0,Κ41Μ,I01.1  
5.0,Κ41Μ,I09.1 
5.0,Κ41Μ,I24.0 
5.0,Κ41Μ,I24.9 
5.0,Κ41Μ,I33.0 
5.0,Κ41Μ,I33.9 
5.0,Κ41Μ,I34.0 
5.0,Κ41Μ,I34.8 
5.0,Κ41Μ,I34.9 
5.0,Κ41Μ,I35.1 
5.0,Κ41Μ,I35.8 
5.0,Κ41Μ,I35.9 
5.0,Κ41Μ,I36 
5.0,Κ41Μ,I36.1 
5.0,Κ41Μ,I36.8 
5.0,Κ41Μ,I00 
5.0,Κ41Μ,B95
5.0,Κ41Μ,B96
5.0,Κ41Μ,B97
5.0,Κ41Μ,I36.9 
5.0,Κ41Μ,I50.0 
5.0,Κ41Μ,I50.1 
5.0,Κ41Μ,I50.9 
5.0,Κ41Μ,I46.0 
5.0,Κ41Μ,I40.0 
5.0,Κ41Μ,I51.1 
5.0,Κ41Μ,I51.8 
5.0,Κ41Μ,I01 
5.0,Κ41Μ,I09 
5.0,Κ41Μ,I24 
5.0,Κ41Μ,I33 
5.0,Κ41Μ,I38 
5.0,Κ41Μ,I34 
5.0,Κ41Μ,I35 
5.0,Κ41Μ,I36 
5.0,Κ41Μ,I37 
5.0,Κ41Μ,I50 
5.0,Κ41Μ,I46 
5.0,Κ41Μ,R55 
5.0,Κ41Μ,I40 
5.0,Κ41Μ,I51 
5.0,Κ41Χ,I01.1 
5.0,Κ41Χ,I09.1 
5.0,Κ41Χ,I24.0 
5.0,Κ41Χ,I24.9 
5.0,Κ41Χ,I33.0 
5.0,Κ41Χ,I33.9 
5.0,Κ41Χ,I34.0 
5.0,Κ41Χ,I34.8 
5.0,Κ41Χ,I34.9 
5.0,Κ41Χ,I35.1 
5.0,Κ41Χ,I35.8 
5.0,Κ41Χ,I35.9 
5.0,Κ41Χ,I36 
5.0,Κ41Χ,I36.1 
5.0,Κ41Χ,I36.8 
5.0,Κ41Χ,I36.9 
5.0,Κ41Χ,I01 
5.0,Κ41Χ,I09 
5.0,Κ41Χ,I24 
5.0,Κ41Χ,I33 
5.0,Κ41Χ,I38 
5.0,Κ41Χ,I34 
5.0,Κ41Χ,I35 
5.0,Κ41Χ,I36 
5.0,Κ41Χ,I37 
5.0,Κ42Μ,I11.0 
5.0,Κ42Μ,I23.1 
5.0,Κ42Μ,I23.2 
5.0,Κ42Μ,I23.3 
5.0,Κ42Μ,I23.4 
5.0,Κ42Μ,I23.5 
5.0,Κ42Μ,I23.8 
5.0,Κ42Μ,I24.8 
5.0,Κ42Μ,I24.9 
5.0,Κ42Μ,I25.5 
5.0,Κ42Μ,I25.6 
5.0,Κ42Μ,I25.8 
5.0,Κ42Μ,I26.0 
5.0,Κ42Μ,I27 
5.0,Κ42Μ,I27.8 
5.0,Κ42Μ,I27.9 
5.0,Κ42Μ,I31.0 
5.0,Κ42Μ,I33.0 
5.0,Κ42Μ,I33.9 
5.0,Κ42Μ,I46.0 
5.0,Κ42Μ,Z94.1 
5.0,Κ42Μ,I71.0 
5.0,Κ42Μ,I71.1 
5.0,Κ42Μ,I71.5 
5.0,Κ42Μ,I71.8 
5.0,Κ42Μ,Z94.1 
5.0,Κ42Μ,T86.2 
5.0,Κ42Μ,T86.3 
5.0,Κ42Μ,I01 
5.0,Κ42Μ,I05 
5.0,Κ42Μ,I06 
5.0,Κ42Μ,I07 
5.0,Κ42Μ,I08 
5.0,Κ42Μ,I09.0 
5.0,Κ42Μ,I11 
5.0,Κ42Μ,I21 
5.0,Κ42Μ,I22 
5.0,Κ42Μ,I23 
5.0,Κ42Μ,I24 
5.0,Κ42Μ,I25 
5.0,Κ42Μ,I26 
5.0,Κ42Μ,I27 
5.0,Κ42Μ,I31 
5.0,Κ42Μ,I33 
5.0,Κ42Μ,I38 
5.0,Κ42Μ,I34 
5.0,Κ42Μ,I35 
5.0,Κ42Μ,I36 
5.0,Κ42Μ,I37 
5.0,Κ42Μ,I40 
5.0,Κ42Μ,I42 
5.0,Κ42Μ,I46 
5.0,Κ42Μ,I50 
5.0,Κ42Μ,I51 
5.0,Κ42Μ,I97.0 
5.0,Κ42Μ,R55 
5.0,Κ42Μ,R57.0 
5.0,Κ42Μ,Z94 
5.0,Κ42Μ,I71 
5.0,Κ42Μ,T82 
5.0,Κ42Μ,Z94 
5.0,Κ42Μ,T86 
5.0,Κ42Μ,I01.1
5.0,Κ42Μ,I01.2
5.0,Κ42Μ,I01.3
5.0,Κ42Μ,I01.4
5.0,Κ42Μ,I01.5
5.0,Κ42Μ,I01.6
5.0,Κ42Μ,I01.7
5.0,Κ42Μ,I01.8
5.0,Κ42Μ,I01.9
5.0,Κ42Μ,I05.0
5.0,Κ42Μ,I05.1
5.0,Κ42Μ,I05.2
5.0,Κ42Μ,I05.3
5.0,Κ42Μ,I05.4
5.0,Κ42Μ,I05.5
5.0,Κ42Μ,I05.6
5.0,Κ42Μ,I05.7
5.0,Κ42Μ,I05.8
5.0,Κ42Μ,I05.9
5.0,Κ42Μ,I06.0
5.0,Κ42Μ,I06.1
5.0,Κ42Μ,I06.2
5.0,Κ42Μ,I06.3
5.0,Κ42Μ,I06.4
5.0,Κ42Μ,I06.5
5.0,Κ42Μ,I06.6
5.0,Κ42Μ,I06.7
5.0,Κ42Μ,I06.8
5.0,Κ42Μ,I06.9
5.0,Κ42Μ,I07.0
5.0,Κ42Μ,I07.1
5.0,Κ42Μ,I07.2
5.0,Κ42Μ,I07.3
5.0,Κ42Μ,I07.4
5.0,Κ42Μ,I07.5
5.0,Κ42Μ,I07.6
5.0,Κ42Μ,I07.7
5.0,Κ42Μ,I07.8
5.0,Κ42Μ,I07.9
5.0,Κ42Μ,I08.0
5.0,Κ42Μ,I08.1
5.0,Κ42Μ,I08.2
5.0,Κ42Μ,I08.3
5.0,Κ42Μ,I08.4
5.0,Κ42Μ,I08.5
5.0,Κ42Μ,I08.6
5.0,Κ42Μ,I08.7
5.0,Κ42Μ,I08.8
5.0,Κ42Μ,I08.9
5.0,Κ42Μ,I09.0
5.0,Κ42Μ,I09.1
5.0,Κ42Μ,I09.2
5.0,Κ42Μ,I09.3
5.0,Κ42Μ,I09.4
5.0,Κ42Μ,I09.5
5.0,Κ42Μ,I09.6
5.0,Κ42Μ,I09.7
5.0,Κ42Μ,I09.8
5.0,Κ42Μ,I09.9
5.0,Κ42Μ,I21.0
5.0,Κ42Μ,I21.1
5.0,Κ42Μ,I21.2
5.0,Κ42Μ,I21.3
5.0,Κ42Μ,I21.4
5.0,Κ42Μ,I21.5
5.0,Κ42Μ,I21.6
5.0,Κ42Μ,I21.7
5.0,Κ42Μ,I21.8
5.0,Κ42Μ,I21.9
5.0,Κ42Μ,I22.0
5.0,Κ42Μ,I22.1
5.0,Κ42Μ,I22.2
5.0,Κ42Μ,I22.3
5.0,Κ42Μ,I22.4
5.0,Κ42Μ,I22.5
5.0,Κ42Μ,I22.6
5.0,Κ42Μ,I22.7
5.0,Κ42Μ,I22.8
5.0,Κ42Μ,I22.9
5.0,Κ42Μ,I34.0
5.0,Κ42Μ,I34.1
5.0,Κ42Μ,I34.2
5.0,Κ42Μ,I34.3
5.0,Κ42Μ,I34.4
5.0,Κ42Μ,I34.5
5.0,Κ42Μ,I34.6
5.0,Κ42Μ,I34.7
5.0,Κ42Μ,I34.8
5.0,Κ42Μ,I34.9
5.0,Κ42Μ,I35.0
5.0,Κ42Μ,I35.1
5.0,Κ42Μ,I35.2
5.0,Κ42Μ,I35.3
5.0,Κ42Μ,I35.4
5.0,Κ42Μ,I35.5
5.0,Κ42Μ,I35.6
5.0,Κ42Μ,I35.7
5.0,Κ42Μ,I35.8
5.0,Κ42Μ,I35.9
5.0,Κ42Μ,I36.0
5.0,Κ42Μ,I36.1
5.0,Κ42Μ,I36.2
5.0,Κ42Μ,I36.3
5.0,Κ42Μ,I36.4
5.0,Κ42Μ,I36.5
5.0,Κ42Μ,I36.6
5.0,Κ42Μ,I36.7
5.0,Κ42Μ,I36.8
5.0,Κ42Μ,I36.9
5.0,Κ42Μ,I40.0
5.0,Κ42Μ,I40.1
5.0,Κ42Μ,I40.2
5.0,Κ42Μ,I40.3
5.0,Κ42Μ,I40.4
5.0,Κ42Μ,I40.5
5.0,Κ42Μ,I40.6
5.0,Κ42Μ,I40.7
5.0,Κ42Μ,I40.8
5.0,Κ42Μ,I40.9
5.0,Κ42Μ,I42.0
5.0,Κ42Μ,I42.1
5.0,Κ42Μ,I42.2
5.0,Κ42Μ,I42.3
5.0,Κ42Μ,I42.4
5.0,Κ42Μ,I42.5
5.0,Κ42Μ,I42.6
5.0,Κ42Μ,I42.7
5.0,Κ42Μ,I42.8
5.0,Κ42Μ,I42.9
5.0,Κ42Μ,I50.0
5.0,Κ42Μ,I50.1
5.0,Κ42Μ,I50.2
5.0,Κ42Μ,I50.3
5.0,Κ42Μ,I50.4
5.0,Κ42Μ,I50.5
5.0,Κ42Μ,I50.6
5.0,Κ42Μ,I50.7
5.0,Κ42Μ,I50.8
5.0,Κ42Μ,I50.9
5.0,Κ42Μ,I05.0
5.0,Κ42Μ,I05.2
5.0,Κ42Μ,I05.3
5.0,Κ42Μ,I05.4
5.0,Κ42Μ,I05.5
5.0,Κ42Μ,I05.6
5.0,Κ42Μ,I05.7
5.0,Κ42Μ,I05.8
5.0,Κ42Μ,I05.9
5.0,Κ42Μ,I50
5.0,Κ42Μ,I51.4
5.0,Κ42Μ,I51.5
5.0,Κ42Μ,I51.6
5.0,Κ42Μ,I51.7
5.0,Κ42Μ,I51.8
5.0,Κ42Μ,I51.9
5.0,Κ42Χ,I11.0 
5.0,Κ42Χ,I24.8 
5.0,Κ42Χ,I24.9 
5.0,Κ42Χ,I25.5 
5.0,Κ42Χ,I25.6 
5.0,Κ42Χ,I25.8 
5.0,Κ42Χ,I26.9 
5.0,Κ42Χ,I27 
5.0,Κ42Χ,I27.8 
5.0,Κ42Χ,I27.9 
5.0,Κ42Χ,I31.0 
5.0,Κ42Χ,I33.0 
5.0,Κ42Χ,I33.9 
5.0,Κ42Χ,Z94.1 
5.0,Κ42Χ,I01 
5.0,Κ42Χ,I05 
5.0,Κ42Χ,I06 
5.0,Κ42Χ,I07 
5.0,Κ42Χ,I08 
5.0,Κ42Χ,I09.0 
5.0,Κ42Χ,I11 
5.0,Κ42Χ,I21 
5.0,Κ42Χ,I22 
5.0,Κ42Χ,I24 
5.0,Κ42Χ,I25 
5.0,Κ42Χ,I26 
5.0,Κ42Χ,I27 
5.0,Κ42Χ,I31 
5.0,Κ42Χ,I33 
5.0,Κ42Χ,I38 
5.0,Κ42Χ,I34 
5.0,Κ42Χ,I35 
5.0,Κ42Χ,I36 
5.0,Κ42Χ,I37 
5.0,Κ42Χ,I40 
5.0,Κ42Χ,I42 
5.0,Κ42Χ,I50 
5.0,Κ42Χ,Z94 
5.0,Κ42Χ,B95
5.0,Κ42Χ,B96
5.0,Κ42Χ,B97
5.0,Κ42Χ,I01.1
5.0,Κ42Χ,I01.2
5.0,Κ42Χ,I01.3
5.0,Κ42Χ,I01.4
5.0,Κ42Χ,I01.5
5.0,Κ42Χ,I01.6
5.0,Κ42Χ,I01.7
5.0,Κ42Χ,I01.8
5.0,Κ42Χ,I01.9
5.0,Κ42Χ,I05.0
5.0,Κ42Χ,I05.1
5.0,Κ42Χ,I05.2
5.0,Κ42Χ,I05.3
5.0,Κ42Χ,I05.4
5.0,Κ42Χ,I05.5
5.0,Κ42Χ,I05.6
5.0,Κ42Χ,I05.7
5.0,Κ42Χ,I05.8
5.0,Κ42Χ,I05.9
5.0,Κ42Χ,I06.0
5.0,Κ42Χ,I06.1
5.0,Κ42Χ,I06.2
5.0,Κ42Χ,I06.3
5.0,Κ42Χ,I06.4
5.0,Κ42Χ,I06.5
5.0,Κ42Χ,I06.6
5.0,Κ42Χ,I06.7
5.0,Κ42Χ,I06.8
5.0,Κ42Χ,I06.9
5.0,Κ42Χ,I07.0
5.0,Κ42Χ,I07.1
5.0,Κ42Χ,I07.2
5.0,Κ42Χ,I07.3
5.0,Κ42Χ,I07.4
5.0,Κ42Χ,I07.5
5.0,Κ42Χ,I07.6
5.0,Κ42Χ,I07.7
5.0,Κ42Χ,I07.8
5.0,Κ42Χ,I07.9
5.0,Κ42Χ,I08.0
5.0,Κ42Χ,I08.1
5.0,Κ42Χ,I08.2
5.0,Κ42Χ,I08.3
5.0,Κ42Χ,I08.4
5.0,Κ42Χ,I08.5
5.0,Κ42Χ,I08.6
5.0,Κ42Χ,I08.7
5.0,Κ42Χ,I08.8
5.0,Κ42Χ,I08.9
5.0,Κ42Χ,I09.0
5.0,Κ42Χ,I09.1
5.0,Κ42Χ,I09.2
5.0,Κ42Χ,I09.3
5.0,Κ42Χ,I09.4
5.0,Κ42Χ,I09.5
5.0,Κ42Χ,I09.6
5.0,Κ42Χ,I09.7
5.0,Κ42Χ,I09.8
5.0,Κ42Χ,I09.9
5.0,Κ42Χ,I21.0
5.0,Κ42Χ,I21.1
5.0,Κ42Χ,I21.2
5.0,Κ42Χ,I21.3
5.0,Κ42Χ,I21.4
5.0,Κ42Χ,I21.5
5.0,Κ42Χ,I21.6
5.0,Κ42Χ,I21.7
5.0,Κ42Χ,I21.8
5.0,Κ42Χ,I21.9
5.0,Κ42Χ,I22.0
5.0,Κ42Χ,I22.1
5.0,Κ42Χ,I22.2
5.0,Κ42Χ,I22.3
5.0,Κ42Χ,I22.4
5.0,Κ42Χ,I22.5
5.0,Κ42Χ,I22.6
5.0,Κ42Χ,I22.7
5.0,Κ42Χ,I22.8
5.0,Κ42Χ,I22.9
5.0,Κ42Χ,I34.0
5.0,Κ42Χ,I34.1
5.0,Κ42Χ,I34.2
5.0,Κ42Χ,I34.3
5.0,Κ42Χ,I34.4
5.0,Κ42Χ,I34.5
5.0,Κ42Χ,I34.6
5.0,Κ42Χ,I34.7
5.0,Κ42Χ,I34.8
5.0,Κ42Χ,I34.9
5.0,Κ42Χ,I35.0
5.0,Κ42Χ,I35.1
5.0,Κ42Χ,I35.2
5.0,Κ42Χ,I35.3
5.0,Κ42Χ,I35.4
5.0,Κ42Χ,I35.5
5.0,Κ42Χ,I35.6
5.0,Κ42Χ,I35.7
5.0,Κ42Χ,I35.8
5.0,Κ42Χ,I35.9
5.0,Κ42Χ,I36.0
5.0,Κ42Χ,I36.1
5.0,Κ42Χ,I36.2
5.0,Κ42Χ,I36.3
5.0,Κ42Χ,I36.4
5.0,Κ42Χ,I36.5
5.0,Κ42Χ,I36.6
5.0,Κ42Χ,I36.7
5.0,Κ42Χ,I36.8
5.0,Κ42Χ,I36.9
5.0,Κ42Χ,I40.0
5.0,Κ42Χ,I40.1
5.0,Κ42Χ,I40.2
5.0,Κ42Χ,I40.3
5.0,Κ42Χ,I40.4
5.0,Κ42Χ,I40.5
5.0,Κ42Χ,I40.6
5.0,Κ42Χ,I40.7
5.0,Κ42Χ,I40.8
5.0,Κ42Χ,I40.9
5.0,Κ42Χ,I42.0
5.0,Κ42Χ,I42.1
5.0,Κ42Χ,I42.2
5.0,Κ42Χ,I42.3
5.0,Κ42Χ,I42.4
5.0,Κ42Χ,I42.5
5.0,Κ42Χ,I42.6
5.0,Κ42Χ,I42.7
5.0,Κ42Χ,I42.8
5.0,Κ42Χ,I42.9
5.0,Κ42Χ,I50.0
5.0,Κ42Χ,I50.1
5.0,Κ42Χ,I50.2
5.0,Κ42Χ,I50.3
5.0,Κ42Χ,I50.4
5.0,Κ42Χ,I50.5
5.0,Κ42Χ,I50.6
5.0,Κ42Χ,I50.7
5.0,Κ42Χ,I50.8
5.0,Κ42Χ,I50.9
5.0,Κ42Χ,I05.0
5.0,Κ42Χ,I05.2
5.0,Κ42Χ,I05.3
5.0,Κ42Χ,I05.4
5.0,Κ42Χ,I05.5
5.0,Κ42Χ,I05.6
5.0,Κ42Χ,I05.7
5.0,Κ42Χ,I05.8
5.0,Κ42Χ,I05.9
5.0,Κ42Χ,I50
5.0,Κ42Χ,I51.4
5.0,Κ42Χ,I51.5
5.0,Κ42Χ,I51.6
5.0,Κ42Χ,I51.7
5.0,Κ42Χ,I51.8
5.0,Κ42Χ,I51.9
5.0,Κ36Μ,I20.0 
5.0,Κ36Μ,I20.1 
5.0,Κ36Μ,I20.8 
5.0,Κ36Μ,I20.9 
5.0,Κ36Μ,I21.0 
5.0,Κ36Μ,I21.1 
5.0,Κ36Μ,I21.2 
5.0,Κ36Μ,I21.3 
5.0,Κ36Μ,I21.4 
5.0,Κ36Μ,I21.9 
5.0,Κ36Μ,I22.0 
5.0,Κ36Μ,I22.1 
5.0,Κ36Μ,I22.8 
5.0,Κ36Μ,I22.9 
5.0,Κ36Μ,I23.0 
5.0,Κ36Μ,I23.1 
5.0,Κ36Μ,I23.2 
5.0,Κ36Μ,I23.3 
5.0,Κ36Μ,I23.4 
5.0,Κ36Μ,I23.5 
5.0,Κ36Μ,I23.6 
5.0,Κ36Μ,I23.8 
5.0,Κ36Μ,I23.4 
5.0,Κ36Μ,I23.5 
5.0,Κ36Μ,I23.6 
5.0,Κ36Μ,I23.8 
5.0,Κ36Μ,I24.1 
5.0,Κ36Μ,I24.8 
5.0,Κ36Μ,I24.9 
5.0,Κ36Μ,I48 
5.0,Κ36Μ,I49 
5.0,Κ36Μ,I49.0 
5.0,Κ36Μ,I49.5 
5.0,Κ36Μ,I50.0 
5.0,Κ36Μ,I50.1 
5.0,Κ36Μ,I50.9 
5.0,Κ36Μ,I46.0 
5.0,Κ36Μ,I20 
5.0,Κ36Μ,I21 
5.0,Κ36Μ,I22 
5.0,Κ36Μ,I23 
5.0,Κ36Μ,I24 
5.0,Κ36Μ,I25 
5.0,Κ36Μ,I50 
5.0,Κ36Μ,I46 
5.0,Κ36Μ,R55 
5.0,Κ36Μ,R57.0 
5.0,Κ36Χ,I20.0 
5.0,Κ36Χ,I20.1 
5.0,Κ36Χ,I20.8 
5.0,Κ36Χ,I20.9 
5.0,Κ36Χ,I21.0 
5.0,Κ36Χ,I21.1 
5.0,Κ36Χ,I21.2 
5.0,Κ36Χ,I21.3 
5.0,Κ36Χ,I21.4 
5.0,Κ36Χ,I21.9 
5.0,Κ36Χ,I22.0 
5.0,Κ36Χ,I22.1 
5.0,Κ36Χ,I22.8 
5.0,Κ36Χ,I22.9 
5.0,Κ36Χ,I24.1 
5.0,Κ36Χ,I24.8 
5.0,Κ36Χ,I24.9 
5.0,Κ36Χ,I48 
5.0,Κ36Χ,I49 
5.0,Κ36Χ,I20 
5.0,Κ36Χ,I21 
5.0,Κ36Χ,I22 
5.0,Κ36Χ,I24 
5.0,Κ36Χ,I25 
5.0,Κ37Μ,I11.0 
5.0,Κ37Μ,I11.9 
5.0,Κ37Μ,I12.0 
5.0,Κ37Μ,I12.9 
5.0,Κ37Μ,I13.0 
5.0,Κ37Μ,I13.1 
5.0,Κ37Μ,I13.2 
5.0,Κ37Μ,I13.9 
5.0,Κ37Μ,I15.0 
5.0,Κ37Μ,I15.1 
5.0,Κ37Μ,I15.2 
5.0,Κ37Μ,I15.8 
5.0,Κ37Μ,I15.9 
5.0,Κ37Μ,I48 
5.0,Κ37Μ,I50.0 
5.0,Κ37Μ,I50.1 
5.0,Κ37Μ,I49 
5.0,Κ37Μ,I10 
5.0,Κ37Μ,I11 
5.0,Κ37Μ,I12 
5.0,Κ37Μ,I13 
5.0,Κ37Μ,I15 
5.0,Κ37Μ,I50 
5.0,Κ37Χ,I11.9 
5.0,Κ37Χ,I12.9 
5.0,Κ37Χ,I15.0 
5.0,Κ37Χ,I15.1 
5.0,Κ37Χ,I15.2 
5.0,Κ37Χ,I15.8 
5.0,Κ37Χ,I15.9 
5.0,Κ37Χ,I48 
5.0,Κ37Χ,I10 
5.0,Κ37Χ,I11 
5.0,Κ37Χ,I12 
5.0,Κ37Χ,I13 
5.0,Κ37Χ,I15 
5.0,Κ37Χ,I42 
5.0,Κ37Χ,R53 
5.0,Κ39Μ,I05.0
5.0,Κ39Μ,I05.1
5.0,Κ39Μ,I05.2
5.0,Κ39Μ,I05.3
5.0,Κ39Μ,I05.4
5.0,Κ39Μ,I05.5
5.0,Κ39Μ,I05.6
5.0,Κ39Μ,I05.7
5.0,Κ39Μ,I05.8
5.0,Κ39Μ,I05.9
5.0,Κ39Μ,I06.0
5.0,Κ39Μ,I06.1
5.0,Κ39Μ,I06.2
5.0,Κ39Μ,I06.3
5.0,Κ39Μ,I06.4
5.0,Κ39Μ,I06.5
5.0,Κ39Μ,I06.6
5.0,Κ39Μ,I06.7
5.0,Κ39Μ,I06.8
5.0,Κ39Μ,I06.9
5.0,Κ39Μ,I07.0
5.0,Κ39Μ,I07.1
5.0,Κ39Μ,I07.2
5.0,Κ39Μ,I07.3
5.0,Κ39Μ,I07.4
5.0,Κ39Μ,I07.5
5.0,Κ39Μ,I07.6
5.0,Κ39Μ,I07.7
5.0,Κ39Μ,I07.8
5.0,Κ39Μ,I07.9
5.0,Κ39Μ,I08.0
5.0,Κ39Μ,I08.1
5.0,Κ39Μ,I08.2
5.0,Κ39Μ,I08.3
5.0,Κ39Μ,I08.4
5.0,Κ39Μ,I08.5
5.0,Κ39Μ,I08.6
5.0,Κ39Μ,I08.7
5.0,Κ39Μ,I08.8
5.0,Κ39Μ,I08.9
5.0,Κ39Μ,I20.0 
5.0,Κ39Μ,I20.9 
5.0,Κ39Μ,I23.4 
5.0,Κ39Μ,I23.5 
5.0,Κ39Μ,I23.8 
5.0,Κ39Μ,I24 
5.0,Κ39Μ,I24.0 
5.0,Κ39Μ,I24.8 
5.0,Κ39Μ,I24.9 
5.0,Κ39Μ,I25.8 
5.0,Κ39Μ,I21.0
5.0,Κ39Μ,I21.1
5.0,Κ39Μ,I21.2
5.0,Κ39Μ,I21.3
5.0,Κ39Μ,I21.4
5.0,Κ39Μ,I21.5
5.0,Κ39Μ,I21.6
5.0,Κ39Μ,I21.7
5.0,Κ39Μ,I21.8
5.0,Κ39Μ,I21.9
5.0,Κ39Μ,I22.0
5.0,Κ39Μ,I22.1
5.0,Κ39Μ,I22.2
5.0,Κ39Μ,I22.3
5.0,Κ39Μ,I22.4
5.0,Κ39Μ,I22.5
5.0,Κ39Μ,I22.6
5.0,Κ39Μ,I22.7
5.0,Κ39Μ,I22.8
5.0,Κ39Μ,I22.9
5.0,Κ39Μ,I24
5.0,Κ39Μ,I25.9 
5.0,Κ39Μ,I26.0 
5.0,Κ39Μ,I27.0 
5.0,Κ39Μ,I27.8 
5.0,Κ39Μ,I27.9 
5.0,Κ39Μ,I33.0 
5.0,Κ39Μ,I33.9 
5.0,Κ39Μ,I34.0
5.0,Κ39Μ,I34.1
5.0,Κ39Μ,I34.2
5.0,Κ39Μ,I34.3
5.0,Κ39Μ,I34.4
5.0,Κ39Μ,I34.5
5.0,Κ39Μ,I34.6
5.0,Κ39Μ,I34.7
5.0,Κ39Μ,I34.8
5.0,Κ39Μ,I34.9
5.0,Κ39Μ,I35.0
5.0,Κ39Μ,I35.1
5.0,Κ39Μ,I35.2
5.0,Κ39Μ,I35.3
5.0,Κ39Μ,I35.4
5.0,Κ39Μ,I35.5
5.0,Κ39Μ,I35.6
5.0,Κ39Μ,I35.7
5.0,Κ39Μ,I35.8
5.0,Κ39Μ,I35.9
5.0,Κ39Μ,I36.0
5.0,Κ39Μ,I36.1
5.0,Κ39Μ,I36.2
5.0,Κ39Μ,I36.3
5.0,Κ39Μ,I36.4
5.0,Κ39Μ,I36.5
5.0,Κ39Μ,I36.6
5.0,Κ39Μ,I36.7
5.0,Κ39Μ,I36.8
5.0,Κ39Μ,I36.9
5.0,Κ39Μ,B95
5.0,Κ39Μ,B96
5.0,Κ39Μ,B97
5.0,Κ39Μ,I50.0 
5.0,Κ39Μ,I50.1 
5.0,Κ39Μ,I50.9 
5.0,Κ39Μ,I46.0 
5.0,Κ39Μ,I51.1 
5.0,Κ39Μ,I51.2 
5.0,Κ39Μ,I05 
5.0,Κ39Μ,I06 
5.0,Κ39Μ,I07 
5.0,Κ39Μ,I08 
5.0,Κ39Μ,I20 
5.0,Κ39Μ,I23 
5.0,Κ39Μ,I24 
5.0,Κ39Μ,I25 
5.0,Κ39Μ,I26 
5.0,Κ39Μ,I27 
5.0,Κ39Μ,I33 
5.0,Κ39Μ,I38 
5.0,Κ39Μ,I34 
5.0,Κ39Μ,I35 
5.0,Κ39Μ,I36 
5.0,Κ39Μ,I37 
5.0,Κ39Μ,I50 
5.0,Κ39Μ,I46 
5.0,Κ39Μ,R55 
5.0,Κ39Μ,R57.0 
5.0,Κ39Μ,I51 
5.0,Κ39Χ,I05.0
5.0,Κ39Χ,I05.1
5.0,Κ39Χ,I05.2
5.0,Κ39Χ,I05.3
5.0,Κ39Χ,I05.4
5.0,Κ39Χ,I05.5
5.0,Κ39Χ,I05.6
5.0,Κ39Χ,I05.7
5.0,Κ39Χ,I05.8
5.0,Κ39Χ,I05.9
5.0,Κ39Χ,I06.0
5.0,Κ39Χ,I06.1
5.0,Κ39Χ,I06.2
5.0,Κ39Χ,I06.3
5.0,Κ39Χ,I06.4
5.0,Κ39Χ,I06.5
5.0,Κ39Χ,I06.6
5.0,Κ39Χ,I06.7
5.0,Κ39Χ,I06.8
5.0,Κ39Χ,I06.9
5.0,Κ39Χ,I07.0
5.0,Κ39Χ,I07.1
5.0,Κ39Χ,I07.2
5.0,Κ39Χ,I07.3
5.0,Κ39Χ,I07.4
5.0,Κ39Χ,I07.5
5.0,Κ39Χ,I07.6
5.0,Κ39Χ,I07.7
5.0,Κ39Χ,I07.8
5.0,Κ39Χ,I07.9
5.0,Κ39Χ,I08.0
5.0,Κ39Χ,I08.1
5.0,Κ39Χ,I08.2
5.0,Κ39Χ,I08.3
5.0,Κ39Χ,I08.4
5.0,Κ39Χ,I08.5
5.0,Κ39Χ,I08.6
5.0,Κ39Χ,I08.7
5.0,Κ39Χ,I08.8
5.0,Κ39Χ,I08.9
5.0,Κ39Χ,I20.0 
5.0,Κ39Χ,I20.9 
5.0,Κ39Χ,I24 
5.0,Κ39Χ,I24.0 
5.0,Κ39Χ,I24.8 
5.0,Κ39Χ,I24.9 
5.0,Κ39Χ,I25.8 
5.0,Κ39Χ,I21.0
5.0,Κ39Χ,I21.1
5.0,Κ39Χ,I21.2
5.0,Κ39Χ,I21.3
5.0,Κ39Χ,I21.4
5.0,Κ39Χ,I21.5
5.0,Κ39Χ,I21.6
5.0,Κ39Χ,I21.7
5.0,Κ39Χ,I21.8
5.0,Κ39Χ,I21.9
5.0,Κ39Χ,I22.0
5.0,Κ39Χ,I22.1
5.0,Κ39Χ,I22.2
5.0,Κ39Χ,I22.3
5.0,Κ39Χ,I22.4
5.0,Κ39Χ,I22.5
5.0,Κ39Χ,I22.6
5.0,Κ39Χ,I22.7
5.0,Κ39Χ,I22.8
5.0,Κ39Χ,I22.9
5.0,Κ39Χ,I24
5.0,Κ39Χ,I25.9 
5.0,Κ39Χ,I27.0 
5.0,Κ39Χ,I27.8 
5.0,Κ39Χ,I27.9 
5.0,Κ39Χ,I33.0 
5.0,Κ39Χ,I33.9 
5.0,Κ39Χ,B95
5.0,Κ39Χ,B96
5.0,Κ39Χ,B97
5.0,Κ39Χ,I34.0
5.0,Κ39Χ,I34.1
5.0,Κ39Χ,I34.2
5.0,Κ39Χ,I34.3
5.0,Κ39Χ,I34.4
5.0,Κ39Χ,I34.5
5.0,Κ39Χ,I34.6
5.0,Κ39Χ,I34.7
5.0,Κ39Χ,I34.8
5.0,Κ39Χ,I34.9
5.0,Κ39Χ,I35.0
5.0,Κ39Χ,I35.1
5.0,Κ39Χ,I35.2
5.0,Κ39Χ,I35.3
5.0,Κ39Χ,I35.4
5.0,Κ39Χ,I35.5
5.0,Κ39Χ,I35.6
5.0,Κ39Χ,I35.7
5.0,Κ39Χ,I35.8
5.0,Κ39Χ,I35.9
5.0,Κ39Χ,I36.0
5.0,Κ39Χ,I36.1
5.0,Κ39Χ,I36.2
5.0,Κ39Χ,I36.3
5.0,Κ39Χ,I36.4
5.0,Κ39Χ,I36.5
5.0,Κ39Χ,I36.6
5.0,Κ39Χ,I36.7
5.0,Κ39Χ,I36.8
5.0,Κ39Χ,I36.9
5.0,Κ39Χ,I05 
5.0,Κ39Χ,I06 
5.0,Κ39Χ,I07 
5.0,Κ39Χ,I08 
5.0,Κ39Χ,I20 
5.0,Κ39Χ,I24 
5.0,Κ39Χ,I25 
5.0,Κ39Χ,I27 
5.0,Κ39Χ,I33 
5.0,Κ39Χ,I38 
5.0,Κ39Χ,I34 
5.0,Κ39Χ,I35 
5.0,Κ39Χ,I36 
5.0,Κ39Χ,I37 
5.0,Κ42Μ,I20.0 
5.0,Κ42Μ,I20.1 
5.0,Κ42Μ,I20.8 
5.0,Κ42Μ,I20.9 
5.0,Κ42Μ,I24.0 
5.0,Κ42Μ,I24.8 
5.0,Κ42Μ,I24.9 
5.0,Κ42Μ,I25.5 
5.0,Κ42Μ,I25.6 
5.0,Κ42Μ,I48 
5.0,Κ42Μ,I46.0 
5.0,Κ42Μ,I49 
5.0,Κ42Μ,I49.0 
5.0,Κ42Μ,I49.5 
,Κ42Μ,I20 
,Κ42Μ,I24 
,Κ42Μ,I25 
,Κ42Μ,I46 
,Κ42Μ,R55 
,Κ42Μ,R57.0 
5.0,Κ42Χ,I20.0 
5.0,Κ42Χ,I20.1 
5.0,Κ42Χ,I20.8 
5.0,Κ42Χ,I20.9 
5.0,Κ42Χ,I24.0 
5.0,Κ42Χ,I24.8 
5.0,Κ42Χ,I24.9 
5.0,Κ42Χ,I25.5 
5.0,Κ42Χ,I25.6 
5.0,Κ42Χ,I48 
5.0,Κ42Χ,I20 
5.0,Κ42Χ,I24 
5.0,Κ42Χ,I25 
5.0,Κ44Α,I20 
5.0,Κ44Α,I21 
5.0,Κ44Α,I22 
5.0,Κ44Α,I23 
5.0,Κ44Α,I24 
5.0,Κ44Α,I25 
5.0,Κ44Α,I26 
5.0,Κ44Α,I27 
5.0,Κ44Α,I28 
5.0,Κ44Α,I30 
5.0,Κ44Α,I31 
5.0,Κ44Α,I33 
5.0,Κ44Α,I38 
5.0,Κ44Α,I40 
5.0,Κ44Α,I42 
5.0,Κ44Α,I50 
5.0,Κ44Α,I71 
5.0,Κ44Α,I34 
5.0,Κ44Α,I35 
5.0,Κ44Α,I36 
5.0,Κ44Α,I37 
5.0,Κ44Α,I05 
5.0,Κ44Α,I06 
5.0,Κ44Α,I07 
5.0,Κ44Α,I08 
5.0,Κ44Α,A01.0
5.0,Κ44Α,A18.8
5.0,Κ44Α,A36.8
5.0,Κ44Α,A39.5
5.0,Κ44Α,A50.0
5.0,Κ44Α,A50.5
5.0,Κ44Α,A52.0
5.0,Κ44Α,A53.0
5.0,Κ44Α,A54.8
5.0,Κ44Α,A67.2
5.0,Κ44Α,B26.8
5.0,Κ44Α,B37.6
5.0,Κ44Α,B57.0
5.0,Κ44Α,B57.2
5.0,Κ44Α,B58.8
5.0,Κ44Α,B65
5.0,Κ44Α,B85
5.0,Κ44Α,B872  
5.0,Κ44Α,B95
5.0,Κ44Α,B96
5.0,Κ44Α,B97
5.0,Κ44Α,D86.8
5.0,Κ44Α,E05.9
5.0,Κ44Α,E63.9
5.0,Κ44Α,E85
5.0,Κ44Α,I00 
5.0,Κ44Α,I01 
5.0,Κ44Α,I01.1
5.0,Κ44Α,I01.1 
5.0,Κ44Α,I01.1  
5.0,Κ44Α,I01.2
5.0,Κ44Α,I01.3
5.0,Κ44Α,I01.4
5.0,Κ44Α,I01.5
5.0,Κ44Α,I01.6
5.0,Κ44Α,I01.7
5.0,Κ44Α,I01.8
5.0,Κ44Α,I01.9
5.0,Κ44Α,I05 
5.0,Κ44Α,I05.0
5.0,Κ44Α,I05.0 
5.0,Κ44Α,I05.1
5.0,Κ44Α,I05.2
5.0,Κ44Α,I05.3
5.0,Κ44Α,I05.4
5.0,Κ44Α,I05.5
5.0,Κ44Α,I05.6
5.0,Κ44Α,I05.7
5.0,Κ44Α,I05.8
5.0,Κ44Α,I05.9
5.0,Κ44Α,I06 
5.0,Κ44Α,I06.0
5.0,Κ44Α,I06.1
5.0,Κ44Α,I06.2
5.0,Κ44Α,I06.3
5.0,Κ44Α,I06.4
5.0,Κ44Α,I06.5
5.0,Κ44Α,I06.6
5.0,Κ44Α,I06.7
5.0,Κ44Α,I06.8
5.0,Κ44Α,I06.9
5.0,Κ44Α,I07 
5.0,Κ44Α,I07.0
5.0,Κ44Α,I07.1
5.0,Κ44Α,I07.2
5.0,Κ44Α,I07.3
5.0,Κ44Α,I07.4
5.0,Κ44Α,I07.5
5.0,Κ44Α,I07.6
5.0,Κ44Α,I07.7
5.0,Κ44Α,I07.8
5.0,Κ44Α,I07.9
5.0,Κ44Α,I08 
5.0,Κ44Α,I08.0
5.0,Κ44Α,I08.1
5.0,Κ44Α,I08.2
5.0,Κ44Α,I08.3
5.0,Κ44Α,I08.4
5.0,Κ44Α,I08.5
5.0,Κ44Α,I08.6
5.0,Κ44Α,I08.7
5.0,Κ44Α,I08.8
5.0,Κ44Α,I08.9
5.0,Κ44Α,I09 
5.0,Κ44Α,I09.0
5.0,Κ44Α,I09.0 
5.0,Κ44Α,I09.1
5.0,Κ44Α,I09.1 
5.0,Κ44Α,I09.2
5.0,Κ44Α,I09.2 
5.0,Κ44Α,I09.3
5.0,Κ44Α,I09.4
5.0,Κ44Α,I09.5
5.0,Κ44Α,I09.6
5.0,Κ44Α,I09.7
5.0,Κ44Α,I09.8
5.0,Κ44Α,I09.8 
5.0,Κ44Α,I09.9
5.0,Κ44Α,I09.9 
5.0,Κ44Α,I10 
5.0,Κ44Α,I11 
5.0,Κ44Α,I11.0 
5.0,Κ44Α,I11.9 
5.0,Κ44Α,I12 
5.0,Κ44Α,I12.0 
5.0,Κ44Α,I12.9 
5.0,Κ44Α,I13 
5.0,Κ44Α,I13.0 
5.0,Κ44Α,I13.1 
5.0,Κ44Α,I13.2 
5.0,Κ44Α,I13.9 
5.0,Κ44Α,I15 
5.0,Κ44Α,I15.0 
5.0,Κ44Α,I15.1 
5.0,Κ44Α,I15.2 
5.0,Κ44Α,I15.8 
5.0,Κ44Α,I15.9 
5.0,Κ44Α,I20 
5.0,Κ44Α,I20.0
5.0,Κ44Α,I20.0 
5.0,Κ44Α,I20.1
5.0,Κ44Α,I20.1 
5.0,Κ44Α,I20.8 
5.0,Κ44Α,I20.9 
5.0,Κ44Α,I21
5.0,Κ44Α,I21 
5.0,Κ44Α,I21.0
5.0,Κ44Α,I21.0 
5.0,Κ44Α,I21.1
5.0,Κ44Α,I21.1 
5.0,Κ44Α,I21.2
5.0,Κ44Α,I21.2 
5.0,Κ44Α,I21.3
5.0,Κ44Α,I21.3 
5.0,Κ44Α,I21.4
5.0,Κ44Α,I21.4 
5.0,Κ44Α,I21.5
5.0,Κ44Α,I21.6
5.0,Κ44Α,I21.7
5.0,Κ44Α,I21.8
5.0,Κ44Α,I21.9
5.0,Κ44Α,I21.9 
5.0,Κ44Α,I22
5.0,Κ44Α,I22 
5.0,Κ44Α,I22.0
5.0,Κ44Α,I22.0 
5.0,Κ44Α,I22.1
5.0,Κ44Α,I22.1 
5.0,Κ44Α,I22.2
5.0,Κ44Α,I22.3
5.0,Κ44Α,I22.4
5.0,Κ44Α,I22.5
5.0,Κ44Α,I22.6
5.0,Κ44Α,I22.7
5.0,Κ44Α,I22.8
5.0,Κ44Α,I22.8 
5.0,Κ44Α,I22.9
5.0,Κ44Α,I22.9 
5.0,Κ44Α,I23
5.0,Κ44Α,I23 
5.0,Κ44Α,I23.0
5.0,Κ44Α,I23.0 
5.0,Κ44Α,I23.1
5.0,Κ44Α,I23.1 
5.0,Κ44Α,I23.2
5.0,Κ44Α,I23.2 
5.0,Κ44Α,I23.3
5.0,Κ44Α,I23.3 
5.0,Κ44Α,I23.4
5.0,Κ44Α,I23.4 
5.0,Κ44Α,I23.5
5.0,Κ44Α,I23.5 
5.0,Κ44Α,I23.6
5.0,Κ44Α,I23.6 
5.0,Κ44Α,I23.8
5.0,Κ44Α,I23.8 
5.0,Κ44Α,I24
5.0,Κ44Α,I24 
5.0,Κ44Α,I24.0 
5.0,Κ44Α,I24.1
5.0,Κ44Α,I24.1 
5.0,Κ44Α,I24.8
5.0,Κ44Α,I24.8 
5.0,Κ44Α,I24.9
5.0,Κ44Α,I24.9 
5.0,Κ44Α,I25 
5.0,Κ44Α,I25.0 
5.0,Κ44Α,I25.1 
5.0,Κ44Α,I25.2
5.0,Κ44Α,I25.3 
5.0,Κ44Α,I25.4 
5.0,Κ44Α,I25.5 
5.0,Κ44Α,I25.6 
5.0,Κ44Α,I25.8 
5.0,Κ44Α,I25.9 
5.0,Κ44Α,I26 
5.0,Κ44Α,I26.0 
5.0,Κ44Α,I26.9 
5.0,Κ44Α,I27 
5.0,Κ44Α,I27.0 
5.0,Κ44Α,I27.1 
5.0,Κ44Α,I27.8 
5.0,Κ44Α,I27.9 
5.0,Κ44Α,I28 
5.0,Κ44Α,I28.0 
5.0,Κ44Α,I28.1 
5.0,Κ44Α,I28.8 
5.0,Κ44Α,I28.9 
5.0,Κ44Α,I30 
5.0,Κ44Α,I31 
5.0,Κ44Α,I31.0 
5.0,Κ44Α,I31.1 
5.0,Κ44Α,I31.2 
5.0,Κ44Α,I31.3 
5.0,Κ44Α,I31.8 
5.0,Κ44Α,I31.9 
5.0,Κ44Α,I32* 
5.0,Κ44Α,I32.0* 
5.0,Κ44Α,I32.1* 
5.0,Κ44Α,I32.8* 
5.0,Κ44Α,I33 
5.0,Κ44Α,I33.0 
5.0,Κ44Α,I33.9 
5.0,Κ44Α,I34 
5.0,Κ44Α,I34.0
5.0,Κ44Α,I34.0 
5.0,Κ44Α,I34.1
5.0,Κ44Α,I34.2
5.0,Κ44Α,I34.2 
5.0,Κ44Α,I34.3
5.0,Κ44Α,I34.4
5.0,Κ44Α,I34.5
5.0,Κ44Α,I34.6
5.0,Κ44Α,I34.7
5.0,Κ44Α,I34.8
5.0,Κ44Α,I34.8 
5.0,Κ44Α,I34.9
5.0,Κ44Α,I34.9 
5.0,Κ44Α,I35 
5.0,Κ44Α,I35.0
5.0,Κ44Α,I35.0 
5.0,Κ44Α,I35.1
5.0,Κ44Α,I35.1 
5.0,Κ44Α,I35.2
5.0,Κ44Α,I35.3
5.0,Κ44Α,I35.4
5.0,Κ44Α,I35.5
5.0,Κ44Α,I35.6
5.0,Κ44Α,I35.7
5.0,Κ44Α,I35.8
5.0,Κ44Α,I35.8 
5.0,Κ44Α,I35.9
5.0,Κ44Α,I35.9 
5.0,Κ44Α,I36 
5.0,Κ44Α,I36.0
5.0,Κ44Α,I36.1
5.0,Κ44Α,I36.1 
5.0,Κ44Α,I36.2
5.0,Κ44Α,I36.3
5.0,Κ44Α,I36.4
5.0,Κ44Α,I36.5
5.0,Κ44Α,I36.6
5.0,Κ44Α,I36.7
5.0,Κ44Α,I36.8
5.0,Κ44Α,I36.8 
5.0,Κ44Α,I36.9
5.0,Κ44Α,I36.9 
5.0,Κ44Α,I37 
5.0,Κ44Α,I38 
5.0,Κ44Α,I39* 
5.0,Κ44Α,I39.0* 
5.0,Κ44Α,I39.1* 
5.0,Κ44Α,I39.2* 
5.0,Κ44Α,I39.3* 
5.0,Κ44Α,I39.4* 
5.0,Κ44Α,I39.8* 
5.0,Κ44Α,I40 
5.0,Κ44Α,I40.0
5.0,Κ44Α,I40.0 
5.0,Κ44Α,I40.1
5.0,Κ44Α,I40.1 
5.0,Κ44Α,I40.2
5.0,Κ44Α,I40.3
5.0,Κ44Α,I40.4
5.0,Κ44Α,I40.5
5.0,Κ44Α,I40.6
5.0,Κ44Α,I40.7
5.0,Κ44Α,I40.8
5.0,Κ44Α,I40.8 
5.0,Κ44Α,I40.9
5.0,Κ44Α,I40.9 
5.0,Κ44Α,I41* 
5.0,Κ44Α,I41.0* 
5.0,Κ44Α,I41.1* 
5.0,Κ44Α,I41.2* 
5.0,Κ44Α,I41.8* 
5.0,Κ44Α,I42 
5.0,Κ44Α,I42.0
5.0,Κ44Α,I42.0 
5.0,Κ44Α,I42.1
5.0,Κ44Α,I42.1 
5.0,Κ44Α,I42.2
5.0,Κ44Α,I42.2 
5.0,Κ44Α,I42.3
5.0,Κ44Α,I42.3 
5.0,Κ44Α,I42.4
5.0,Κ44Α,I42.4 
5.0,Κ44Α,I42.5
5.0,Κ44Α,I42.5 
5.0,Κ44Α,I42.6
5.0,Κ44Α,I42.6 
5.0,Κ44Α,I42.7
5.0,Κ44Α,I42.7 
5.0,Κ44Α,I42.8
5.0,Κ44Α,I42.8 
5.0,Κ44Α,I42.9
5.0,Κ44Α,I42.9 
5.0,Κ44Α,I43* 
5.0,Κ44Α,I43.0* 
5.0,Κ44Α,I43.1* 
5.0,Κ44Α,I43.2* 
5.0,Κ44Α,I43.8* 
5.0,Κ44Α,I46
5.0,Κ44Α,I46 
5.0,Κ44Α,I46.0
5.0,Κ44Α,I46.0 
5.0,Κ44Α,I48
5.0,Κ44Α,I48 
5.0,Κ44Α,I49
5.0,Κ44Α,I49 
5.0,Κ44Α,I49.0
5.0,Κ44Α,I49.0 
5.0,Κ44Α,I49.1
5.0,Κ44Α,I49.2
5.0,Κ44Α,I49.3
5.0,Κ44Α,I49.4
5.0,Κ44Α,I49.5
5.0,Κ44Α,I49.5 
5.0,Κ44Α,I49.8
5.0,Κ44Α,I49.9
5.0,Κ44Α,I50
5.0,Κ44Α,I50 
5.0,Κ44Α,I50.0
5.0,Κ44Α,I50.0 
5.0,Κ44Α,I50.1
5.0,Κ44Α,I50.1 
5.0,Κ44Α,I50.2
5.0,Κ44Α,I50.3
5.0,Κ44Α,I50.4
5.0,Κ44Α,I50.5
5.0,Κ44Α,I50.6
5.0,Κ44Α,I50.7
5.0,Κ44Α,I50.8
5.0,Κ44Α,I50.9
5.0,Κ44Α,I50.9 
5.0,Κ44Α,I51 
5.0,Κ44Α,I51.0
5.0,Κ44Α,I51.0 
5.0,Κ44Α,I51.1
5.0,Κ44Α,I51.1 
5.0,Κ44Α,I51.2
5.0,Κ44Α,I51.2 
5.0,Κ44Α,I51.3
5.0,Κ44Α,I51.3 
5.0,Κ44Α,I51.4
5.0,Κ44Α,I51.4 
5.0,Κ44Α,I51.5
5.0,Κ44Α,I51.5 
5.0,Κ44Α,I51.6
5.0,Κ44Α,I51.6 
5.0,Κ44Α,I51.7
5.0,Κ44Α,I51.7 
5.0,Κ44Α,I51.8
5.0,Κ44Α,I51.8 
5.0,Κ44Α,I51.9
5.0,Κ44Α,I51.9 
5.0,Κ44Α,I52* 
5.0,Κ44Α,I52.0* 
5.0,Κ44Α,I52.1* 
5.0,Κ44Α,I52.8* 
5.0,Κ44Α,I71 
5.0,Κ44Α,I71.0 
5.0,Κ44Α,I71.1 
5.0,Κ44Α,I71.5 
5.0,Κ44Α,I71.8 
5.0,Κ44Α,I97 
5.0,Κ44Α,I97.0 
5.0,Κ44Α,I97.1 
5.0,Κ44Α,I97.8 
5.0,Κ44Α,I97.9 
5.0,Κ44Α,I98* 
5.0,Κ44Α,I98.0* 
5.0,Κ44Α,I98.1* 
5.0,Κ44Α,I98.8* 
5.0,Κ44Α,I98.9 
5.0,Κ44Α,I99 
5.0,Κ44Α,J10.8
5.0,Κ44Α,J11.8
5.0,Κ44Α,K44A
5.0,Κ44Α,M05.3
5.0,Κ44Α,M32.1
5.0,Κ44Α,N18.8
5.0,Κ44Α,R53 
5.0,Κ44Α,R55
5.0,Κ44Α,R55 
5.0,Κ44Α,R57
5.0,Κ44Α,R57.0 
5.0,Κ44Α,T82 
5.0,Κ44Α,T82.0
5.0,Κ44Α,T82.1
5.0,Κ44Α,T82.2
5.0,Κ44Α,T82.3
5.0,Κ44Α,T82.4
5.0,Κ44Α,T82.5
5.0,Κ44Α,T82.6
5.0,Κ44Α,T82.7
5.0,Κ44Α,T82.8
5.0,Κ44Α,T82.9
5.0,Κ44Α,T86 
5.0,Κ44Α,T86  
5.0,Κ44Α,T86.2 
5.0,Κ44Α,T86.3 
5.0,Κ44Α,Z94 
5.0,Κ44Α,Z94.1 
5.0,Κ45Μα,I09.0 
5.0,Κ45Μα,I09.1 
5.0,Κ45Μα,I09.2 
5.0,Κ45Μα,I09.8 
5.0,Κ45Μα,I09.9 
5.0,Κ45Μα,I24.8 
5.0,Κ45Μα,I24.9 
5.0,Κ45Μα,I25.0 
5.0,Κ45Μα,I25.1 
5.0,Κ45Μα,I25.2
5.0,Κ45Μα,I25.3 
5.0,Κ45Μα,I25.4 
5.0,Κ45Μα,I25.8 
5.0,Κ45Μα,I21.0
5.0,Κ45Μα,I21.1
5.0,Κ45Μα,I21.2
5.0,Κ45Μα,I21.3
5.0,Κ45Μα,I21.4
5.0,Κ45Μα,I21.5
5.0,Κ45Μα,I21.6
5.0,Κ45Μα,I21.7
5.0,Κ45Μα,I21.8
5.0,Κ45Μα,I21.9
5.0,Κ45Μα,I22.0
5.0,Κ45Μα,I22.1
5.0,Κ45Μα,I22.2
5.0,Κ45Μα,I22.3
5.0,Κ45Μα,I22.4
5.0,Κ45Μα,I22.5
5.0,Κ45Μα,I22.6
5.0,Κ45Μα,I22.7
5.0,Κ45Μα,I22.8
5.0,Κ45Μα,I22.9
5.0,Κ45Μα,I24
5.0,Κ45Μα,I25.9 
5.0,Κ45Μα,I27.1 
5.0,Κ45Μα,I27.8 
5.0,Κ45Μα,I27.9 
5.0,Κ45Μα,I28.0 
5.0,Κ45Μα,I28.1 
5.0,Κ45Μα,I28.8 
5.0,Κ45Μα,I28.9 
5.0,Κ45Μα,I31.2 
5.0,Κ45Μα,I31.3 
5.0,Κ45Μα,B872  
5.0,Κ45Μα,I31.8 
5.0,Κ45Μα,I31.9 
5.0,Κ45Μα,I32.0* 
5.0,Κ45Μα,A54.8
5.0,Κ45Μα,A39.5
5.0,Κ45Μα,A52.0
5.0,Κ45Μα,A18.8
5.0,Κ45Μα,I32.1* 
5.0,Κ45Μα,I32.8* 
5.0,Κ45Μα,M05.3
5.0,Κ45Μα,M32.1
5.0,Κ45Μα,N18.8
5.0,Κ45Μα,I39.0* 
5.0,Κ45Μα,I39.1* 
5.0,Κ45Μα,I39.2* 
5.0,Κ45Μα,I39.3* 
5.0,Κ45Μα,I39.4* 
5.0,Κ45Μα,I39.8* 
5.0,Κ45Μα,I41.0* 
5.0,Κ45Μα,I41.1* 
5.0,Κ45Μα,I41.2* 
5.0,Κ45Μα,I41.8* 
5.0,Κ45Μα,I43.0* 
5.0,Κ45Μα,I43.1* 
5.0,Κ45Μα,I43.2* 
5.0,Κ45Μα,I43.8* 
5.0,Κ45Μα,A36.8
5.0,Κ45Μα,A54.8
5.0,Κ45Μα,A39.5
5.0,Κ45Μα,A52.0
5.0,Κ45Μα,A18.8
5.0,Κ45Μα,J10.8
5.0,Κ45Μα,J11.8
5.0,Κ45Μα,B26.8
5.0,Κ45Μα,B57.2
5.0,Κ45Μα,B57.0
5.0,Κ45Μα,B58.8
5.0,Κ45Μα,M05.3
5.0,Κ45Μα,D86.8
5.0,Κ45Μα,A36.8
5.0,Κ45Μα,E85
5.0,Κ45Μα,E63.9
5.0,Κ45Μα,E05.9
5.0,Κ45Μα,I50.0 
5.0,Κ45Μα,I50.1 
5.0,Κ45Μα,I50.9 
5.0,Κ45Μα,I51.0 
5.0,Κ45Μα,I51.1 
5.0,Κ45Μα,I51.2 
5.0,Κ45Μα,I51.3 
5.0,Κ45Μα,I51.4 
5.0,Κ45Μα,I51.5 
5.0,Κ45Μα,I51.6 
5.0,Κ45Μα,I51.7 
5.0,Κ45Μα,I51.8 
5.0,Κ45Μα,I51.9 
5.0,Κ45Μα,I52.0* 
5.0,Κ45Μα,A39.5
5.0,Κ45Μα,I52.1* 
5.0,Κ45Μα,B65
5.0,Κ45Μα,I52.8* 
5.0,Κ45Μα,I46.0 
5.0,Κ45Μα,I98.0* 
5.0,Κ45Μα,I98.1* 
5.0,Κ45Μα,A52.0
5.0,Κ45Μα,A50.5
5.0,Κ45Μα,B57.2
5.0,Κ45Μα,A67.2
5.0,Κ45Μα,I98.8* 
5.0,Κ45Μα,I98.9 
5.0,Κ45Μα,T82.0
5.0,Κ45Μα,T82.1
5.0,Κ45Μα,T82.2
5.0,Κ45Μα,T82.3
5.0,Κ45Μα,T82.4
5.0,Κ45Μα,T82.5
5.0,Κ45Μα,T82.6
5.0,Κ45Μα,T82.7
5.0,Κ45Μα,T82.8
5.0,Κ45Μα,T82.9
5.0,Κ45Μα,T86.2 
5.0,Κ45Μα,T86.3 
5.0,Κ45Μα,I09 
5.0,Κ45Μα,I24 
5.0,Κ45Μα,I25 
5.0,Κ45Μα,I27 
5.0,Κ45Μα,I28 
5.0,Κ45Μα,I31 
5.0,Κ45Μα,I32* 
5.0,Κ45Μα,I39* 
5.0,Κ45Μα,I41* 
5.0,Κ45Μα,I43* 
5.0,Κ45Μα,I50 
5.0,Κ45Μα,I51 
5.0,Κ45Μα,I52* 
5.0,Κ45Μα,I71 
5.0,Κ45Μα,I46 
5.0,Κ45Μα,I97 
5.0,Κ45Μα,I98* 
5.0,Κ45Μα,I99 
5.0,Κ45Μα,R55 
5.0,Κ45Μα,T82 
5.0,Κ45Μα,T86 
5.0,Κ45Μα,B37.6
5.0,Κ45Μα,A54.8
5.0,Κ45Μα,M32.1
5.0,Κ45Μα,A39.5
5.0,Κ45Μα,M05.3
5.0,Κ45Μα,A52.0
5.0,Κ45Μα,A18.8
5.0,Κ45Μα,A01.0
5.0,Κ45Μβ,I09.0 
5.0,Κ45Μβ,I09.1 
5.0,Κ45Μβ,I09.2 
5.0,Κ45Μβ,I09.8 
5.0,Κ45Μβ,I09.9 
5.0,Κ45Μβ,I24.8 
5.0,Κ45Μβ,I24.9 
5.0,Κ45Μβ,I25.0 
5.0,Κ45Μβ,I25.1 
5.0,Κ45Μβ,I25.2
5.0,Κ45Μβ,B872  
5.0,Κ45Μβ,I25.3 
5.0,Κ45Μβ,I25.4 
5.0,Κ45Μβ,I25.8 
5.0,Κ45Μβ,I25.9 
5.0,Κ45Μβ,I27.1 
5.0,Κ45Μβ,I27.8 
5.0,Κ45Μβ,I27.9 
5.0,Κ45Μβ,I28.0 
5.0,Κ45Μβ,I28.1 
5.0,Κ45Μβ,I28.8 
5.0,Κ45Μβ,I28.9 
5.0,Κ45Μβ,I31.2 
5.0,Κ45Μβ,I31.3 
5.0,Κ45Μβ,I31.8 
5.0,Κ45Μβ,I31.9 
5.0,Κ45Μβ,I32.0* 
5.0,Κ45Μβ,I32.1* 
5.0,Κ45Μβ,I32.8* 
5.0,Κ45Μβ,A54.8
5.0,Κ45Μβ,A39.5
5.0,Κ45Μβ,A52.0
5.0,Κ45Μβ,A18.8
5.0,Κ45Μβ,M05.3
5.0,Κ45Μβ,M32.1
5.0,Κ45Μβ,N18.8
5.0,Κ45Μβ,A36.8
5.0,Κ45Μβ,A54.8
5.0,Κ45Μβ,A39.5
5.0,Κ45Μβ,A53.0
5.0,Κ45Μβ,A18.8
5.0,Κ45Μβ,J10.8
5.0,Κ45Μβ,J11.8
5.0,Κ45Μβ,B26.8
5.0,Κ45Μβ,B57.2
5.0,Κ45Μβ,B57.0
5.0,Κ45Μβ,B58.8
5.0,Κ45Μβ,M05.3
5.0,Κ45Μβ,D86.8
5.0,Κ45Μβ,A36.8
5.0,Κ45Μβ,B85
5.0,Κ45Μβ,E63.9
5.0,Κ45Μβ,E05.9
5.0,Κ45Μβ,A39.5
5.0,Κ45Μβ,B65
5.0,Κ45Μβ,A52.0
5.0,Κ45Μβ,A50.0
5.0,Κ45Μβ,B57.2
5.0,Κ45Μβ,A67.2
5.0,Κ45Μβ,I39.0* 
5.0,Κ45Μβ,I39.1* 
5.0,Κ45Μβ,I39.2* 
5.0,Κ45Μβ,I39.3* 
5.0,Κ45Μβ,I39.4* 
5.0,Κ45Μβ,I39.8* 
5.0,Κ45Μβ,I41.0* 
5.0,Κ45Μβ,I41.1* 
5.0,Κ45Μβ,I41.2* 
5.0,Κ45Μβ,I41.8* 
5.0,Κ45Μβ,I43.0* 
5.0,Κ45Μβ,I43.1* 
5.0,Κ45Μβ,I43.2* 
5.0,Κ45Μβ,I43.8* 
5.0,Κ45Μβ,I51.3 
5.0,Κ45Μβ,I51.4 
5.0,Κ45Μβ,I51.5 
5.0,Κ45Μβ,I51.6 
5.0,Κ45Μβ,I51.7 
5.0,Κ45Μβ,I51.8 
5.0,Κ45Μβ,I51.9 
5.0,Κ45Μβ,I52.0* 
5.0,Κ45Μβ,I52.1* 
5.0,Κ45Μβ,I52.8* 
5.0,Κ45Μβ,I98.0* 
5.0,Κ45Μβ,I98.1* 
5.0,Κ45Μβ,I98.8* 
5.0,Κ45Μβ,I98.9 
5.0,Κ45Μβ,I09 
5.0,Κ45Μβ,I24 
5.0,Κ45Μβ,I25 
5.0,Κ45Μβ,I27 
5.0,Κ45Μβ,I28 
5.0,Κ45Μβ,I31 
5.0,Κ45Μβ,I32* 
5.0,Κ45Μβ,I39* 
5.0,Κ45Μβ,B37.6
5.0,Κ45Μβ,A54.8
5.0,Κ45Μβ,M32.1
5.0,Κ45Μβ,A39.5
5.0,Κ45Μβ,M05.3
5.0,Κ45Μβ,A52.0
5.0,Κ45Μβ,A18.8
5.0,Κ45Μβ,A01.0
5.0,Κ45Μβ,I41* 
5.0,Κ45Μβ,I43* 
5.0,Κ45Μβ,I50 
5.0,Κ45Μβ,I51 
5.0,Κ45Μβ,I52* 
5.0,Κ45Μβ,I97 
5.0,Κ45Μβ,I98* 
5.0,Κ45Μβ,I99 
5.0,Κ45Χ,I24.8 
5.0,Κ45Χ,I24.9 
5.0,Κ45Χ,I25.0 
5.0,Κ45Χ,I25.1 
5.0,Κ45Χ,I25.8 
5.0,Κ45Χ,I25.9 
5.0,Κ45Χ,I27.1 
5.0,Κ45Χ,I27.8 
5.0,Κ45Χ,I27.8 
5.0,Κ45Χ,I27.9 
5.0,Κ45Χ,I28.0 
5.0,Κ45Χ,I28.1 
5.0,Κ45Χ,I28.9 
5.0,Κ45Χ,I28.9 
5.0,Κ45Χ,I31.8 
5.0,Κ45Χ,I51.9 
5.0,Κ45Χ,I98.8* 
5.0,Κ45Χ,I98.9 
5.0,Κ45Χ,I24 
5.0,Κ45Χ,I25 
5.0,Κ45Χ,I27 
5.0,Κ45Χ,I28 
5.0,Κ45Χ,I31 
5.0,Κ45Χ,I51 
5.0,Κ45Χ,I97 
5.0,Κ45Χ,I98* 
5.0,Κ45Χ,I99 
5.0,Κ01Μ,Q20
5.0,Κ01Μ,Q24
5.0,Κ01Μ,R95
5.0,Κ01Μ,R98
5.0,Κ01Μ,G70
5.0,Κ01Μ,G71
5.0,Κ01Μ,G71.0
5.0,Κ01Μ,G71.1
5.0,Κ01Μ,G71.2
5.0,Κ01Μ,G72
5.0,Κ01Μ,I11.0
5.0,Κ01Μ,I13
5.0,Κ01Μ,I13.0
5.0,Κ01Μ,I21.9
5.0,Κ01Μ,I23
5.0,Κ01Μ,I24.9
5.0,Κ01Μ,I25
5.0,Κ01Μ,I39.1*
5.0,Κ01Μ,I42
5.0,Κ01Μ,I42.0
5.0,Κ01Μ,I42.1
5.0,Κ01Μ,I42.2
5.0,Κ01Μ,I42.3
5.0,Κ01Μ,I42.4
5.0,Κ01Μ,I42.5
5.0,Κ01Μ,I42.6
5.0,Κ01Μ,I42.7
5.0,Κ01Μ,I42.8
5.0,Κ01Μ,I43*
5.0,Κ01Μ,I46.1
5.0,Κ01Μ,I47.0
5.0,Κ01Μ,I47.2
5.0,Κ01Μ,I49
5.0,Κ01Μ,I49.0
5.0,Κ01Μ,I49.3
5.0,Κ01Μ,I49.4
5.0,Κ01Μ,I49.9
5.0,Κ01Μ,I50
5.0,Κ01Μ,I50.0
5.0,Κ01Μ,I50.1
5.0,Κ01Μ,I50.9
5.0,Κ01Μ,I51.9
5.0,Κ01Μ,I52*
5.0,Κ01Μ,I52.0*
5.0,Κ01Μ,I52.1*
5.0,Κ01Μ,I52.8*
5.0,Κ01Μ,J93
5.0,Κ01Μ,J95
5.0,Κ01Μ,T81
5.0,Κ01Μ,T82
5.0,Κ01Μ,W84
5.0,Κ01Μ,Y60
5.0,Κ01Μ,Y61
5.0,Κ01Μ,Y62
5.0,Κ01Μ,Y63
5.0,Κ01Μ,Y64
5.0,Κ01Μ,Y65
5.0,Κ01Μ,Y69
5.0,Κ01Μ,Y84
5.0,Κ01Μ,Y95
5.0,Κ01Μ,I31.2
5.0,Κ01Μ,I31.3
5.0,Κ01Μ,I31.9
5.0,Κ01Μ,I33
5.0,Κ01Μ,I33.0
5.0,Κ01Μ,I38
5.0,Κ01Μ,I39*
5.0,Κ01Μ,I82
5.0,Κ01Μ,I82.2
5.0,Κ01Μ,I82.8
5.0,Κ01Μ,I95
5.0,Κ01Μ,I97
5.0,Κ01Μ,I98.1*
5.0,Κ01Μ,J93
5.0,Κ01Μ,J94.0
5.0,Κ01Μ,J94.2
5.0,Κ01Μ,J94.8
5.0,Κ01Μ,J95
5.0,Κ01Μ,J95.8
5.0,Κ01Μ,J95.9
5.0,Κ01Μ,T80.0
5.0,Κ01Μ,T80.5
5.0,Κ01Μ,T81
5.0,Κ01Μ,T81.0
5.0,Κ01Μ,T81.1
5.0,Κ01Μ,T81.2
5.0,Κ01Μ,T81.3
5.0,Κ01Μ,T81.4
5.0,Κ01Μ,T81.5
5.0,Κ01Μ,T81.6
5.0,Κ01Μ,T81.7
5.0,Κ01Μ,T81.8
5.0,Κ01Μ,T82.1
5.0,Κ01Μ,T82.7
5.0,Κ01Μ,T82.8
5.0,Κ01Μ,T82.9
5.0,Κ01Μ,Y61
5.0,Κ01Μ,Y62
5.0,Κ01Μ,Y62.5
5.0,Κ01Μ,Y62.6
5.0,Κ01Μ,Y62.8
5.0,Κ01Μ,Y62.9
5.0,Κ01Μ,Y63
5.0,Κ01Μ,Y63.0
5.0,Κ01Μ,Y63.1
5.0,Κ01Μ,Y63.2
5.0,Κ01Μ,Y63.3
5.0,Κ01Μ,Y63.6
5.0,Κ01Μ,Y63.8
5.0,Κ01Μ,Y63.9
5.0,Κ01Μ,Y64
5.0,Κ01Μ,Y64.0
5.0,Κ01Μ,Y64.1
5.0,Κ01Μ,Y64.8
5.0,Κ01Μ,Y64.9
5.0,Κ01Μ,Y65
5.0,Κ01Μ,Y65.0
5.0,Κ01Μ,Y65.1
5.0,Κ01Μ,Y66
5.0,Κ01Μ,Y69
5.0,Κ01Μ,Y84
5.0,Κ01Μ,Y88.0
5.0,Κ01Μ,Y88.1
5.0,Κ01Μ,Y88.2
5.0,Κ01Μ,Y88.3
5.0,Κ01Χ,Q20
5.0,Κ01Χ,Q24
5.0,Κ01Χ,R95
5.0,Κ01Χ,R98
5.0,Κ01Χ,G70
5.0,Κ01Χ,G71
5.0,Κ01Χ,G71.0
5.0,Κ01Χ,G71.1
5.0,Κ01Χ,G71.2
5.0,Κ01Χ,G72
5.0,Κ01Χ,I11.0
5.0,Κ01Χ,I13
5.0,Κ01Χ,I13.0
5.0,Κ01Χ,I21.9
5.0,Κ01Χ,I23
5.0,Κ01Χ,I24.9
5.0,Κ01Χ,I25
5.0,Κ01Χ,I39.1*
5.0,Κ01Χ,I42
5.0,Κ01Χ,I42.0
5.0,Κ01Χ,I42.1
5.0,Κ01Χ,I42.2
5.0,Κ01Χ,I42.3
5.0,Κ01Χ,I42.4
5.0,Κ01Χ,I42.5
5.0,Κ01Χ,I42.6
5.0,Κ01Χ,I42.7
5.0,Κ01Χ,I42.8
5.0,Κ01Χ,I43*
5.0,Κ01Χ,I46.1
5.0,Κ01Χ,I47.0
5.0,Κ01Χ,I47.2
5.0,Κ01Χ,I49
5.0,Κ01Χ,I49.0
5.0,Κ01Χ,I49.3
5.0,Κ01Χ,I49.4
5.0,Κ01Χ,I49.9
5.0,Κ01Χ,I50
5.0,Κ01Χ,I50.0
5.0,Κ01Χ,I50.1
5.0,Κ01Χ,I50.9
5.0,Κ01Χ,I51.9
5.0,Κ01Χ,I52*
5.0,Κ01Χ,I52.0*
5.0,Κ01Χ,I52.1*
5.0,Κ01Χ,I52.8*
5.0,Κ01Χ,J93
5.0,Κ01Χ,J95
5.0,Κ01Χ,T81
5.0,Κ01Χ,T82
5.0,Κ01Χ,W84
5.0,Κ01Χ,Y60
5.0,Κ01Χ,Y61
5.0,Κ01Χ,Y62
5.0,Κ01Χ,Y63
5.0,Κ01Χ,Y64
5.0,Κ01Χ,Y65
5.0,Κ01Χ,Y69
5.0,Κ01Χ,Y84
5.0,Κ01Χ,Y95
5.0,Κ01Χ,I31.2
5.0,Κ01Χ,I31.3
5.0,Κ01Χ,I31.9
5.0,Κ01Χ,I33
5.0,Κ01Χ,I33.0
5.0,Κ01Χ,I38
5.0,Κ01Χ,I39*
5.0,Κ01Χ,I82
5.0,Κ01Χ,I82.2
5.0,Κ01Χ,I82.8
5.0,Κ01Χ,I95
5.0,Κ01Χ,I97
5.0,Κ01Χ,I98.1*
5.0,Κ01Χ,J93
5.0,Κ01Χ,J94.0
5.0,Κ01Χ,J94.2
5.0,Κ01Χ,J94.8
5.0,Κ01Χ,J95
5.0,Κ01Χ,J95.8
5.0,Κ01Χ,J95.9
5.0,Κ01Χ,T80.0
5.0,Κ01Χ,T80.5
5.0,Κ01Χ,T81
5.0,Κ01Χ,T81.0
5.0,Κ01Χ,T81.1
5.0,Κ01Χ,T81.2
5.0,Κ01Χ,T81.3
5.0,Κ01Χ,T81.4
5.0,Κ01Χ,T81.5
5.0,Κ01Χ,T81.6
5.0,Κ01Χ,T81.7
5.0,Κ01Χ,T81.8
5.0,Κ01Χ,T82.1
5.0,Κ01Χ,T82.7
5.0,Κ01Χ,T82.8
5.0,Κ01Χ,T82.9
5.0,Κ01Χ,Y61
5.0,Κ01Χ,Y62
5.0,Κ01Χ,Y62.5
5.0,Κ01Χ,Y62.6
5.0,Κ01Χ,Y62.8
5.0,Κ01Χ,Y62.9
5.0,Κ01Χ,Y63
5.0,Κ01Χ,Y63.0
5.0,Κ01Χ,Y63.1
5.0,Κ01Χ,Y63.2
5.0,Κ01Χ,Y63.3
5.0,Κ01Χ,Y63.6
5.0,Κ01Χ,Y63.8
5.0,Κ01Χ,Y63.9
5.0,Κ01Χ,Y64
5.0,Κ01Χ,Y64.0
5.0,Κ01Χ,Y64.1
5.0,Κ01Χ,Y64.8
5.0,Κ01Χ,Y64.9
5.0,Κ01Χ,Y65
5.0,Κ01Χ,Y65.0
5.0,Κ01Χ,Y65.1
5.0,Κ01Χ,Y66
5.0,Κ01Χ,Y69
5.0,Κ01Χ,Y84
5.0,Κ01Χ,Y88.0
5.0,Κ01Χ,Y88.1
5.0,Κ01Χ,Y88.2
5.0,Κ01Χ,Y88.3
5.0,Κ02Α,Q20
5.0,Κ02Α,Q24
5.0,Κ02Α,R95
5.0,Κ02Α,R98
5.0,Κ02Α,G70
5.0,Κ02Α,G71
5.0,Κ02Α,G71.0
5.0,Κ02Α,G71.1
5.0,Κ02Α,G71.2
5.0,Κ02Α,G72
5.0,Κ02Α,I11.0
5.0,Κ02Α,I13
5.0,Κ02Α,I13.0
5.0,Κ02Α,I21.9
5.0,Κ02Α,I23
5.0,Κ02Α,I24.9
5.0,Κ02Α,I25
5.0,Κ02Α,I39.1*
5.0,Κ02Α,I42
5.0,Κ02Α,I42.0
5.0,Κ02Α,I42.1
5.0,Κ02Α,I42.2
5.0,Κ02Α,I42.3
5.0,Κ02Α,I42.4
5.0,Κ02Α,I42.5
5.0,Κ02Α,I42.6
5.0,Κ02Α,I42.7
5.0,Κ02Α,I42.8
5.0,Κ02Α,I43*
5.0,Κ02Α,I46.1
5.0,Κ02Α,I47.0
5.0,Κ02Α,I47.2
5.0,Κ02Α,I49
5.0,Κ02Α,I49.0
5.0,Κ02Α,I49.3
5.0,Κ02Α,I49.4
5.0,Κ02Α,I49.9
5.0,Κ02Α,I50
5.0,Κ02Α,I50.0
5.0,Κ02Α,I50.1
5.0,Κ02Α,I50.9
5.0,Κ02Α,I51.9
5.0,Κ02Α,I52*
5.0,Κ02Α,I52.0*
5.0,Κ02Α,I52.1*
5.0,Κ02Α,I52.8*
5.0,Κ02Α,J93
5.0,Κ02Α,J95
5.0,Κ02Α,T81
5.0,Κ02Α,T82
5.0,Κ02Α,W84
5.0,Κ02Α,Y60
5.0,Κ02Α,Y61
5.0,Κ02Α,Y62
5.0,Κ02Α,Y63
5.0,Κ02Α,Y64
5.0,Κ02Α,Y65
5.0,Κ02Α,Y69
5.0,Κ02Α,Y84
5.0,Κ02Α,Y95
5.0,Κ02Α,I31.2
5.0,Κ02Α,I31.3
5.0,Κ02Α,I31.9
5.0,Κ02Α,I33
5.0,Κ02Α,I33.0
5.0,Κ02Α,I38
5.0,Κ02Α,I39*
5.0,Κ02Α,I82
5.0,Κ02Α,I82.2
5.0,Κ02Α,I82.8
5.0,Κ02Α,I95
5.0,Κ02Α,I97
5.0,Κ02Α,I98.1*
5.0,Κ02Α,J93
5.0,Κ02Α,J94.0
5.0,Κ02Α,J94.2
5.0,Κ02Α,J94.8
5.0,Κ02Α,J95
5.0,Κ02Α,J95.8
5.0,Κ02Α,J95.9
5.0,Κ02Α,T80.0
5.0,Κ02Α,T80.5
5.0,Κ02Α,T81
5.0,Κ02Α,T81.0
5.0,Κ02Α,T81.1
5.0,Κ02Α,T81.2
5.0,Κ02Α,T81.3
5.0,Κ02Α,T81.4
5.0,Κ02Α,T81.5
5.0,Κ02Α,T81.6
5.0,Κ02Α,T81.7
5.0,Κ02Α,T81.8
5.0,Κ02Α,T82.1
5.0,Κ02Α,T82.7
5.0,Κ02Α,T82.8
5.0,Κ02Α,T82.9
5.0,Κ02Α,Y61
5.0,Κ02Α,Y62
5.0,Κ02Α,Y62.5
5.0,Κ02Α,Y62.6
5.0,Κ02Α,Y62.8
5.0,Κ02Α,Y62.9
5.0,Κ02Α,Y63
5.0,Κ02Α,Y63.0
5.0,Κ02Α,Y63.1
5.0,Κ02Α,Y63.2
5.0,Κ02Α,Y63.3
5.0,Κ02Α,Y63.6
5.0,Κ02Α,Y63.8
5.0,Κ02Α,Y63.9
5.0,Κ02Α,Y64
5.0,Κ02Α,Y64.0
5.0,Κ02Α,Y64.1
5.0,Κ02Α,Y64.8
5.0,Κ02Α,Y64.9
5.0,Κ02Α,Y65
5.0,Κ02Α,Y65.0
5.0,Κ02Α,Y65.1
5.0,Κ02Α,Y66
5.0,Κ02Α,Y69
5.0,Κ02Α,Y84
5.0,Κ02Α,Y88.0
5.0,Κ02Α,Y88.1
5.0,Κ02Α,Y88.2
5.0,Κ02Α,Y88.3
5.0,Κ12Μ,Q20
5.0,Κ12Μ,Q24
5.0,Κ12Μ,R95
5.0,Κ12Μ,R98
5.0,Κ12Μ,G70
5.0,Κ12Μ,G71
5.0,Κ12Μ,G71.0
5.0,Κ12Μ,G71.1
5.0,Κ12Μ,G71.2
5.0,Κ12Μ,G72
5.0,Κ12Μ,I11.0
5.0,Κ12Μ,I13
5.0,Κ12Μ,I13.0
5.0,Κ12Μ,I21.9
5.0,Κ12Μ,I23
5.0,Κ12Μ,I24.9
5.0,Κ12Μ,I25
5.0,Κ12Μ,I35.2
5.0,Κ12Μ,I39.1*
5.0,Κ12Μ,I42
5.0,Κ12Μ,I42.0
5.0,Κ12Μ,I42.1
5.0,Κ12Μ,I42.2
5.0,Κ12Μ,I42.3
5.0,Κ12Μ,I42.4
5.0,Κ12Μ,I42.5
5.0,Κ12Μ,I42.6
5.0,Κ12Μ,I42.7
5.0,Κ12Μ,I42.8
5.0,Κ12Μ,I43*
5.0,Κ12Μ,I44
5.0,Κ12Μ,I44.0
5.0,Κ12Μ,I44.1
5.0,Κ12Μ,I44.2
5.0,Κ12Μ,I44.3
5.0,Κ12Μ,I44.4
5.0,Κ12Μ,I44.5
5.0,Κ12Μ,I44.6
5.0,Κ12Μ,I44.7
5.0,Κ12Μ,I45
5.0,Κ12Μ,I45.0
5.0,Κ12Μ,I45.1
5.0,Κ12Μ,I45.2
5.0,Κ12Μ,I45.3
5.0,Κ12Μ,I45.4
5.0,Κ12Μ,I45.5
5.0,Κ12Μ,I45.8
5.0,Κ12Μ,I45.9
5.0,Κ12Μ,I46
5.0,Κ12Μ,I46.0
5.0,Κ12Μ,I46.1
5.0,Κ12Μ,I46.9
5.0,Κ12Μ,I47.1
5.0,Κ12Μ,I47.2
5.0,Κ12Μ,I49.5
5.0,Κ12Μ,I49.8
5.0,Κ12Μ,I49.9
5.0,Κ12Μ,I50
5.0,Κ12Μ,I50.0
5.0,Κ12Μ,I50.1
5.0,Κ12Μ,I50.9
5.0,Κ12Μ,I51.9
5.0,Κ12Μ,I52*
5.0,Κ12Μ,I52.0*
5.0,Κ12Μ,I52.1*
5.0,Κ12Μ,I52.8*
5.0,Κ12Μ,I98.1*
5.0,Κ12Μ,P29.1
5.0,Κ12Μ,Q24.6
5.0,Κ12Μ,J93
5.0,Κ12Μ,J95
5.0,Κ12Μ,T81
5.0,Κ12Μ,T82
5.0,Κ12Μ,W84
5.0,Κ12Μ,Y60
5.0,Κ12Μ,Y61
5.0,Κ12Μ,Y62
5.0,Κ12Μ,Y63
5.0,Κ12Μ,Y64
5.0,Κ12Μ,Y65
5.0,Κ12Μ,Y69
5.0,Κ12Μ,Y84
5.0,Κ12Μ,Y95
5.0,Κ12Μ,I31.2
5.0,Κ12Μ,I31.3
5.0,Κ12Μ,I31.9
5.0,Κ12Μ,I33
5.0,Κ12Μ,I33.0
5.0,Κ12Μ,I38
5.0,Κ12Μ,I39*
5.0,Κ12Μ,I82
5.0,Κ12Μ,I82.2
5.0,Κ12Μ,I82.8
5.0,Κ12Μ,I95
5.0,Κ12Μ,I97
5.0,Κ12Μ,I98.1*
5.0,Κ12Μ,J93
5.0,Κ12Μ,J94.0
5.0,Κ12Μ,J94.2
5.0,Κ12Μ,J94.8
5.0,Κ12Μ,J95
5.0,Κ12Μ,J95.8
5.0,Κ12Μ,J95.9
5.0,Κ12Μ,T80.0
5.0,Κ12Μ,T80.5
5.0,Κ12Μ,T81
5.0,Κ12Μ,T81.0
5.0,Κ12Μ,T81.1
5.0,Κ12Μ,T81.2
5.0,Κ12Μ,T81.3
5.0,Κ12Μ,T81.4
5.0,Κ12Μ,T81.5
5.0,Κ12Μ,T81.6
5.0,Κ12Μ,T81.7
5.0,Κ12Μ,T81.8
5.0,Κ12Μ,T82.1
5.0,Κ12Μ,T82.7
5.0,Κ12Μ,T82.8
5.0,Κ12Μ,T82.9
5.0,Κ12Μ,Y61
5.0,Κ12Μ,Y62
5.0,Κ12Μ,Y62.5
5.0,Κ12Μ,Y62.6
5.0,Κ12Μ,Y62.8
5.0,Κ12Μ,Y62.9
5.0,Κ12Μ,Y63
5.0,Κ12Μ,Y63.0
5.0,Κ12Μ,Y63.1
5.0,Κ12Μ,Y63.2
5.0,Κ12Μ,Y63.3
5.0,Κ12Μ,Y63.6
5.0,Κ12Μ,Y63.8
5.0,Κ12Μ,Y63.9
5.0,Κ12Μ,Y64
5.0,Κ12Μ,Y64.0
5.0,Κ12Μ,Y64.1
5.0,Κ12Μ,Y64.8
5.0,Κ12Μ,Y64.9
5.0,Κ12Μ,Y65
5.0,Κ12Μ,Y65.0
5.0,Κ12Μ,Y65.1
5.0,Κ12Μ,Y66
5.0,Κ12Μ,Y69
5.0,Κ12Μ,Y84
5.0,Κ12Μ,Y88.0
5.0,Κ12Μ,Y88.1
5.0,Κ12Μ,Y88.2
5.0,Κ12Μ,Y88.3
5.0,Κ17Μ,Q20
5.0,Κ17Μ,Q24
5.0,Κ17Μ,R95
5.0,Κ17Μ,R98
5.0,Κ17Μ,G70
5.0,Κ17Μ,G71
5.0,Κ17Μ,G71.0
5.0,Κ17Μ,G71.1
5.0,Κ17Μ,G71.2
5.0,Κ17Μ,G72
5.0,Κ17Μ,I11.0
5.0,Κ17Μ,I13
5.0,Κ17Μ,I13.0
5.0,Κ17Μ,I21.9
5.0,Κ17Μ,I23
5.0,Κ17Μ,I24.9
5.0,Κ17Μ,I25
5.0,Κ17Μ,I35.2
5.0,Κ17Μ,I39.1*
5.0,Κ17Μ,I42
5.0,Κ17Μ,I42.0
5.0,Κ17Μ,I42.1
5.0,Κ17Μ,I42.2
5.0,Κ17Μ,I42.3
5.0,Κ17Μ,I42.4
5.0,Κ17Μ,I42.5
5.0,Κ17Μ,I42.6
5.0,Κ17Μ,I42.7
5.0,Κ17Μ,I42.8
5.0,Κ17Μ,I43*
5.0,Κ17Μ,I44
5.0,Κ17Μ,I44.0
5.0,Κ17Μ,I44.1
5.0,Κ17Μ,I44.2
5.0,Κ17Μ,I44.3
5.0,Κ17Μ,I44.4
5.0,Κ17Μ,I44.5
5.0,Κ17Μ,I44.6
5.0,Κ17Μ,I44.7
5.0,Κ17Μ,I45
5.0,Κ17Μ,I45.0
5.0,Κ17Μ,I45.1
5.0,Κ17Μ,I45.2
5.0,Κ17Μ,I45.3
5.0,Κ17Μ,I45.4
5.0,Κ17Μ,I45.5
5.0,Κ17Μ,I45.8
5.0,Κ17Μ,I45.9
5.0,Κ17Μ,I46
5.0,Κ17Μ,I46.0
5.0,Κ17Μ,I46.1
5.0,Κ17Μ,I46.9
5.0,Κ17Μ,I47.1
5.0,Κ17Μ,I47.2
5.0,Κ17Μ,I49.5
5.0,Κ17Μ,I49.8
5.0,Κ17Μ,I49.9
5.0,Κ17Μ,I50
5.0,Κ17Μ,I50.0
5.0,Κ17Μ,I50.1
5.0,Κ17Μ,I50.9
5.0,Κ17Μ,I51.9
5.0,Κ17Μ,I52*
5.0,Κ17Μ,I52.0*
5.0,Κ17Μ,I52.1*
5.0,Κ17Μ,I52.8*
5.0,Κ17Μ,I98.1*
5.0,Κ17Μ,P29.1
5.0,Κ17Μ,Q24.6
5.0,Κ17Μ,J93
5.0,Κ17Μ,J95
5.0,Κ17Μ,T81
5.0,Κ17Μ,T82
5.0,Κ17Μ,W84
5.0,Κ17Μ,Y60
5.0,Κ17Μ,Y61
5.0,Κ17Μ,Y62
5.0,Κ17Μ,Y63
5.0,Κ17Μ,Y64
5.0,Κ17Μ,Y65
5.0,Κ17Μ,Y69
5.0,Κ17Μ,Y84
5.0,Κ17Μ,Y95
5.0,Κ17Μ,I31.2
5.0,Κ17Μ,I31.3
5.0,Κ17Μ,I31.9
5.0,Κ17Μ,I33
5.0,Κ17Μ,I33.0
5.0,Κ17Μ,I38
5.0,Κ17Μ,I39*
5.0,Κ17Μ,I82
5.0,Κ17Μ,I82.2
5.0,Κ17Μ,I82.8
5.0,Κ17Μ,I95
5.0,Κ17Μ,I97
5.0,Κ17Μ,I98.1*
5.0,Κ17Μ,J93
5.0,Κ17Μ,J94.0
5.0,Κ17Μ,J94.2
5.0,Κ17Μ,J94.8
5.0,Κ17Μ,J95
5.0,Κ17Μ,J95.8
5.0,Κ17Μ,J95.9
5.0,Κ17Μ,T80.0
5.0,Κ17Μ,T80.5
5.0,Κ17Μ,T81
5.0,Κ17Μ,T81.0
5.0,Κ17Μ,T81.1
5.0,Κ17Μ,T81.2
5.0,Κ17Μ,T81.3
5.0,Κ17Μ,T81.4
5.0,Κ17Μ,T81.5
5.0,Κ17Μ,T81.6
5.0,Κ17Μ,T81.7
5.0,Κ17Μ,T81.8
5.0,Κ17Μ,T82.1
5.0,Κ17Μ,T82.7
5.0,Κ17Μ,T82.8
5.0,Κ17Μ,T82.9
5.0,Κ17Μ,Y61
5.0,Κ17Μ,Y62
5.0,Κ17Μ,Y62.5
5.0,Κ17Μ,Y62.6
5.0,Κ17Μ,Y62.8
5.0,Κ17Μ,Y62.9
5.0,Κ17Μ,Y63
5.0,Κ17Μ,Y63.0
5.0,Κ17Μ,Y63.1
5.0,Κ17Μ,Y63.2
5.0,Κ17Μ,Y63.3
5.0,Κ17Μ,Y63.6
5.0,Κ17Μ,Y63.8
5.0,Κ17Μ,Y63.9
5.0,Κ17Μ,Y64
5.0,Κ17Μ,Y64.0
5.0,Κ17Μ,Y64.1
5.0,Κ17Μ,Y64.8
5.0,Κ17Μ,Y64.9
5.0,Κ17Μ,Y65
5.0,Κ17Μ,Y65.0
5.0,Κ17Μ,Y65.1
5.0,Κ17Μ,Y66
5.0,Κ17Μ,Y69
5.0,Κ17Μ,Y84
5.0,Κ17Μ,Y88.0
5.0,Κ17Μ,Y88.1
5.0,Κ17Μ,Y88.2
5.0,Κ17Μ,Y88.3
5.0,Κ12Χ,Q20
5.0,Κ12Χ,Q24
5.0,Κ12Χ,R95
5.0,Κ12Χ,R98
5.0,Κ12Χ,G70
5.0,Κ12Χ,G71
5.0,Κ12Χ,G71.0
5.0,Κ12Χ,G71.1
5.0,Κ12Χ,G71.2
5.0,Κ12Χ,G72
5.0,Κ12Χ,I11.0
5.0,Κ12Χ,I13
5.0,Κ12Χ,I13.0
5.0,Κ12Χ,I21.9
5.0,Κ12Χ,I23
5.0,Κ12Χ,I24.9
5.0,Κ12Χ,I25
5.0,Κ12Χ,I35.2
5.0,Κ12Χ,I39.1*
5.0,Κ12Χ,I42
5.0,Κ12Χ,I42.0
5.0,Κ12Χ,I42.1
5.0,Κ12Χ,I42.2
5.0,Κ12Χ,I42.3
5.0,Κ12Χ,I42.4
5.0,Κ12Χ,I42.5
5.0,Κ12Χ,I42.6
5.0,Κ12Χ,I42.7
5.0,Κ12Χ,I42.8
5.0,Κ12Χ,I43*
5.0,Κ12Χ,I44
5.0,Κ12Χ,I44.0
5.0,Κ12Χ,I44.1
5.0,Κ12Χ,I44.2
5.0,Κ12Χ,I44.3
5.0,Κ12Χ,I44.4
5.0,Κ12Χ,I44.5
5.0,Κ12Χ,I44.6
5.0,Κ12Χ,I44.7
5.0,Κ12Χ,I45
5.0,Κ12Χ,I45.0
5.0,Κ12Χ,I45.1
5.0,Κ12Χ,I45.2
5.0,Κ12Χ,I45.3
5.0,Κ12Χ,I45.4
5.0,Κ12Χ,I45.5
5.0,Κ12Χ,I45.8
5.0,Κ12Χ,I45.9
5.0,Κ12Χ,I46
5.0,Κ12Χ,I46.0
5.0,Κ12Χ,I46.1
5.0,Κ12Χ,I46.9
5.0,Κ12Χ,I47.1
5.0,Κ12Χ,I47.2
5.0,Κ12Χ,I49.5
5.0,Κ12Χ,I49.8
5.0,Κ12Χ,I49.9
5.0,Κ12Χ,I50
5.0,Κ12Χ,I50.0
5.0,Κ12Χ,I50.1
5.0,Κ12Χ,I50.9
5.0,Κ12Χ,I51.9
5.0,Κ12Χ,I52*
5.0,Κ12Χ,I52.0*
5.0,Κ12Χ,I52.1*
5.0,Κ12Χ,I52.8*
5.0,Κ12Χ,I98.1*
5.0,Κ12Χ,P29.1
5.0,Κ12Χ,Q24.6
5.0,Κ12Χ,J93
5.0,Κ12Χ,J95
5.0,Κ12Χ,T81
5.0,Κ12Χ,T82
5.0,Κ12Χ,W84
5.0,Κ12Χ,Y60
5.0,Κ12Χ,Y61
5.0,Κ12Χ,Y62
5.0,Κ12Χ,Y63
5.0,Κ12Χ,Y64
5.0,Κ12Χ,Y65
5.0,Κ12Χ,Y69
5.0,Κ12Χ,Y84
5.0,Κ12Χ,Y95
5.0,Κ12Χ,I31.2
5.0,Κ12Χ,I31.3
5.0,Κ12Χ,I31.9
5.0,Κ12Χ,I33
5.0,Κ12Χ,I33.0
5.0,Κ12Χ,I38
5.0,Κ12Χ,I39*
5.0,Κ12Χ,I82
5.0,Κ12Χ,I82.2
5.0,Κ12Χ,I82.8
5.0,Κ12Χ,I95
5.0,Κ12Χ,I97
5.0,Κ12Χ,I98.1*
5.0,Κ12Χ,J93
5.0,Κ12Χ,J94.0
5.0,Κ12Χ,J94.2
5.0,Κ12Χ,J94.8
5.0,Κ12Χ,J95
5.0,Κ12Χ,J95.8
5.0,Κ12Χ,J95.9
5.0,Κ12Χ,T80.0
5.0,Κ12Χ,T80.5
5.0,Κ12Χ,T81
5.0,Κ12Χ,T81.0
5.0,Κ12Χ,T81.1
5.0,Κ12Χ,T81.2
5.0,Κ12Χ,T81.3
5.0,Κ12Χ,T81.4
5.0,Κ12Χ,T81.5
5.0,Κ12Χ,T81.6
5.0,Κ12Χ,T81.7
5.0,Κ12Χ,T81.8
5.0,Κ12Χ,T82.1
5.0,Κ12Χ,T82.7
5.0,Κ12Χ,T82.8
5.0,Κ12Χ,T82.9
5.0,Κ12Χ,Y61
5.0,Κ12Χ,Y62
5.0,Κ12Χ,Y62.5
5.0,Κ12Χ,Y62.6
5.0,Κ12Χ,Y62.8
5.0,Κ12Χ,Y62.9
5.0,Κ12Χ,Y63
5.0,Κ12Χ,Y63.0
5.0,Κ12Χ,Y63.1
5.0,Κ12Χ,Y63.2
5.0,Κ12Χ,Y63.3
5.0,Κ12Χ,Y63.6
5.0,Κ12Χ,Y63.8
5.0,Κ12Χ,Y63.9
5.0,Κ12Χ,Y64
5.0,Κ12Χ,Y64.0
5.0,Κ12Χ,Y64.1
5.0,Κ12Χ,Y64.8
5.0,Κ12Χ,Y64.9
5.0,Κ12Χ,Y65
5.0,Κ12Χ,Y65.0
5.0,Κ12Χ,Y65.1
5.0,Κ12Χ,Y66
5.0,Κ12Χ,Y69
5.0,Κ12Χ,Y84
5.0,Κ12Χ,Y88.0
5.0,Κ12Χ,Y88.1
5.0,Κ12Χ,Y88.2
5.0,Κ12Χ,Y88.3
5.0,Κ17Χ,Q20
5.0,Κ17Χ,Q24
5.0,Κ17Χ,R95
5.0,Κ17Χ,R98
5.0,Κ17Χ,G70
5.0,Κ17Χ,G71
5.0,Κ17Χ,G71.0
5.0,Κ17Χ,G71.1
5.0,Κ17Χ,G71.2
5.0,Κ17Χ,G72
5.0,Κ17Χ,I11.0
5.0,Κ17Χ,I13
5.0,Κ17Χ,I13.0
5.0,Κ17Χ,I21.9
5.0,Κ17Χ,I23
5.0,Κ17Χ,I24.9
5.0,Κ17Χ,I25
5.0,Κ17Χ,I35.2
5.0,Κ17Χ,I39.1*
5.0,Κ17Χ,I42
5.0,Κ17Χ,I42.0
5.0,Κ17Χ,I42.1
5.0,Κ17Χ,I42.2
5.0,Κ17Χ,I42.3
5.0,Κ17Χ,I42.4
5.0,Κ17Χ,I42.5
5.0,Κ17Χ,I42.6
5.0,Κ17Χ,I42.7
5.0,Κ17Χ,I42.8
5.0,Κ17Χ,I43*
5.0,Κ17Χ,I44
5.0,Κ17Χ,I44.0
5.0,Κ17Χ,I44.1
5.0,Κ17Χ,I44.2
5.0,Κ17Χ,I44.3
5.0,Κ17Χ,I44.4
5.0,Κ17Χ,I44.5
5.0,Κ17Χ,I44.6
5.0,Κ17Χ,I44.7
5.0,Κ17Χ,I45
5.0,Κ17Χ,I45.0
5.0,Κ17Χ,I45.1
5.0,Κ17Χ,I45.2
5.0,Κ17Χ,I45.3
5.0,Κ17Χ,I45.4
5.0,Κ17Χ,I45.5
5.0,Κ17Χ,I45.8
5.0,Κ17Χ,I45.9
5.0,Κ17Χ,I46
5.0,Κ17Χ,I46.0
5.0,Κ17Χ,I46.1
5.0,Κ17Χ,I46.9
5.0,Κ17Χ,I47.1
5.0,Κ17Χ,I47.2
5.0,Κ17Χ,I49.5
5.0,Κ17Χ,I49.8
5.0,Κ17Χ,I49.9
5.0,Κ17Χ,I50
5.0,Κ17Χ,I50.0
5.0,Κ17Χ,I50.1
5.0,Κ17Χ,I50.9
5.0,Κ17Χ,I51.9
5.0,Κ17Χ,I52*
5.0,Κ17Χ,I52.0*
5.0,Κ17Χ,I52.1*
5.0,Κ17Χ,I52.8*
5.0,Κ17Χ,I98.1*
5.0,Κ17Χ,P29.1
5.0,Κ17Χ,Q24.6
5.0,Κ17Χ,J93
5.0,Κ17Χ,J95
5.0,Κ17Χ,T81
5.0,Κ17Χ,T82
5.0,Κ17Χ,W84
5.0,Κ17Χ,Y60
5.0,Κ17Χ,Y61
5.0,Κ17Χ,Y62
5.0,Κ17Χ,Y63
5.0,Κ17Χ,Y64
5.0,Κ17Χ,Y65
5.0,Κ17Χ,Y69
5.0,Κ17Χ,Y84
5.0,Κ17Χ,Y95
5.0,Κ17Χ,I31.2
5.0,Κ17Χ,I31.3
5.0,Κ17Χ,I31.9
5.0,Κ17Χ,I33
5.0,Κ17Χ,I33.0
5.0,Κ17Χ,I38
5.0,Κ17Χ,I39*
5.0,Κ17Χ,I82
5.0,Κ17Χ,I82.2
5.0,Κ17Χ,I82.8
5.0,Κ17Χ,I95
5.0,Κ17Χ,I97
5.0,Κ17Χ,I98.1*
5.0,Κ17Χ,J93
5.0,Κ17Χ,J94.0
5.0,Κ17Χ,J94.2
5.0,Κ17Χ,J94.8
5.0,Κ17Χ,J95
5.0,Κ17Χ,J95.8
5.0,Κ17Χ,J95.9
5.0,Κ17Χ,T80.0
5.0,Κ17Χ,T80.5
5.0,Κ17Χ,T81
5.0,Κ17Χ,T81.0
5.0,Κ17Χ,T81.1
5.0,Κ17Χ,T81.2
5.0,Κ17Χ,T81.3
5.0,Κ17Χ,T81.4
5.0,Κ17Χ,T81.5
5.0,Κ17Χ,T81.6
5.0,Κ17Χ,T81.7
5.0,Κ17Χ,T81.8
5.0,Κ17Χ,T82.1
5.0,Κ17Χ,T82.7
5.0,Κ17Χ,T82.8
5.0,Κ17Χ,T82.9
5.0,Κ17Χ,Y61
5.0,Κ17Χ,Y62
5.0,Κ17Χ,Y62.5
5.0,Κ17Χ,Y62.6
5.0,Κ17Χ,Y62.8
5.0,Κ17Χ,Y62.9
5.0,Κ17Χ,Y63
5.0,Κ17Χ,Y63.0
5.0,Κ17Χ,Y63.1
5.0,Κ17Χ,Y63.2
5.0,Κ17Χ,Y63.3
5.0,Κ17Χ,Y63.6
5.0,Κ17Χ,Y63.8
5.0,Κ17Χ,Y63.9
5.0,Κ17Χ,Y64
5.0,Κ17Χ,Y64.0
5.0,Κ17Χ,Y64.1
5.0,Κ17Χ,Y64.8
5.0,Κ17Χ,Y64.9
5.0,Κ17Χ,Y65
5.0,Κ17Χ,Y65.0
5.0,Κ17Χ,Y65.1
5.0,Κ17Χ,Y66
5.0,Κ17Χ,Y69
5.0,Κ17Χ,Y84
5.0,Κ17Χ,Y88.0
5.0,Κ17Χ,Y88.1
5.0,Κ17Χ,Y88.2
5.0,Κ17Χ,Y88.3
5.0,Κ18Μ,Q20
5.0,Κ18Μ,Q24
5.0,Κ18Μ,R95
5.0,Κ18Μ,R98
5.0,Κ18Μ,G70
5.0,Κ18Μ,G71
5.0,Κ18Μ,G71.0
5.0,Κ18Μ,G71.1
5.0,Κ18Μ,G71.2
5.0,Κ18Μ,G72
5.0,Κ18Μ,I11.0
5.0,Κ18Μ,I13
5.0,Κ18Μ,I13.0
5.0,Κ18Μ,I21.9
5.0,Κ18Μ,I23
5.0,Κ18Μ,I24.9
5.0,Κ18Μ,I25
5.0,Κ18Μ,I35.2
5.0,Κ18Μ,I39.1*
5.0,Κ18Μ,I42
5.0,Κ18Μ,I42.0
5.0,Κ18Μ,I42.1
5.0,Κ18Μ,I42.2
5.0,Κ18Μ,I42.3
5.0,Κ18Μ,I42.4
5.0,Κ18Μ,I42.5
5.0,Κ18Μ,I42.6
5.0,Κ18Μ,I42.7
5.0,Κ18Μ,I42.8
5.0,Κ18Μ,I43*
5.0,Κ18Μ,I44
5.0,Κ18Μ,I44.0
5.0,Κ18Μ,I44.1
5.0,Κ18Μ,I44.2
5.0,Κ18Μ,I44.3
5.0,Κ18Μ,I44.4
5.0,Κ18Μ,I44.5
5.0,Κ18Μ,I44.6
5.0,Κ18Μ,I44.7
5.0,Κ18Μ,I45
5.0,Κ18Μ,I45.0
5.0,Κ18Μ,I45.1
5.0,Κ18Μ,I45.2
5.0,Κ18Μ,I45.3
5.0,Κ18Μ,I45.4
5.0,Κ18Μ,I45.5
5.0,Κ18Μ,I45.8
5.0,Κ18Μ,I45.9
5.0,Κ18Μ,I46
5.0,Κ18Μ,I46.0
5.0,Κ18Μ,I46.1
5.0,Κ18Μ,I46.9
5.0,Κ18Μ,I47.1
5.0,Κ18Μ,I47.2
5.0,Κ18Μ,I49.5
5.0,Κ18Μ,I49.8
5.0,Κ18Μ,I49.9
5.0,Κ18Μ,I50
5.0,Κ18Μ,I50.0
5.0,Κ18Μ,I50.1
5.0,Κ18Μ,I50.9
5.0,Κ18Μ,I51.9
5.0,Κ18Μ,I52*
5.0,Κ18Μ,I52.0*
5.0,Κ18Μ,I52.1*
5.0,Κ18Μ,I52.8*
5.0,Κ18Μ,I98.1*
5.0,Κ18Μ,P29.1
5.0,Κ18Μ,Q24.6
5.0,Κ18Μ,J93
5.0,Κ18Μ,J95
5.0,Κ18Μ,T81
5.0,Κ18Μ,T82
5.0,Κ18Μ,W84
5.0,Κ18Μ,Y60
5.0,Κ18Μ,Y61
5.0,Κ18Μ,Y62
5.0,Κ18Μ,Y63
5.0,Κ18Μ,Y64
5.0,Κ18Μ,Y65
5.0,Κ18Μ,Y69
5.0,Κ18Μ,Y84
5.0,Κ18Μ,Y95
5.0,Κ18Μ,I31.2
5.0,Κ18Μ,I31.3
5.0,Κ18Μ,I31.9
5.0,Κ18Μ,I33
5.0,Κ18Μ,I33.0
5.0,Κ18Μ,I38
5.0,Κ18Μ,I39*
5.0,Κ18Μ,I82
5.0,Κ18Μ,I82.2
5.0,Κ18Μ,I82.8
5.0,Κ18Μ,I95
5.0,Κ18Μ,I97
5.0,Κ18Μ,I98.1*
5.0,Κ18Μ,J93
5.0,Κ18Μ,J94.0
5.0,Κ18Μ,J94.2
5.0,Κ18Μ,J94.8
5.0,Κ18Μ,J95
5.0,Κ18Μ,J95.8
5.0,Κ18Μ,J95.9
5.0,Κ18Μ,T80.0
5.0,Κ18Μ,T80.5
5.0,Κ18Μ,T81
5.0,Κ18Μ,T81.0
5.0,Κ18Μ,T81.1
5.0,Κ18Μ,T81.2
5.0,Κ18Μ,T81.3
5.0,Κ18Μ,T81.4
5.0,Κ18Μ,T81.5
5.0,Κ18Μ,T81.6
5.0,Κ18Μ,T81.7
5.0,Κ18Μ,T81.8
5.0,Κ18Μ,T82.1
5.0,Κ18Μ,T82.7
5.0,Κ18Μ,T82.8
5.0,Κ18Μ,T82.9
5.0,Κ18Μ,Y61
5.0,Κ18Μ,Y62
5.0,Κ18Μ,Y62.5
5.0,Κ18Μ,Y62.6
5.0,Κ18Μ,Y62.8
5.0,Κ18Μ,Y62.9
5.0,Κ18Μ,Y63
5.0,Κ18Μ,Y63.0
5.0,Κ18Μ,Y63.1
5.0,Κ18Μ,Y63.2
5.0,Κ18Μ,Y63.3
5.0,Κ18Μ,Y63.6
5.0,Κ18Μ,Y63.8
5.0,Κ18Μ,Y63.9
5.0,Κ18Μ,Y64
5.0,Κ18Μ,Y64.0
5.0,Κ18Μ,Y64.1
5.0,Κ18Μ,Y64.8
5.0,Κ18Μ,Y64.9
5.0,Κ18Μ,Y65
5.0,Κ18Μ,Y65.0
5.0,Κ18Μ,Y65.1
5.0,Κ18Μ,Y66
5.0,Κ18Μ,Y69
5.0,Κ18Μ,Y84
5.0,Κ18Μ,Y88.0
5.0,Κ18Μ,Y88.1
5.0,Κ18Μ,Y88.2
5.0,Κ18Μ,Y88.3
5.0,Κ18Χ,Q20
5.0,Κ18Χ,Q24
5.0,Κ18Χ,R95
5.0,Κ18Χ,R98
5.0,Κ18Χ,G70
5.0,Κ18Χ,G71
5.0,Κ18Χ,G71.0
5.0,Κ18Χ,G71.1
5.0,Κ18Χ,G71.2
5.0,Κ18Χ,G72
5.0,Κ18Χ,I11.0
5.0,Κ18Χ,I13
5.0,Κ18Χ,I13.0
5.0,Κ18Χ,I21.9
5.0,Κ18Χ,I23
5.0,Κ18Χ,I24.9
5.0,Κ18Χ,I25
5.0,Κ18Χ,I35.2
5.0,Κ18Χ,I39.1*
5.0,Κ18Χ,I42
5.0,Κ18Χ,I42.0
5.0,Κ18Χ,I42.1
5.0,Κ18Χ,I42.2
5.0,Κ18Χ,I42.3
5.0,Κ18Χ,I42.4
5.0,Κ18Χ,I42.5
5.0,Κ18Χ,I42.6
5.0,Κ18Χ,I42.7
5.0,Κ18Χ,I42.8
5.0,Κ18Χ,I43*
5.0,Κ18Χ,I44
5.0,Κ18Χ,I44.0
5.0,Κ18Χ,I44.1
5.0,Κ18Χ,I44.2
5.0,Κ18Χ,I44.3
5.0,Κ18Χ,I44.4
5.0,Κ18Χ,I44.5
5.0,Κ18Χ,I44.6
5.0,Κ18Χ,I44.7
5.0,Κ18Χ,I45
5.0,Κ18Χ,I45.0
5.0,Κ18Χ,I45.1
5.0,Κ18Χ,I45.2
5.0,Κ18Χ,I45.3
5.0,Κ18Χ,I45.4
5.0,Κ18Χ,I45.5
5.0,Κ18Χ,I45.8
5.0,Κ18Χ,I45.9
5.0,Κ18Χ,I46
5.0,Κ18Χ,I46.0
5.0,Κ18Χ,I46.1
5.0,Κ18Χ,I46.9
5.0,Κ18Χ,I47.1
5.0,Κ18Χ,I47.2
5.0,Κ18Χ,I49.5
5.0,Κ18Χ,I49.8
5.0,Κ18Χ,I49.9
5.0,Κ18Χ,I50
5.0,Κ18Χ,I50.0
5.0,Κ18Χ,I50.1
5.0,Κ18Χ,I50.9
5.0,Κ18Χ,I51.9
5.0,Κ18Χ,I52*
5.0,Κ18Χ,I52.0*
5.0,Κ18Χ,I52.1*
5.0,Κ18Χ,I52.8*
5.0,Κ18Χ,I98.1*
5.0,Κ18Χ,P29.1
5.0,Κ18Χ,Q24.6
5.0,Κ18Χ,J93
5.0,Κ18Χ,J95
5.0,Κ18Χ,T81
5.0,Κ18Χ,T82
5.0,Κ18Χ,W84
5.0,Κ18Χ,Y60
5.0,Κ18Χ,Y61
5.0,Κ18Χ,Y62
5.0,Κ18Χ,Y63
5.0,Κ18Χ,Y64
5.0,Κ18Χ,Y65
5.0,Κ18Χ,Y69
5.0,Κ18Χ,Y84
5.0,Κ18Χ,Y95
5.0,Κ18Χ,I31.2
5.0,Κ18Χ,I31.3
5.0,Κ18Χ,I31.9
5.0,Κ18Χ,I33
5.0,Κ18Χ,I33.0
5.0,Κ18Χ,I38
5.0,Κ18Χ,I39*
5.0,Κ18Χ,I82
5.0,Κ18Χ,I82.2
5.0,Κ18Χ,I82.8
5.0,Κ18Χ,I95
5.0,Κ18Χ,I97
5.0,Κ18Χ,I98.1*
5.0,Κ18Χ,J93
5.0,Κ18Χ,J94.0
5.0,Κ18Χ,J94.2
5.0,Κ18Χ,J94.8
5.0,Κ18Χ,J95
5.0,Κ18Χ,J95.8
5.0,Κ18Χ,J95.9
5.0,Κ18Χ,T80.0
5.0,Κ18Χ,T80.5
5.0,Κ18Χ,T81
5.0,Κ18Χ,T81.0
5.0,Κ18Χ,T81.1
5.0,Κ18Χ,T81.2
5.0,Κ18Χ,T81.3
5.0,Κ18Χ,T81.4
5.0,Κ18Χ,T81.5
5.0,Κ18Χ,T81.6
5.0,Κ18Χ,T81.7
5.0,Κ18Χ,T81.8
5.0,Κ18Χ,T82.1
5.0,Κ18Χ,T82.7
5.0,Κ18Χ,T82.8
5.0,Κ18Χ,T82.9
5.0,Κ18Χ,Y61
5.0,Κ18Χ,Y62
5.0,Κ18Χ,Y62.5
5.0,Κ18Χ,Y62.6
5.0,Κ18Χ,Y62.8
5.0,Κ18Χ,Y62.9
5.0,Κ18Χ,Y63
5.0,Κ18Χ,Y63.0
5.0,Κ18Χ,Y63.1
5.0,Κ18Χ,Y63.2
5.0,Κ18Χ,Y63.3
5.0,Κ18Χ,Y63.6
5.0,Κ18Χ,Y63.8
5.0,Κ18Χ,Y63.9
5.0,Κ18Χ,Y64
5.0,Κ18Χ,Y64.0
5.0,Κ18Χ,Y64.1
5.0,Κ18Χ,Y64.8
5.0,Κ18Χ,Y64.9
5.0,Κ18Χ,Y65
5.0,Κ18Χ,Y65.0
5.0,Κ18Χ,Y65.1
5.0,Κ18Χ,Y66
5.0,Κ18Χ,Y69
5.0,Κ18Χ,Y84
5.0,Κ18Χ,Y88.0
5.0,Κ18Χ,Y88.1
5.0,Κ18Χ,Y88.2
5.0,Κ18Χ,Y88.3
5.0,Κ43Μ,Q20
5.0,Κ43Μ,Q24
5.0,Κ43Μ,R00
5.0,Κ43Μ,R95
5.0,Κ43Μ,R96
5.0,Κ43Μ,R98
5.0,Κ43Μ,T46
5.0,Κ43Μ,T68
5.0,Κ43Μ,T69
5.0,Κ43Μ,T78
5.0,Κ43Μ,T81
5.0,Κ43Μ,T82
5.0,Κ43Μ,W84
5.0,Κ43Μ,W85
5.0,Κ43Μ,W86
5.0,Κ43Μ,W87
5.0,Κ43Μ,Y14
5.0,Κ43Μ,Y19
5.0,Κ43Μ,Y95
5.0,Κ43Μ,E05.9
5.0,Κ43Μ,E87
5.0,Κ43Μ,E87.5
5.0,Κ43Μ,E87.6
5.0,Κ43Μ,G70
5.0,Κ43Μ,G70.0
5.0,Κ43Μ,G70.1
5.0,Κ43Μ,G70.2
5.0,Κ43Μ,G70.8
5.0,Κ43Μ,G70.9
5.0,Κ43Μ,G71
5.0,Κ43Μ,G71.0
5.0,Κ43Μ,G71.1
5.0,Κ43Μ,G71.2
5.0,Κ43Μ,G71.3
5.0,Κ43Μ,G71.8
5.0,Κ43Μ,G71.9
5.0,Κ43Μ,G72
5.0,Κ43Μ,I11
5.0,Κ43Μ,I11.0
5.0,Κ43Μ,I11.9
5.0,Κ43Μ,I13
5.0,Κ43Μ,I13.0
5.0,Κ43Μ,I21
5.0,Κ43Μ,I21.0
5.0,Κ43Μ,I21.1
5.0,Κ43Μ,I21.2
5.0,Κ43Μ,I21.3
5.0,Κ43Μ,I21.4
5.0,Κ43Μ,I21.9
5.0,Κ43Μ,I23
5.0,Κ43Μ,I24
5.0,Κ43Μ,I24.8
5.0,Κ43Μ,I24.9
5.0,Κ43Μ,I25
5.0,Κ43Μ,I25.2
5.0,Κ43Μ,I25.3
5.0,Κ43Μ,I25.5
5.0,Κ43Μ,I25.8
5.0,Κ43Μ,I25.9
5.0,Κ43Μ,I26
5.0,Κ43Μ,I26.0
5.0,Κ43Μ,I26.9
5.0,Κ43Μ,I27
5.0,Κ43Μ,I28.8
5.0,Κ43Μ,I28.9
5.0,Κ43Μ,I30
5.0,Κ43Μ,I30.0
5.0,Κ43Μ,I31
5.0,Κ43Μ,I31.2
5.0,Κ43Μ,I31.3
5.0,Κ43Μ,I31.9
5.0,Κ43Μ,I33
5.0,Κ43Μ,I33.0
5.0,Κ43Μ,I33.9
5.0,Κ43Μ,I34
5.0,Κ43Μ,I35.1
5.0,Κ43Μ,I35.2
5.0,Κ43Μ,I36.1
5.0,Κ43Μ,I38
5.0,Κ43Μ,I39*
5.0,Κ43Μ,I39.0*
5.0,Κ43Μ,I39.1*
5.0,Κ43Μ,I39.2*
5.0,Κ43Μ,I39.3*
5.0,Κ43Μ,I39.4*
5.0,Κ43Μ,I39.8*
5.0,Κ43Μ,I40
5.0,Κ43Μ,I40.0
5.0,Κ43Μ,I40.1
5.0,Κ43Μ,I40.8
5.0,Κ43Μ,I40.9
5.0,Κ43Μ,I40.9
5.0,Κ43Μ,I41*
5.0,Κ43Μ,I41.0*
5.0,Κ43Μ,I41.1*
5.0,Κ43Μ,I41.2*
5.0,Κ43Μ,I41.8*
5.0,Κ43Μ,I42
5.0,Κ43Μ,I42.0
5.0,Κ43Μ,I42.1
5.0,Κ43Μ,I42.2
5.0,Κ43Μ,I42.3
5.0,Κ43Μ,I42.4
5.0,Κ43Μ,I42.5
5.0,Κ43Μ,I42.6
5.0,Κ43Μ,I42.7
5.0,Κ43Μ,I42.8
5.0,Κ43Μ,I42.9
5.0,Κ43Μ,I43*
5.0,Κ43Μ,I43.0*
5.0,Κ43Μ,I43.1*
5.0,Κ43Μ,I43.2*
5.0,Κ43Μ,I43.8*
5.0,Κ43Μ,I44
5.0,Κ43Μ,I44.0
5.0,Κ43Μ,I44.1
5.0,Κ43Μ,I44.2
5.0,Κ43Μ,I44.3
5.0,Κ43Μ,I44.4
5.0,Κ43Μ,I44.5
5.0,Κ43Μ,I44.6
5.0,Κ43Μ,I44.7
5.0,Κ43Μ,I45
5.0,Κ43Μ,I45.0
5.0,Κ43Μ,I45.1
5.0,Κ43Μ,I45.2
5.0,Κ43Μ,I45.3
5.0,Κ43Μ,I45.4
5.0,Κ43Μ,I45.5
5.0,Κ43Μ,I45.6
5.0,Κ43Μ,I45.8
5.0,Κ43Μ,I45.9
5.0,Κ43Μ,I46
5.0,Κ43Μ,I46.0
5.0,Κ43Μ,I46.1
5.0,Κ43Μ,I46.9
5.0,Κ43Μ,I47
5.0,Κ43Μ,I47.0
5.0,Κ43Μ,I47.1
5.0,Κ43Μ,I47.2
5.0,Κ43Μ,I47.9
5.0,Κ43Μ,I48
5.0,Κ43Μ,I49
5.0,Κ43Μ,I49.0
5.0,Κ43Μ,I49.1
5.0,Κ43Μ,I49.2
5.0,Κ43Μ,I49.3
5.0,Κ43Μ,I49.4
5.0,Κ43Μ,I49.5
5.0,Κ43Μ,I49.8
5.0,Κ43Μ,I49.9
5.0,Κ43Μ,I50
5.0,Κ43Μ,I50.0
5.0,Κ43Μ,I50.1
5.0,Κ43Μ,I50.9
5.0,Κ43Μ,I51.8
5.0,Κ43Μ,I51.9
5.0,Κ43Μ,I52*
5.0,Κ43Μ,I52.0*
5.0,Κ43Μ,I52.1*
5.0,Κ43Μ,I52.8*
5.0,Κ43Μ,I98.1*
5.0,Κ43Μ,P29.1
5.0,Κ43Μ,Q24.6
5.0,Κ43Μ,R09.2
5.0,Κ43Μ,R57.0
5.0,Κ43Μ,T40
5.0,Κ43Μ,T44.1
5.0,Κ43Μ,T44.2
5.0,Κ43Μ,T46.0
5.0,Κ43Μ,T46.1
5.0,Κ43Μ,T46.2
5.0,Κ43Μ,J93
5.0,Κ43Μ,J95
5.0,Κ43Μ,T81
5.0,Κ43Μ,T82
5.0,Κ43Μ,W84
5.0,Κ43Μ,Y60
5.0,Κ43Μ,Y61
5.0,Κ43Μ,Y62
5.0,Κ43Μ,Y63
5.0,Κ43Μ,Y64
5.0,Κ43Μ,Y65
5.0,Κ43Μ,Y69
5.0,Κ43Μ,Y84
5.0,Κ43Μ,Y95
5.0,Κ43Μ,I31.2
5.0,Κ43Μ,I31.3
5.0,Κ43Μ,I31.9
5.0,Κ43Μ,I33
5.0,Κ43Μ,I33.0
5.0,Κ43Μ,I38
5.0,Κ43Μ,I39*
5.0,Κ43Μ,I82
5.0,Κ43Μ,I82.2
5.0,Κ43Μ,I82.8
5.0,Κ43Μ,I95
5.0,Κ43Μ,I97
5.0,Κ43Μ,I98.1*
5.0,Κ43Μ,J93
5.0,Κ43Μ,J94.0
5.0,Κ43Μ,J94.2
5.0,Κ43Μ,J94.8
5.0,Κ43Μ,J95
5.0,Κ43Μ,J95.8
5.0,Κ43Μ,J95.9
5.0,Κ43Μ,T80.0
5.0,Κ43Μ,T80.5
5.0,Κ43Μ,T81
5.0,Κ43Μ,T81.0
5.0,Κ43Μ,T81.1
5.0,Κ43Μ,T81.2
5.0,Κ43Μ,T81.3
5.0,Κ43Μ,T81.4
5.0,Κ43Μ,T81.5
5.0,Κ43Μ,T81.6
5.0,Κ43Μ,T81.7
5.0,Κ43Μ,T81.8
5.0,Κ43Μ,T82.1
5.0,Κ43Μ,T82.7
5.0,Κ43Μ,T82.8
5.0,Κ43Μ,T82.9
5.0,Κ43Μ,Y61
5.0,Κ43Μ,Y62
5.0,Κ43Μ,Y62.5
5.0,Κ43Μ,Y62.6
5.0,Κ43Μ,Y62.8
5.0,Κ43Μ,Y62.9
5.0,Κ43Μ,Y63
5.0,Κ43Μ,Y63.0
5.0,Κ43Μ,Y63.1
5.0,Κ43Μ,Y63.2
5.0,Κ43Μ,Y63.3
5.0,Κ43Μ,Y63.6
5.0,Κ43Μ,Y63.8
5.0,Κ43Μ,Y63.9
5.0,Κ43Μ,Y64
5.0,Κ43Μ,Y64.0
5.0,Κ43Μ,Y64.1
5.0,Κ43Μ,Y64.8
5.0,Κ43Μ,Y64.9
5.0,Κ43Μ,Y65
5.0,Κ43Μ,Y65.0
5.0,Κ43Μ,Y65.1
5.0,Κ43Μ,Y66
5.0,Κ43Μ,Y69
5.0,Κ43Μ,Y84
5.0,Κ43Μ,Y88.0
5.0,Κ43Μ,Y88.1
5.0,Κ43Μ,Y88.2
5.0,Κ43Μ,Y88.3
5.0,Κ43Χ,Q20
5.0,Κ43Χ,Q24
5.0,Κ43Χ,R00
5.0,Κ43Χ,R95
5.0,Κ43Χ,R96
5.0,Κ43Χ,R98
5.0,Κ43Χ,T46
5.0,Κ43Χ,T68
5.0,Κ43Χ,T69
5.0,Κ43Χ,T78
5.0,Κ43Χ,T81
5.0,Κ43Χ,T82
5.0,Κ43Χ,W84
5.0,Κ43Χ,W85
5.0,Κ43Χ,W86
5.0,Κ43Χ,W87
5.0,Κ43Χ,Y14
5.0,Κ43Χ,Y19
5.0,Κ43Χ,Y95
5.0,Κ43Χ,E05.9
5.0,Κ43Χ,E87
5.0,Κ43Χ,E87.5
5.0,Κ43Χ,E87.6
5.0,Κ43Χ,G70
5.0,Κ43Χ,G70.0
5.0,Κ43Χ,G70.1
5.0,Κ43Χ,G70.2
5.0,Κ43Χ,G70.8
5.0,Κ43Χ,G70.9
5.0,Κ43Χ,G71
5.0,Κ43Χ,G71.0
5.0,Κ43Χ,G71.1
5.0,Κ43Χ,G71.2
5.0,Κ43Χ,G71.3
5.0,Κ43Χ,G71.8
5.0,Κ43Χ,G71.9
5.0,Κ43Χ,G72
5.0,Κ43Χ,I11
5.0,Κ43Χ,I11.0
5.0,Κ43Χ,I11.9
5.0,Κ43Χ,I13
5.0,Κ43Χ,I13.0
5.0,Κ43Χ,I21
5.0,Κ43Χ,I21.0
5.0,Κ43Χ,I21.1
5.0,Κ43Χ,I21.2
5.0,Κ43Χ,I21.3
5.0,Κ43Χ,I21.4
5.0,Κ43Χ,I21.9
5.0,Κ43Χ,I23
5.0,Κ43Χ,I24
5.0,Κ43Χ,I24.8
5.0,Κ43Χ,I24.9
5.0,Κ43Χ,I25
5.0,Κ43Χ,I25.2
5.0,Κ43Χ,I25.3
5.0,Κ43Χ,I25.5
5.0,Κ43Χ,I25.8
5.0,Κ43Χ,I25.9
5.0,Κ43Χ,I26
5.0,Κ43Χ,I26.0
5.0,Κ43Χ,I26.9
5.0,Κ43Χ,I27
5.0,Κ43Χ,I28.8
5.0,Κ43Χ,I28.9
5.0,Κ43Χ,I30
5.0,Κ43Χ,I30.0
5.0,Κ43Χ,I31
5.0,Κ43Χ,I31.2
5.0,Κ43Χ,I31.3
5.0,Κ43Χ,I31.9
5.0,Κ43Χ,I33
5.0,Κ43Χ,I33.0
5.0,Κ43Χ,I33.9
5.0,Κ43Χ,I34
5.0,Κ43Χ,I35.1
5.0,Κ43Χ,I35.2
5.0,Κ43Χ,I36.1
5.0,Κ43Χ,I38
5.0,Κ43Χ,I39*
5.0,Κ43Χ,I39.0*
5.0,Κ43Χ,I39.1*
5.0,Κ43Χ,I39.2*
5.0,Κ43Χ,I39.3*
5.0,Κ43Χ,I39.4*
5.0,Κ43Χ,I39.8*
5.0,Κ43Χ,I40
5.0,Κ43Χ,I40.0
5.0,Κ43Χ,I40.1
5.0,Κ43Χ,I40.8
5.0,Κ43Χ,I40.9
5.0,Κ43Χ,I40.9
5.0,Κ43Χ,I41*
5.0,Κ43Χ,I41.0*
5.0,Κ43Χ,I41.1*
5.0,Κ43Χ,I41.2*
5.0,Κ43Χ,I41.8*
5.0,Κ43Χ,I42
5.0,Κ43Χ,I42.0
5.0,Κ43Χ,I42.1
5.0,Κ43Χ,I42.2
5.0,Κ43Χ,I42.3
5.0,Κ43Χ,I42.4
5.0,Κ43Χ,I42.5
5.0,Κ43Χ,I42.6
5.0,Κ43Χ,I42.7
5.0,Κ43Χ,I42.8
5.0,Κ43Χ,I42.9
5.0,Κ43Χ,I43*
5.0,Κ43Χ,I43.0*
5.0,Κ43Χ,I43.1*
5.0,Κ43Χ,I43.2*
5.0,Κ43Χ,I43.8*
5.0,Κ43Χ,I44
5.0,Κ43Χ,I44.0
5.0,Κ43Χ,I44.1
5.0,Κ43Χ,I44.2
5.0,Κ43Χ,I44.3
5.0,Κ43Χ,I44.4
5.0,Κ43Χ,I44.5
5.0,Κ43Χ,I44.6
5.0,Κ43Χ,I44.7
5.0,Κ43Χ,I45
5.0,Κ43Χ,I45.0
5.0,Κ43Χ,I45.1
5.0,Κ43Χ,I45.2
5.0,Κ43Χ,I45.3
5.0,Κ43Χ,I45.4
5.0,Κ43Χ,I45.5
5.0,Κ43Χ,I45.6
5.0,Κ43Χ,I45.8
5.0,Κ43Χ,I45.9
5.0,Κ43Χ,I46
5.0,Κ43Χ,I46.0
5.0,Κ43Χ,I46.1
5.0,Κ43Χ,I46.9
5.0,Κ43Χ,I47
5.0,Κ43Χ,I47.0
5.0,Κ43Χ,I47.1
5.0,Κ43Χ,I47.2
5.0,Κ43Χ,I47.9
5.0,Κ43Χ,I48
5.0,Κ43Χ,I49
5.0,Κ43Χ,I49.0
5.0,Κ43Χ,I49.1
5.0,Κ43Χ,I49.2
5.0,Κ43Χ,I49.3
5.0,Κ43Χ,I49.4
5.0,Κ43Χ,I49.5
5.0,Κ43Χ,I49.8
5.0,Κ43Χ,I49.9
5.0,Κ43Χ,I50
5.0,Κ43Χ,I50.0
5.0,Κ43Χ,I50.1
5.0,Κ43Χ,I50.9
5.0,Κ43Χ,I51.8
5.0,Κ43Χ,I51.9
5.0,Κ43Χ,I52*
5.0,Κ43Χ,I52.0*
5.0,Κ43Χ,I52.1*
5.0,Κ43Χ,I52.8*
5.0,Κ43Χ,I98.1*
5.0,Κ43Χ,P29.1
5.0,Κ43Χ,Q24.6
5.0,Κ43Χ,R09.2
5.0,Κ43Χ,R57.0
5.0,Κ43Χ,T40
5.0,Κ43Χ,T44.1
5.0,Κ43Χ,T44.2
5.0,Κ43Χ,T46.0
5.0,Κ43Χ,T46.1
5.0,Κ43Χ,T46.2
5.0,Κ43Χ,J93
5.0,Κ43Χ,J95
5.0,Κ43Χ,T81
5.0,Κ43Χ,T82
5.0,Κ43Χ,W84
5.0,Κ43Χ,Y60
5.0,Κ43Χ,Y61
5.0,Κ43Χ,Y62
5.0,Κ43Χ,Y63
5.0,Κ43Χ,Y64
5.0,Κ43Χ,Y65
5.0,Κ43Χ,Y69
5.0,Κ43Χ,Y84
5.0,Κ43Χ,Y95
5.0,Κ43Χ,I31.2
5.0,Κ43Χ,I31.3
5.0,Κ43Χ,I31.9
5.0,Κ43Χ,I33
5.0,Κ43Χ,I33.0
5.0,Κ43Χ,I38
5.0,Κ43Χ,I39*
5.0,Κ43Χ,I82
5.0,Κ43Χ,I82.2
5.0,Κ43Χ,I82.8
5.0,Κ43Χ,I95
5.0,Κ43Χ,I97
5.0,Κ43Χ,I98.1*
5.0,Κ43Χ,J93
5.0,Κ43Χ,J94.0
5.0,Κ43Χ,J94.2
5.0,Κ43Χ,J94.8
5.0,Κ43Χ,J95
5.0,Κ43Χ,J95.8
5.0,Κ43Χ,J95.9
5.0,Κ43Χ,T80.0
5.0,Κ43Χ,T80.5
5.0,Κ43Χ,T81
5.0,Κ43Χ,T81.0
5.0,Κ43Χ,T81.1
5.0,Κ43Χ,T81.2
5.0,Κ43Χ,T81.3
5.0,Κ43Χ,T81.4
5.0,Κ43Χ,T81.5
5.0,Κ43Χ,T81.6
5.0,Κ43Χ,T81.7
5.0,Κ43Χ,T81.8
5.0,Κ43Χ,T82.1
5.0,Κ43Χ,T82.7
5.0,Κ43Χ,T82.8
5.0,Κ43Χ,T82.9
5.0,Κ43Χ,Y61
5.0,Κ43Χ,Y62
5.0,Κ43Χ,Y62.5
5.0,Κ43Χ,Y62.6
5.0,Κ43Χ,Y62.8
5.0,Κ43Χ,Y62.9
5.0,Κ43Χ,Y63
5.0,Κ43Χ,Y63.0
5.0,Κ43Χ,Y63.1
5.0,Κ43Χ,Y63.2
5.0,Κ43Χ,Y63.3
5.0,Κ43Χ,Y63.6
5.0,Κ43Χ,Y63.8
5.0,Κ43Χ,Y63.9
5.0,Κ43Χ,Y64
5.0,Κ43Χ,Y64.0
5.0,Κ43Χ,Y64.1
5.0,Κ43Χ,Y64.8
5.0,Κ43Χ,Y64.9
5.0,Κ43Χ,Y65
5.0,Κ43Χ,Y65.0
5.0,Κ43Χ,Y65.1
5.0,Κ43Χ,Y66
5.0,Κ43Χ,Y69
5.0,Κ43Χ,Y84
5.0,Κ43Χ,Y88.0
5.0,Κ43Χ,Y88.1
5.0,Κ43Χ,Y88.2
5.0,Κ43Χ,Y88.3
5.0,Κ46Μ,Q20
5.0,Κ46Μ,Q24
5.0,Κ46Μ,R00
5.0,Κ46Μ,R95
5.0,Κ46Μ,R96
5.0,Κ46Μ,R98
5.0,Κ46Μ,T46
5.0,Κ46Μ,T68
5.0,Κ46Μ,T69
5.0,Κ46Μ,T78
5.0,Κ46Μ,T81
5.0,Κ46Μ,T82
5.0,Κ46Μ,W84
5.0,Κ46Μ,W85
5.0,Κ46Μ,W86
5.0,Κ46Μ,W87
5.0,Κ46Μ,Y14
5.0,Κ46Μ,Y19
5.0,Κ46Μ,Y95
5.0,Κ46Μ,E05.9
5.0,Κ46Μ,E87
5.0,Κ46Μ,E87.5
5.0,Κ46Μ,E87.6
5.0,Κ46Μ,G70
5.0,Κ46Μ,G70.0
5.0,Κ46Μ,G70.1
5.0,Κ46Μ,G70.2
5.0,Κ46Μ,G70.8
5.0,Κ46Μ,G70.9
5.0,Κ46Μ,G71
5.0,Κ46Μ,G71.0
5.0,Κ46Μ,G71.1
5.0,Κ46Μ,G71.2
5.0,Κ46Μ,G71.3
5.0,Κ46Μ,G71.8
5.0,Κ46Μ,G71.9
5.0,Κ46Μ,G72
5.0,Κ46Μ,I11
5.0,Κ46Μ,I11.0
5.0,Κ46Μ,I11.9
5.0,Κ46Μ,I13
5.0,Κ46Μ,I13.0
5.0,Κ46Μ,I21
5.0,Κ46Μ,I21.0
5.0,Κ46Μ,I21.1
5.0,Κ46Μ,I21.2
5.0,Κ46Μ,I21.3
5.0,Κ46Μ,I21.4
5.0,Κ46Μ,I21.9
5.0,Κ46Μ,I23
5.0,Κ46Μ,I24
5.0,Κ46Μ,I24.8
5.0,Κ46Μ,I24.9
5.0,Κ46Μ,I25
5.0,Κ46Μ,I25.2
5.0,Κ46Μ,I25.3
5.0,Κ46Μ,I25.5
5.0,Κ46Μ,I25.8
5.0,Κ46Μ,I25.9
5.0,Κ46Μ,I26
5.0,Κ46Μ,I26.0
5.0,Κ46Μ,I26.9
5.0,Κ46Μ,I27
5.0,Κ46Μ,I28.8
5.0,Κ46Μ,I28.9
5.0,Κ46Μ,I30
5.0,Κ46Μ,I30.0
5.0,Κ46Μ,I31
5.0,Κ46Μ,I31.2
5.0,Κ46Μ,I31.3
5.0,Κ46Μ,I31.9
5.0,Κ46Μ,I33
5.0,Κ46Μ,I33.0
5.0,Κ46Μ,I33.9
5.0,Κ46Μ,I34
5.0,Κ46Μ,I35.1
5.0,Κ46Μ,I35.2
5.0,Κ46Μ,I36.1
5.0,Κ46Μ,I38
5.0,Κ46Μ,I39*
5.0,Κ46Μ,I39.0*
5.0,Κ46Μ,I39.1*
5.0,Κ46Μ,I39.2*
5.0,Κ46Μ,I39.3*
5.0,Κ46Μ,I39.4*
5.0,Κ46Μ,I39.8*
5.0,Κ46Μ,I40
5.0,Κ46Μ,I40.0
5.0,Κ46Μ,I40.1
5.0,Κ46Μ,I40.8
5.0,Κ46Μ,I40.9
5.0,Κ46Μ,I40.9
5.0,Κ46Μ,I41*
5.0,Κ46Μ,I41.0*
5.0,Κ46Μ,I41.1*
5.0,Κ46Μ,I41.2*
5.0,Κ46Μ,I41.8*
5.0,Κ46Μ,I42
5.0,Κ46Μ,I42.0
5.0,Κ46Μ,I42.1
5.0,Κ46Μ,I42.2
5.0,Κ46Μ,I42.3
5.0,Κ46Μ,I42.4
5.0,Κ46Μ,I42.5
5.0,Κ46Μ,I42.6
5.0,Κ46Μ,I42.7
5.0,Κ46Μ,I42.8
5.0,Κ46Μ,I42.9
5.0,Κ46Μ,I43*
5.0,Κ46Μ,I43.0*
5.0,Κ46Μ,I43.1*
5.0,Κ46Μ,I43.2*
5.0,Κ46Μ,I43.8*
5.0,Κ46Μ,I44
5.0,Κ46Μ,I44.0
5.0,Κ46Μ,I44.1
5.0,Κ46Μ,I44.2
5.0,Κ46Μ,I44.3
5.0,Κ46Μ,I44.4
5.0,Κ46Μ,I44.5
5.0,Κ46Μ,I44.6
5.0,Κ46Μ,I44.7
5.0,Κ46Μ,I45
5.0,Κ46Μ,I45.0
5.0,Κ46Μ,I45.1
5.0,Κ46Μ,I45.2
5.0,Κ46Μ,I45.3
5.0,Κ46Μ,I45.4
5.0,Κ46Μ,I45.5
5.0,Κ46Μ,I45.6
5.0,Κ46Μ,I45.8
5.0,Κ46Μ,I45.9
5.0,Κ46Μ,I46
5.0,Κ46Μ,I46.0
5.0,Κ46Μ,I46.1
5.0,Κ46Μ,I46.9
5.0,Κ46Μ,I47
5.0,Κ46Μ,I47.0
5.0,Κ46Μ,I47.1
5.0,Κ46Μ,I47.2
5.0,Κ46Μ,I47.9
5.0,Κ46Μ,I48
5.0,Κ46Μ,I49
5.0,Κ46Μ,I49.0
5.0,Κ46Μ,I49.1
5.0,Κ46Μ,I49.2
5.0,Κ46Μ,I49.3
5.0,Κ46Μ,I49.4
5.0,Κ46Μ,I49.5
5.0,Κ46Μ,I49.8
5.0,Κ46Μ,I49.9
5.0,Κ46Μ,I50
5.0,Κ46Μ,I50.0
5.0,Κ46Μ,I50.1
5.0,Κ46Μ,I50.9
5.0,Κ46Μ,I51.8
5.0,Κ46Μ,I51.9
5.0,Κ46Μ,I52*
5.0,Κ46Μ,I52.0*
5.0,Κ46Μ,I52.1*
5.0,Κ46Μ,I52.8*
5.0,Κ46Μ,I98.1*
5.0,Κ46Μ,P29.1
5.0,Κ46Μ,Q24.6
5.0,Κ46Μ,R09.2
5.0,Κ46Μ,R57.0
5.0,Κ46Μ,T40
5.0,Κ46Μ,T44.1
5.0,Κ46Μ,T44.2
5.0,Κ46Μ,T46.0
5.0,Κ46Μ,T46.1
5.0,Κ46Μ,T46.2
5.0,Κ46Μ,J93
5.0,Κ46Μ,J95
5.0,Κ46Μ,T81
5.0,Κ46Μ,T82
5.0,Κ46Μ,W84
5.0,Κ46Μ,Y60
5.0,Κ46Μ,Y61
5.0,Κ46Μ,Y62
5.0,Κ46Μ,Y63
5.0,Κ46Μ,Y64
5.0,Κ46Μ,Y65
5.0,Κ46Μ,Y69
5.0,Κ46Μ,Y84
5.0,Κ46Μ,Y95
5.0,Κ46Μ,I31.2
5.0,Κ46Μ,I31.3
5.0,Κ46Μ,I31.9
5.0,Κ46Μ,I33
5.0,Κ46Μ,I33.0
5.0,Κ46Μ,I38
5.0,Κ46Μ,I39*
5.0,Κ46Μ,I82
5.0,Κ46Μ,I82.2
5.0,Κ46Μ,I82.8
5.0,Κ46Μ,I95
5.0,Κ46Μ,I97
5.0,Κ46Μ,I98.1*
5.0,Κ46Μ,J93
5.0,Κ46Μ,J94.0
5.0,Κ46Μ,J94.2
5.0,Κ46Μ,J94.8
5.0,Κ46Μ,J95
5.0,Κ46Μ,J95.8
5.0,Κ46Μ,J95.9
5.0,Κ46Μ,T80.0
5.0,Κ46Μ,T80.5
5.0,Κ46Μ,T81
5.0,Κ46Μ,T81.0
5.0,Κ46Μ,T81.1
5.0,Κ46Μ,T81.2
5.0,Κ46Μ,T81.3
5.0,Κ46Μ,T81.4
5.0,Κ46Μ,T81.5
5.0,Κ46Μ,T81.6
5.0,Κ46Μ,T81.7
5.0,Κ46Μ,T81.8
5.0,Κ46Μ,T82.1
5.0,Κ46Μ,T82.7
5.0,Κ46Μ,T82.8
5.0,Κ46Μ,T82.9
5.0,Κ46Μ,Y61
5.0,Κ46Μ,Y62
5.0,Κ46Μ,Y62.5
5.0,Κ46Μ,Y62.6
5.0,Κ46Μ,Y62.8
5.0,Κ46Μ,Y62.9
5.0,Κ46Μ,Y63
5.0,Κ46Μ,Y63.0
5.0,Κ46Μ,Y63.1
5.0,Κ46Μ,Y63.2
5.0,Κ46Μ,Y63.3
5.0,Κ46Μ,Y63.6
5.0,Κ46Μ,Y63.8
5.0,Κ46Μ,Y63.9
5.0,Κ46Μ,Y64
5.0,Κ46Μ,Y64.0
5.0,Κ46Μ,Y64.1
5.0,Κ46Μ,Y64.8
5.0,Κ46Μ,Y64.9
5.0,Κ46Μ,Y65
5.0,Κ46Μ,Y65.0
5.0,Κ46Μ,Y65.1
5.0,Κ46Μ,Y66
5.0,Κ46Μ,Y69
5.0,Κ46Μ,Y84
5.0,Κ46Μ,Y88.0
5.0,Κ46Μ,Y88.1
5.0,Κ46Μ,Y88.2
5.0,Κ46Μ,Y88.3
5.0,Κ46Χ,Q20
5.0,Κ46Χ,Q24
5.0,Κ46Χ,R00
5.0,Κ46Χ,R95
5.0,Κ46Χ,R96
5.0,Κ46Χ,R98
5.0,Κ46Χ,T46
5.0,Κ46Χ,T68
5.0,Κ46Χ,T69
5.0,Κ46Χ,T78
5.0,Κ46Χ,T81
5.0,Κ46Χ,T82
5.0,Κ46Χ,W84
5.0,Κ46Χ,W85
5.0,Κ46Χ,W86
5.0,Κ46Χ,W87
5.0,Κ46Χ,Y14
5.0,Κ46Χ,Y19
5.0,Κ46Χ,Y95
5.0,Κ46Χ,E05.9
5.0,Κ46Χ,E87
5.0,Κ46Χ,E87.5
5.0,Κ46Χ,E87.6
5.0,Κ46Χ,G70
5.0,Κ46Χ,G70.0
5.0,Κ46Χ,G70.1
5.0,Κ46Χ,G70.2
5.0,Κ46Χ,G70.8
5.0,Κ46Χ,G70.9
5.0,Κ46Χ,G71
5.0,Κ46Χ,G71.0
5.0,Κ46Χ,G71.1
5.0,Κ46Χ,G71.2
5.0,Κ46Χ,G71.3
5.0,Κ46Χ,G71.8
5.0,Κ46Χ,G71.9
5.0,Κ46Χ,G72
5.0,Κ46Χ,I11
5.0,Κ46Χ,I11.0
5.0,Κ46Χ,I11.9
5.0,Κ46Χ,I13
5.0,Κ46Χ,I13.0
5.0,Κ46Χ,I21
5.0,Κ46Χ,I21.0
5.0,Κ46Χ,I21.1
5.0,Κ46Χ,I21.2
5.0,Κ46Χ,I21.3
5.0,Κ46Χ,I21.4
5.0,Κ46Χ,I21.9
5.0,Κ46Χ,I23
5.0,Κ46Χ,I24
5.0,Κ46Χ,I24.8
5.0,Κ46Χ,I24.9
5.0,Κ46Χ,I25
5.0,Κ46Χ,I25.2
5.0,Κ46Χ,I25.3
5.0,Κ46Χ,I25.5
5.0,Κ46Χ,I25.8
5.0,Κ46Χ,I25.9
5.0,Κ46Χ,I26
5.0,Κ46Χ,I26.0
5.0,Κ46Χ,I26.9
5.0,Κ46Χ,I27
5.0,Κ46Χ,I28.8
5.0,Κ46Χ,I28.9
5.0,Κ46Χ,I30
5.0,Κ46Χ,I30.0
5.0,Κ46Χ,I31
5.0,Κ46Χ,I31.2
5.0,Κ46Χ,I31.3
5.0,Κ46Χ,I31.9
5.0,Κ46Χ,I33
5.0,Κ46Χ,I33.0
5.0,Κ46Χ,I33.9
5.0,Κ46Χ,I34
5.0,Κ46Χ,I35.1
5.0,Κ46Χ,I35.2
5.0,Κ46Χ,I36.1
5.0,Κ46Χ,I38
5.0,Κ46Χ,I39*
5.0,Κ46Χ,I39.0*
5.0,Κ46Χ,I39.1*
5.0,Κ46Χ,I39.2*
5.0,Κ46Χ,I39.3*
5.0,Κ46Χ,I39.4*
5.0,Κ46Χ,I39.8*
5.0,Κ46Χ,I40
5.0,Κ46Χ,I40.0
5.0,Κ46Χ,I40.1
5.0,Κ46Χ,I40.8
5.0,Κ46Χ,I40.9
5.0,Κ46Χ,I40.9
5.0,Κ46Χ,I41*
5.0,Κ46Χ,I41.0*
5.0,Κ46Χ,I41.1*
5.0,Κ46Χ,I41.2*
5.0,Κ46Χ,I41.8*
5.0,Κ46Χ,I42
5.0,Κ46Χ,I42.0
5.0,Κ46Χ,I42.1
5.0,Κ46Χ,I42.2
5.0,Κ46Χ,I42.3
5.0,Κ46Χ,I42.4
5.0,Κ46Χ,I42.5
5.0,Κ46Χ,I42.6
5.0,Κ46Χ,I42.7
5.0,Κ46Χ,I42.8
5.0,Κ46Χ,I42.9
5.0,Κ46Χ,I43*
5.0,Κ46Χ,I43.0*
5.0,Κ46Χ,I43.1*
5.0,Κ46Χ,I43.2*
5.0,Κ46Χ,I43.8*
5.0,Κ46Χ,I44
5.0,Κ46Χ,I44.0
5.0,Κ46Χ,I44.1
5.0,Κ46Χ,I44.2
5.0,Κ46Χ,I44.3
5.0,Κ46Χ,I44.4
5.0,Κ46Χ,I44.5
5.0,Κ46Χ,I44.6
5.0,Κ46Χ,I44.7
5.0,Κ46Χ,I45
5.0,Κ46Χ,I45.0
5.0,Κ46Χ,I45.1
5.0,Κ46Χ,I45.2
5.0,Κ46Χ,I45.3
5.0,Κ46Χ,I45.4
5.0,Κ46Χ,I45.5
5.0,Κ46Χ,I45.6
5.0,Κ46Χ,I45.8
5.0,Κ46Χ,I45.9
5.0,Κ46Χ,I46
5.0,Κ46Χ,I46.0
5.0,Κ46Χ,I46.1
5.0,Κ46Χ,I46.9
5.0,Κ46Χ,I47
5.0,Κ46Χ,I47.0
5.0,Κ46Χ,I47.1
5.0,Κ46Χ,I47.2
5.0,Κ46Χ,I47.9
5.0,Κ46Χ,I48
5.0,Κ46Χ,I49
5.0,Κ46Χ,I49.0
5.0,Κ46Χ,I49.1
5.0,Κ46Χ,I49.2
5.0,Κ46Χ,I49.3
5.0,Κ46Χ,I49.4
5.0,Κ46Χ,I49.5
5.0,Κ46Χ,I49.8
5.0,Κ46Χ,I49.9
5.0,Κ46Χ,I50
5.0,Κ46Χ,I50.0
5.0,Κ46Χ,I50.1
5.0,Κ46Χ,I50.9
5.0,Κ46Χ,I51.8
5.0,Κ46Χ,I51.9
5.0,Κ46Χ,I52*
5.0,Κ46Χ,I52.0*
5.0,Κ46Χ,I52.1*
5.0,Κ46Χ,I52.8*
5.0,Κ46Χ,I98.1*
5.0,Κ46Χ,P29.1
5.0,Κ46Χ,Q24.6
5.0,Κ46Χ,R09.2
5.0,Κ46Χ,R57.0
5.0,Κ46Χ,T40
5.0,Κ46Χ,T44.1
5.0,Κ46Χ,T44.2
5.0,Κ46Χ,T46.0
5.0,Κ46Χ,T46.1
5.0,Κ46Χ,T46.2
5.0,Κ46Χ,J93
5.0,Κ46Χ,J95
5.0,Κ46Χ,T81
5.0,Κ46Χ,T82
5.0,Κ46Χ,W84
5.0,Κ46Χ,Y60
5.0,Κ46Χ,Y61
5.0,Κ46Χ,Y62
5.0,Κ46Χ,Y63
5.0,Κ46Χ,Y64
5.0,Κ46Χ,Y65
5.0,Κ46Χ,Y69
5.0,Κ46Χ,Y84
5.0,Κ46Χ,Y95
5.0,Κ46Χ,I31.2
5.0,Κ46Χ,I31.3
5.0,Κ46Χ,I31.9
5.0,Κ46Χ,I33
5.0,Κ46Χ,I33.0
5.0,Κ46Χ,I38
5.0,Κ46Χ,I39*
5.0,Κ46Χ,I82
5.0,Κ46Χ,I82.2
5.0,Κ46Χ,I82.8
5.0,Κ46Χ,I95
5.0,Κ46Χ,I97
5.0,Κ46Χ,I98.1*
5.0,Κ46Χ,J93
5.0,Κ46Χ,J94.0
5.0,Κ46Χ,J94.2
5.0,Κ46Χ,J94.8
5.0,Κ46Χ,J95
5.0,Κ46Χ,J95.8
5.0,Κ46Χ,J95.9
5.0,Κ46Χ,T80.0
5.0,Κ46Χ,T80.5
5.0,Κ46Χ,T81
5.0,Κ46Χ,T81.0
5.0,Κ46Χ,T81.1
5.0,Κ46Χ,T81.2
5.0,Κ46Χ,T81.3
5.0,Κ46Χ,T81.4
5.0,Κ46Χ,T81.5
5.0,Κ46Χ,T81.6
5.0,Κ46Χ,T81.7
5.0,Κ46Χ,T81.8
5.0,Κ46Χ,T82.1
5.0,Κ46Χ,T82.7
5.0,Κ46Χ,T82.8
5.0,Κ46Χ,T82.9
5.0,Κ46Χ,Y61
5.0,Κ46Χ,Y62
5.0,Κ46Χ,Y62.5
5.0,Κ46Χ,Y62.6
5.0,Κ46Χ,Y62.8
5.0,Κ46Χ,Y62.9
5.0,Κ46Χ,Y63
5.0,Κ46Χ,Y63.0
5.0,Κ46Χ,Y63.1
5.0,Κ46Χ,Y63.2
5.0,Κ46Χ,Y63.3
5.0,Κ46Χ,Y63.6
5.0,Κ46Χ,Y63.8
5.0,Κ46Χ,Y63.9
5.0,Κ46Χ,Y64
5.0,Κ46Χ,Y64.0
5.0,Κ46Χ,Y64.1
5.0,Κ46Χ,Y64.8
5.0,Κ46Χ,Y64.9
5.0,Κ46Χ,Y65
5.0,Κ46Χ,Y65.0
5.0,Κ46Χ,Y65.1
5.0,Κ46Χ,Y66
5.0,Κ46Χ,Y69
5.0,Κ46Χ,Y84
5.0,Κ46Χ,Y88.0
5.0,Κ46Χ,Y88.1
5.0,Κ46Χ,Y88.2
5.0,Κ46Χ,Y88.3
5.0,Κ08Μ,I65
5.0,Κ08Μ,I67
5.0,Κ08Μ,I70
5.0,Κ08Μ,I71
5.0,Κ08Μ,I72
5.0,Κ08Μ,I73
5.0,Κ08Μ,I74
5.0,Κ08Μ,I77
5.0,Κ08Μ,I79
5.0,Κ08Μ,I87
5.0,Κ08Χ,I65
5.0,Κ08Χ,I67
5.0,Κ08Χ,I70
5.0,Κ08Χ,I71
5.0,Κ08Χ,I72
5.0,Κ08Χ,I73
5.0,Κ08Χ,I74
5.0,Κ08Χ,I77
5.0,Κ08Χ,I79
5.0,Κ08Χ,I87
5.0,Κ11Μ,I70
5.0,Κ11Μ,I72
5.0,Κ11Μ,I73
5.0,Κ11Μ,I74
5.0,Κ11Μ,I79
5.0,Κ11Χ,I70
5.0,Κ11Χ,I72
5.0,Κ11Χ,I73
5.0,Κ11Χ,I74
5.0,Κ11Χ,I79
5.0,Κ13Μ,I70
5.0,Κ13Μ,I72
5.0,Κ13Μ,I73
5.0,Κ13Μ,I74
5.0,Κ13Μ,I79
5.0,Κ13Χ,I70
5.0,Κ13Χ,I72
5.0,Κ13Χ,I73
5.0,Κ13Χ,I74
5.0,Κ13Χ,I79
5.0,Κ14Μα,I70
5.0,Κ14Μα,I73
5.0,Κ14Μα,I74
5.0,Κ14Μα,I79
5.0,Κ14Μα,I83
5.0,Κ14Μα,I86
5.0,Κ14Μβ,I70
5.0,Κ14Μβ,I73
5.0,Κ14Μβ,I74
5.0,Κ14Μβ,I79
5.0,Κ14Μβ,I83
5.0,Κ14Μβ,I86
5.0,Κ14Χ,I70
5.0,Κ14Χ,I73
5.0,Κ14Χ,I74
5.0,Κ14Χ,I79
5.0,Κ14Χ,I83
5.0,Κ14Χ,I86
5.0,Κ20Α,I80
5.0,Κ20Α,I83
5.0,Κ20Α,I86
5.0,Κ21Μ,I80
5.0,Κ21Μ,I86
5.0,Κ21Μ,I87
5.0,Κ21Χ,I80
5.0,Κ21Χ,I86
5.0,Κ21Χ,I87
5.0,Κ43Μ,I80
5.0,Κ43Μ,I81
5.0,Κ43Μ,I82
5.0,Κ43Χ,I80
5.0,Κ43Χ,I81
5.0,Κ43Χ,I82
5.0,Κ34Μ,I80
5.0,Κ34Μ,I70
5.0,Κ34Μ,I73
5.0,Κ34Μ,I74
5.0,Κ34Μ,I79
5.0,Κ34Μ,I83
5.0,Κ34Μ,I87
5.0,Κ34Χ,I80
5.0,Κ34Χ,I70
5.0,Κ34Χ,I73
5.0,Κ34Χ,I74
5.0,Κ34Χ,I79
5.0,Κ34Χ,I83
5.0,Κ34Χ,I87
5.0,Κ35Μ,I70
5.0,Κ35Μ,I73
5.0,Κ35Μ,I74
5.0,Κ35Μ,I79
5.0,Κ35Μ,I87
5.0,Κ35Χ,I70
5.0,Κ35Χ,I73
5.0,Κ35Χ,I74
5.0,Κ35Χ,I79
5.0,Κ35Χ,I87
6.0,Π44Χ,A01
6.0,Π44Χ,A02
6.0,Π44Χ,A03
6.0,Π44Χ,A04
6.0,Π44Χ,A05
6.0,Π44Χ,A06
6.0,Π44Χ,A07
6.0,Π44Χ,Κ52
6.0,Π44Χ,Κ57
6.0,Π44Χ,Κ50
6.0,Π44Χ,Κ51
6.0,Π44Χ,Α18
6.0,Π44Χ,A22.2
6.0,Π44Χ,A08.5
6.0,Π44Χ,B20.0
6.0,Π44Χ,B20.1
6.0,Π44Χ,B20.2
6.0,Π44Χ,B20.8
6.0,Π44Χ,B77.0
6.0,Π44Χ,B82
6.0,Π44Χ,K55.9
6.0,Π44Χ,K90.0
6.0,Π44Χ,K90.1
6.0,Π44Χ,K90.8
6.0,Π44Χ,K93.0
6.0,Π44Μ,A01
6.0,Π44Μ,A02
6.0,Π44Μ,A03
6.0,Π44Μ,A04
6.0,Π44Μ,A05
6.0,Π44Μ,A06
6.0,Π44Μ,A07
6.0,Π44Μ,A08.5
6.0,Π44Μ,A22.2
6.0,Π44Μ,B20.0
6.0,Π44Μ,B20.1
6.0,Π44Μ,B20.2
6.0,Π44Μ,B20.8
6.0,Π44Μ,B77.0
6.0,Π44Μ,B82
6.0,Π44Μ,K55.9
6.0,Π44Μ,K90.0
6.0,Π44Μ,K90.1
6.0,Π44Μ,K90.8
6.0,Π44Μ,K93.0
6.0,Π44Μ,Α18
6.0,Π44Μ,Κ50
6.0,Π44Μ,Κ51
6.0,Π44Μ,Κ52
6.0,Π44Μ,K56.5
6.0,Π44Μ,K56.6
6.0,Π44Μ,K57.0
6.0,Π44Μ,K57.2
6.0,Π44Μ,K57.8
6.0,Π44Μ,K60
6.0,Π44Μ,K61
6.0,Π44Μ,K62.4
6.0,Π44Μ,K62.7
6.0,Π44Μ,K63.0
6.0,Π44Μ,K63.1
6.0,Π44Μ,K63.2
6.0,Π44Μ,K92.2
6.0,Π44Μ,M07.4
6.0,Π26Α,K21
6.0,Π26Α,K22.0
6.0,Π26Α,K22.4
6.0,Π26Α,K22.5
6.0,Π26Α,K22.6
6.0,Π26Α,K22.9
6.0,Π26Α,K23
6.0,Π26Α,K23.0
6.0,Π26Α,K27
6.0,Π26Α,K29
6.0,Π26Α,K30
6.0,Π26Α,K31.0
6.0,Π26Α,K31.2
6.0,Π26Α,K31.3
6.0,Π26Α,K31.8
6.0,Π26Α,K31.9
6.0,Π26Χ,K22.2
6.0,Π26Χ,K23.0
6.0,Π26Χ,K22.9
6.0,Π26Χ,K29.0
6.0,Π26Χ,K31.1
6.0,Π26Χ,K31.5
6.0,Π26Χ,K31.6
6.0,Π26Χ,K31.9
6.0,Π26Χ,K90
6.0,Π26Χ,K91
6.0,Π26Μ,K74
6.0,Π26Μ,K75
6.0,Π26Μ,K76.1
6.0,Π26Μ,K76.2
6.0,Π26Μ,K76.3
6.0,Π26Μ,K76.4
6.0,Π26Μ,K76.5
6.0,Π26Μ,K76.6
6.0,Π26Μ,K76.7
6.0,Π26Μ,K76.8
6.0,Π26Μ,K76.9
6.0,Π26Μ,K85
6.0,Π26Α,K20
6.0,Π41Χ,K22.6
6.0,Π41Χ,K22.8
6.0,Π41Χ,K27
6.0,Π41Χ,K29.0
6.0,Π41Χ,K52
6.0,Π41Χ,K52.0
6.0,Π41Χ,K55
6.0,Π41Χ,K57.2
6.0,Π41Χ,K57.4
6.0,Π41Χ,K60.2
6.0,Π41Χ,K92.0
6.0,Π41Χ,K92.1
6.0,Π41Χ,K92.2
6.0,Π41Μ,K22.6
6.0,Π41Μ,K22.8
6.0,Π41Μ,K27
6.0,Π41Μ,K29.0
6.0,Π41Μ,K52
6.0,Π41Μ,K52.0
6.0,Π41Μ,K55
6.0,Π41Μ,K57.2
6.0,Π41Μ,K57.4
6.0,Π41Μ,K60.2
6.0,Π41Μ,K92.0
6.0,Π41Μ,K92.1
6.0,Π41Μ,K92.2
6.0,Π41Μ,I98.2
6.0,Π41Μ,I86.4
6.0,Π41Μ,I85.0
6.0,Π41Μ,I86
6.0,Π44Μ,K59.3
6.0,Π40Χ,C21
6.0,Π40Χ,C20
6.0,Π40Χ,C19
6.0,Π40Χ,C18
6.0,Π40Χ,C17
6.0,Π40Χ,C16
6.0,Π40Χ,C15
6.0,Π40Χ,C14
6.0,Π40Χ,C26
6.0,Π40Χ,C78.4
6.0,Π40Χ,C78.5
6.0,Π40Χ,C81
6.0,Π40Χ,C82
6.0,Π40Χ,C83
6.0,Π40Χ,C85
6.0,Π40Χ,C94.3
6.0,Π40Μ,C14
6.0,Π40Μ,C15
6.0,Π40Μ,C16
6.0,Π40Μ,C17
6.0,Π40Μ,C18
6.0,Π40Μ,C19
6.0,Π40Μ,C20
6.0,Π40Μ,C21
6.0,Π40Μ,C26
6.0,Π40Μ,C78.4
6.0,Π40Μ,C78.5
6.0,Π40Μ,C81
6.0,Π40Μ,C82
6.0,Π40Μ,C83
6.0,Π40Μ,C85
6.0,Π40Μ,C94.3
6.0,Π43Α,K27
6.0,Π42Α,K22.8
6.0,Π42Α,K31.1
6.0,Π42Α,K31.5
6.0,Π42Α,K31.6
6.0,Π42Α,K92.0
6.0,Π42Α,K92.1
6.0,Π42Α,K92.2
6.0,Π42Α,Κ65
6.0,Π43Α,Κ25
6.0,Π43Α,Κ26
6.0,Π43Α,Κ28
6.0,Π45Χ,K22.0
6.0,Π45Χ,K22.2
6.0,Π45Χ,K22.4
6.0,Π45Χ,K22.5
6.0,Π45Χ,K23.1
6.0,Π45Χ,K31.1
6.0,Π45Χ,K31.3
6.0,Π45Χ,K31.5
6.0,Π45Χ,K40.0
6.0,Π45Χ,K40.3
6.0,Π45Χ,K41.2
6.0,Π45Χ,K41.0
6.0,Π45Χ,K41.3
6.0,Π45Χ,K41.9
6.0,Π45Χ,K42.0
6.0,Π45Χ,K43.0
6.0,Π45Χ,K44.0
6.0,Π45Χ,K46.0
6.0,Π45Χ,K56.0
6.0,Π45Χ,K56.1
6.0,Π45Χ,K56.2
6.0,Π45Χ,K56.3
6.0,Π45Χ,K56.4
6.0,Π45Χ,K56.5
6.0,Π45Χ,K56.6
6.0,Π45Χ,K56.7
6.0,Π45Χ,K59.3
6.0,Π45Χ,K62.4
6.0,Π45Χ,K91.3
6.0,Π45Μ,K22.0
6.0,Π45Μ,K22.2
6.0,Π45Μ,K22.4
6.0,Π45Μ,K22.5
6.0,Π45Μ,K23.1
6.0,Π45Μ,K31.1
6.0,Π45Μ,K31.3
6.0,Π45Μ,K31.5
6.0,Π45Μ,K41.0
6.0,Π45Μ,K41.2
6.0,Π45Μ,K41.3
6.0,Π45Μ,K41.9
6.0,Π45Μ,K42.0
6.0,Π45Μ,K43.0
6.0,Π45Μ,K44.0
6.0,Π45Μ,K46.0
6.0,Π45Μ,K56.0
6.0,Π45Μ,K56.1
6.0,Π45Μ,K56.2
6.0,Π45Μ,K56.3
6.0,Π45Μ,K56.4
6.0,Π45Μ,K56.5
6.0,Π45Μ,K56.6
6.0,Π45Μ,K56.7
6.0,Π45Μ,K59.3
6.0,Π45Μ,K62.4
6.0,Π45Μ,K91.3
6.0,Π45Μ,K22.3
6.0,Π45Μ,K40.0
6.0,Π45Μ,K40.1
6.0,Π45Μ,K40.3
6.0,Π45Μ,K40.4
6.0,Π45Μ,K41.1
6.0,Π45Μ,K41.4
6.0,Π45Μ,K42.1
6.0,Π45Μ,K43.1
6.0,Π45Μ,K44.1
6.0,Π45Μ,K45.1
6.0,Π45Μ,K46.1
6.0,Π45Μ,K50
6.0,Π45Μ,K52.0
6.0,Π45Μ,K52.8
6.0,Π45Μ,K57
6.0,Π47Χ,K21.0
6.0,Π47Χ,K29
6.0,Π47Χ,K50
6.0,Π47Χ,K52.0
6.0,Π47Χ,K52.2
6.0,Π47Χ,K52.8
6.0,Π47Χ,K90.2
6.0,Π47Χ,A04.0
6.0,Π47Χ,A04.1
6.0,Π47Χ,A04.4
6.0,Π47Χ,A04.5
6.0,Π47Χ,A04.6
6.0,Π47Χ,A04.8
6.0,Π47Χ,A04.9
6.0,Π47Χ,A05.0
6.0,Π47Χ,A05.8
6.0,Π47Χ,A05.9
6.0,Π47Χ,A06.0
6.0,Π47Χ,A06.1
6.0,Π47Χ,A06.2
6.0,Π47Χ,A08
6.0,Π47Μ,A00
6.0,Π47Μ,A01
6.0,Π47Μ,A02
6.0,Π47Μ,A03
6.0,Π47Μ,A04
6.0,Π47Μ,A05
6.0,Π47Μ,A06
6.0,Π47Μ,A07
6.0,Π47Μ,A08
6.0,Π47Μ,K20
6.0,Π47Μ,K21.0
6.0,Π47Μ,K29
6.0,Π47Μ,K50
6.0,Π47Μ,K52
6.0,Π47Μ,K90.2
6.0,Π27Α,K22.0
6.0,Π27Α,K22.2
6.0,Π27Α,K22.4
6.0,Π27Α,K22.5
6.0,Π27Α,K31.1
6.0,Π27Α,K31.5
6.0,Π27Α,K31.8
6.0,Π27Α,K31.9
6.0,Π27Α,K92.9
6.0,Π27Α,I85.9
6.0,Π27Α,I86.4
6.0,Π27Α,I98.2
6.0,Π12Χ,K22
6.0,Π12Χ,K31.1
6.0,Π12Χ,K31.5
6.0,Π12Χ,K83
6.0,Π12Χ,K86.2
6.0,Π12Χ,K86.8
6.0,Π12Χ,K87
6.0,Π12Χ,K91
6.0,Π27Χ,K22
6.0,Π27Χ,K31.1
6.0,Π27Χ,K31.3
6.0,Π27Χ,K83
6.0,Π27Χ,K86
6.0,Π27Χ,K86.2
6.0,Π27Χ,K86.3
6.0,Π27Χ,K86.9
6.0,Π26Μ,K20
6.0,Π26Μ,K22
6.0,Π26Μ,K50.0
6.0,Π26Μ,K50.9
6.0,Π26Μ,K52.0
6.0,Π26Μ,K52.1
6.0,Π26Μ,K52.8
6.0,Π27Μ,K20
6.0,Π27Μ,K22
6.0,Π27Μ,K31.1
6.0,Π27Μ,K31.3
6.0,Π27Μ,K31.5
6.0,Π27Μ,K83
6.0,Π27Μ,K85
6.0,Π27Μ,K86
6.0,Π27Μ,K91.0
6.0,Π27Μ,C24
6.0,Π27Μ,C25
6.0,Π28Α,K50
6.0,Π28Α,K51
6.0,Π28Α,K52.2
6.0,Π28Α,K52.8
6.0,Π28Α,K57.3
6.0,Π28Α,K62.1
6.0,Π28Α,K62.6
6.0,Π28Α,K51.4
6.0,Π28Α,D12
6.0,Π28Χ,K50
6.0,Π28Χ,K51
6.0,Π28Χ,K52
6.0,Π28Χ,K55
6.0,Π28Χ,K57.3
6.0,Π28Χ,K91.4
6.0,Π28Χ,K93.1
6.0,Π28Χ,D12
6.0,Π28Μ,D12
6.0,Π28Μ,K50
6.0,Π28Μ,K51
6.0,Π28Μ,K52
6.0,Π28Μ,K55
6.0,Π28Μ,K91.4
6.0,Π28Μ,K93.1
6.0,Π28Μ,K56.2
6.0,Π28Μ,K56.4
6.0,Π28Μ,K57.0
6.0,Π28Μ,K57.2
6.0,Π28Μ,K91.3
6.0,Π46Α,A01.0
6.0,Π46Α,K30
6.0,Π46Α,K31
6.0,Π46Α,K35
6.0,Π46Α,K36
6.0,Π46Α,K37
6.0,Π46Α,K38
6.0,Π46Α,K40.0
6.0,Π46Α,K40.1
6.0,Π46Α,K40.3
6.0,Π46Α,K40.4
6.0,Π46Α,K41.0
6.0,Π46Α,K41.1
6.0,Π46Α,K41.3
6.0,Π46Α,K41.4
6.0,Π46Α,K42.0
6.0,Π46Α,K42.1
6.0,Π46Α,K43.0
6.0,Π46Α,K43.1
6.0,Π46Α,K46.0
6.0,Π46Α,K46.1
6.0,Π46Α,K50
6.0,Π46Α,K51
6.0,Π46Α,K52.1
6.0,Π46Α,K52.8
6.0,Π46Α,K55.9
6.0,Π46Α,K56.0
6.0,Π46Α,K56.1
6.0,Π46Α,K56.2
6.0,Π46Α,K56.3
6.0,Π46Α,K56.4
6.0,Π46Α,K56.5
6.0,Π46Α,K56.6
6.0,Π46Α,K56.7
6.0,Π46Α,K57.0
6.0,Π46Α,K57.2
6.0,Π46Α,K57.4
6.0,Π46Α,K57.8
6.0,Π46Α,K58
6.0,Π46Α,K59
6.0,Π46Α,K63
6.0,Π46Α,K66
6.0,Π46Α,K80
6.0,Π46Α,K81
6.0,Π46Α,K82
6.0,Π46Α,K83
6.0,Π46Α,K85
6.0,Π46Α,K86
6.0,Π46Α,K87
6.0,Π46Α,K91.1
6.0,Π46Α,K91.3
6.0,Π46Α,K91.5
6.0,Π46Α,K91.8
6.0,Π46Α,K93.0
6.0,Π50Χ,K22.3
6.0,Π50Χ,K23
6.0,Π50Χ,K23.0
6.0,Π50Χ,K29.2
6.0,Π50Χ,K29.4
6.0,Π50Χ,K30
6.0,Π50Χ,K31.0
6.0,Π50Χ,K31.2
6.0,Π50Χ,K51.9
6.0,Π50Χ,K51.8
6.0,Π50Χ,K55.2
6.0,Π50Χ,K55.8
6.0,Π50Χ,K59
6.0,Π50Χ,K60
6.0,Π50Χ,K61
6.0,Π50Χ,K62
6.0,Π50Χ,K63
6.0,Π50Χ,K65.8
6.0,Π50Χ,K65.9
6.0,Π50Χ,K82.4
6.0,Π50Χ,K83.5
6.0,Π50Χ,K83.8
6.0,Π50Χ,K87
6.0,Π50Χ,K90.3
6.0,Π50Χ,K90.4
6.0,Π50Χ,K90.8
6.0,Π50Χ,K90.9
6.0,Π50Χ,K91.0
6.0,Π50Χ,K91.1
6.0,Π50Χ,K91.2
6.0,Π50Χ,K91.9
6.0,Π50Χ,K92
6.0,Π50Μ,K22.3
6.0,Π50Μ,K23
6.0,Π50Μ,K23.0
6.0,Π50Μ,K29.2
6.0,Π50Μ,K29.4
6.0,Π50Μ,K30
6.0,Π50Μ,K31.0
6.0,Π50Μ,K31.2
6.0,Π50Μ,K51.8
6.0,Π50Μ,K51.9
6.0,Π50Μ,K55.2
6.0,Π50Μ,K55.8
6.0,Π50Μ,K59
6.0,Π50Μ,K60
6.0,Π50Μ,K61
6.0,Π50Μ,K62
6.0,Π50Μ,K63
6.0,Π50Μ,K65.8
6.0,Π50Μ,K65.9
6.0,Π50Μ,K82.4
6.0,Π50Μ,K83.5
6.0,Π50Μ,K83.8
6.0,Π50Μ,K87
6.0,Π50Μ,K90.3
6.0,Π50Μ,K90.4
6.0,Π50Μ,K90.8
6.0,Π50Μ,K90.9
6.0,Π50Μ,K91.0
6.0,Π50Μ,K91.1
6.0,Π50Μ,K91.2
6.0,Π50Μ,K91.9
6.0,Π50Μ,K92
6.0,Π07Μ,K35.0
6.0,Π07Μ,K35.1
6.0,Π07Χ,K35.9
6.0,Π10Μ,K40.1
6.0,Π10Μ,K40.4
6.0,Π10Μ,K41.0
6.0,Π10Μ,K41.1
6.0,Π10Μ,K41.3
6.0,Π10Μ,K41.4
6.0,Π10Χ,K40.2
6.0,Π10Χ,K40.3
6.0,Π10Χ,K40.3
6.0,Π10Χ,K40.9
6.0,Π10Χ,K40.9
6.0,Π10Χ,K41.2
6.0,Π10Χ,K41.3
6.0,Π10Χ,K41.9
7.0,Η08Χ,K80
7.0,Η08Χ,K80.0
7.0,Η08Χ,K80.1
7.0,Η08Χ,K80.2
7.0,Η23Χ,K80.3
7.0,Η23Χ,K80.4
7.0,Η23Χ,K80.5
7.0,Η08Χ,K80.8
7.0,Η08Χ,K81
7.0,Η08Χ,K81.0
7.0,Η08Χ,K81.1
7.0,Η08Χ,K81.8
7.0,Η08Χ,K81.9
7.0,Η08Χ,K82
7.0,Η08Χ,K82.0
7.0,Η08Χ,K82.1
7.0,Η08Χ,K82.2
7.0,Η01Χ,K82.3
7.0,Η08Χ,K82.8
7.0,Η08Χ,K82.9
7.0,Η44Χ,K83.0
7.0,Η44Χ,K83.1
7.0,Η02Μβ,K83.2
7.0,Η01Χ,K83.3
7.0,Η23Χ,K83.4
7.0,Η01Χ,K83.5
7.0,Η42Μ,K85
7.0,Η01Χ,K86.0
7.0,Η01Χ,K86.2
7.0,Η01Χ,K86.3
7.0,Η01Χ,D13.4
7.0,Η01Χ,D13.5
7.0,Η01Χ ,D13.6
7.0,Η01Χ,D13.7
7.0,Η01Χ,C22
7.0,Η07Χ,C23
7.0,Η02Χ,C24
7.0,Η01Χ,C25
7.0,Η07Χ,K80
7.0,Η07Χ,K80.0
7.0,Η07Χ,K80.1
7.0,Η07Χ,K80.2
7.0,Η23Μ,K80.3
7.0,Η23Μ,K80.4
7.0,Η23Μ,K80.5
7.0,Η07Χ,K80.8
7.0,Η07Χ,K81
7.0,Η07Χ,K81.0
7.0,Η07Χ,K81.1
7.0,Η07Χ,K81.8
7.0,Η07Χ,K81.9
7.0,Η07Χ,K82
7.0,Η07Χ,K82.0
7.0,Η07Χ,K82.1
7.0,Η07Χ,K82.2
7.0,Η07Χ,K82.8
7.0,Η07Χ,K82.9
7.0,Η44Μ,K83.0
7.0,Η23Χ,K83.1
7.0,Η42Χ,K85
7.0,Η23Χ,K86.3
7.0,Η01Μ,C22
7.0,Η01Χ,C23
7.0,Η01Μ,C25
7.0,Η02Χ,K80.5
8.0,Μ01Μ,M00
8.0,Μ01Μ,M00.0
8.0,Μ01Μ,M00.1
8.0,Μ01Μ,M00.2
8.0,Μ01Μ,M00.8
8.0,Μ01Μ,M00.9
8.0,Μ01Μ,M01*
8.0,Μ01Μ,M01.0*
8.0,Μ01Μ,M01.1*
8.0,Μ01Μ,M01.2*
8.0,Μ01Μ,M01.3*
8.0,Μ01Μ,M01.4*
8.0,Μ01Μ,M01.5*
8.0,Μ01Μ,M01.6*
8.0,Μ01Μ,M01.8*
8.0,Μ01Μ,M02
8.0,Μ01Μ,M02.0
8.0,Μ01Μ,M02.1
8.0,Μ01Μ,M02.2
8.0,Μ01Μ,M02.3
8.0,Μ01Μ,M02.8
8.0,Μ01Μ,M02.9
8.0,Μ01Μ,M03*
8.0,Μ01Μ,M03.0*
8.0,Μ01Μ,M03.1*
8.0,Μ01Μ,M03.2*
8.0,Μ01Μ,M03.6*
8.0,Μ01Μ,M05
8.0,Μ01Μ,M05.0
8.0,Μ01Μ,M05.1
8.0,Μ01Μ,M05.2
8.0,Μ01Μ,M05.3
8.0,Μ01Μ,M05.8
8.0,Μ01Μ,M05.9
8.0,Μ01Μ,M06
8.0,Μ01Μ,M06.0
8.0,Μ01Μ,M06.1
8.0,Μ01Μ,M06.2
8.0,Μ01Μ,M06.3
8.0,Μ01Μ,M06.4
8.0,Μ01Μ,M06.8
8.0,Μ01Μ,M06.9
8.0,Μ01Μ,M07*
8.0,Μ01Μ,M07.0*
8.0,Μ01Μ,M07.1*
8.0,Μ01Μ,M07.2*
8.0,Μ01Μ,M07.3*
8.0,Μ01Μ,M07.4*
8.0,Μ01Μ,M07.5*
8.0,Μ01Μ,M07.6*
8.0,Μ01Μ,M08
8.0,Μ01Μ,M08.0
8.0,Μ01Μ,M08.1
8.0,Μ01Μ,M08.2
8.0,Μ01Μ,M08.3
8.0,Μ01Μ,M08.4
8.0,Μ01Μ,M08.8
8.0,Μ01Μ,M08.9
8.0,Μ01Μ,M09*
8.0,Μ01Μ,M09.0*
8.0,Μ01Μ,M09.1*
8.0,Μ01Μ,M09.2*
8.0,Μ01Μ,M09.8*
8.0,Μ01Μ,M10
8.0,Μ01Μ,M10.0
8.0,Μ01Μ,M10.1
8.0,Μ01Μ,M10.2
8.0,Μ01Μ,M10.3
8.0,Μ01Μ,M10.4
8.0,Μ01Μ,M10.9
8.0,Μ01Μ,M11
8.0,Μ01Μ,M11.0
8.0,Μ01Μ,M11.1
8.0,Μ01Μ,M11.2
8.0,Μ01Μ,M11.8
8.0,Μ01Μ,M11.9
8.0,Μ01Μ,M12
8.0,Μ01Μ,M12.0
8.0,Μ01Μ,M12.1
8.0,Μ01Μ,M12.2
8.0,Μ01Μ,M12.3
8.0,Μ01Μ,M12.4
8.0,Μ01Μ,M12.5
8.0,Μ01Μ,M12.8
8.0,Μ01Μ,M13
8.0,Μ01Μ,M13.0
8.0,Μ01Μ,M13.1
8.0,Μ01Μ,M13.8
8.0,Μ01Μ,M13.9
8.0,Μ01Μ,M14*
8.0,Μ01Μ,M14.0*
8.0,Μ01Μ,M14.1*
8.0,Μ01Μ,M14.2*
8.0,Μ01Μ,M14.3*
8.0,Μ01Μ,M14.4*
8.0,Μ01Μ,M14.5*
8.0,Μ01Μ,M14.6*
8.0,Μ01Μ,M14.8*
8.0,Μ01Μ,M15
8.0,Μ01Μ,M15.0
8.0,Μ01Μ,M15.1
8.0,Μ01Μ,M15.2
8.0,Μ01Μ,M15.3
8.0,Μ01Μ,M15.4
8.0,Μ01Μ,M15.8
8.0,Μ01Μ,M15.9
8.0,Μ01Μ,M16
8.0,Μ01Μ,M16.0
8.0,Μ01Μ,M16.1
8.0,Μ01Μ,M16.2
8.0,Μ01Μ,M16.3
8.0,Μ01Μ,M16.4
8.0,Μ01Μ,M16.5
8.0,Μ01Μ,M16.6
8.0,Μ01Μ,M16.7
8.0,Μ01Μ,M16.9
8.0,Μ01Μ,M17
8.0,Μ01Μ,M17.0
8.0,Μ01Μ,M17.1
8.0,Μ01Μ,M17.2
8.0,Μ01Μ,M17.3
8.0,Μ01Μ,M17.4
8.0,Μ01Μ,M17.5
8.0,Μ01Μ,M17.9
8.0,Μ01Μ,M18
8.0,Μ01Μ,M18.0
8.0,Μ01Μ,M18.1
8.0,Μ01Μ,M18.2
8.0,Μ01Μ,M18.3
8.0,Μ01Μ,M18.4
8.0,Μ01Μ,M18.5
8.0,Μ01Μ,M18.9
8.0,Μ01Μ,M19
8.0,Μ01Μ,M19.0
8.0,Μ01Μ,M19.1
8.0,Μ01Μ,M19.2
8.0,Μ01Μ,M19.8
8.0,Μ01Μ,M19.9
8.0,Μ01Μ,M20
8.0,Μ01Μ,M20.0
8.0,Μ01Μ,M20.1
8.0,Μ01Μ,M20.2
8.0,Μ01Μ,M20.3
8.0,Μ01Μ,M20.4
8.0,Μ01Μ,M20.5
8.0,Μ01Μ,M20.6
8.0,Μ01Μ,M21
8.0,Μ01Μ,M21.0
8.0,Μ01Μ,M21.1
8.0,Μ01Μ,M21.2
8.0,Μ01Μ,M21.3
8.0,Μ01Μ,M21.4
8.0,Μ01Μ,M21.5
8.0,Μ01Μ,M21.6
8.0,Μ01Μ,M21.7
8.0,Μ01Μ,M21.8
8.0,Μ01Μ,M21.9
8.0,Μ01Μ,M22
8.0,Μ01Μ,M22.0
8.0,Μ01Μ,M22.1
8.0,Μ01Μ,M22.2
8.0,Μ01Μ,M22.3
8.0,Μ01Μ,M22.4
8.0,Μ01Μ,M22.8
8.0,Μ01Μ,M22.9
8.0,Μ01Μ,M23
8.0,Μ01Μ,M23.0
8.0,Μ01Μ,M23.1
8.0,Μ01Μ,M23.2
8.0,Μ01Μ,M23.3
8.0,Μ01Μ,M23.4
8.0,Μ01Μ,M23.5
8.0,Μ01Μ,M23.6
8.0,Μ01Μ,M23.8
8.0,Μ01Μ,M23.9
8.0,Μ01Μ,M24
8.0,Μ01Μ,M24.0
8.0,Μ01Μ,M24.1
8.0,Μ01Μ,M24.2
8.0,Μ01Μ,M24.4
8.0,Μ01Μ,M24.5
8.0,Μ01Μ,M24.6
8.0,Μ01Μ,M24.7
8.0,Μ01Μ,M24.8
8.0,Μ01Μ,M25
8.0,Μ01Χ,M00
8.0,Μ01Χ,M00.0
8.0,Μ01Χ,M00.1
8.0,Μ01Χ,M00.2
8.0,Μ01Χ,M00.8
8.0,Μ01Χ,M00.9
8.0,Μ01Χ,M01*
8.0,Μ01Χ,M01.0*
8.0,Μ01Χ,M01.1*
8.0,Μ01Χ,M01.2*
8.0,Μ01Χ,M01.3*
8.0,Μ01Χ,M01.4*
8.0,Μ01Χ,M01.5*
8.0,Μ01Χ,M01.6*
8.0,Μ01Χ,M01.8*
8.0,Μ01Χ,M02
8.0,Μ01Χ,M02.0
8.0,Μ01Χ,M02.1
8.0,Μ01Χ,M02.2
8.0,Μ01Χ,M02.3
8.0,Μ01Χ,M02.8
8.0,Μ01Χ,M02.9
8.0,Μ01Χ,M03*
8.0,Μ01Χ,M03.0*
8.0,Μ01Χ,M03.1*
8.0,Μ01Χ,M03.2*
8.0,Μ01Χ,M03.6*
8.0,Μ01Χ,M05
8.0,Μ01Χ,M05.0
8.0,Μ01Χ,M05.1
8.0,Μ01Χ,M05.2
8.0,Μ01Χ,M05.3
8.0,Μ01Χ,M05.8
8.0,Μ01Χ,M05.9
8.0,Μ01Χ,M06
8.0,Μ01Χ,M06.0
8.0,Μ01Χ,M06.1
8.0,Μ01Χ,M06.2
8.0,Μ01Χ,M06.3
8.0,Μ01Χ,M06.4
8.0,Μ01Χ,M06.8
8.0,Μ01Χ,M06.9
8.0,Μ01Χ,M07*
8.0,Μ01Χ,M07.0*
8.0,Μ01Χ,M07.1*
8.0,Μ01Χ,M07.2*
8.0,Μ01Χ,M07.3*
8.0,Μ01Χ,M07.4*
8.0,Μ01Χ,M07.5*
8.0,Μ01Χ,M07.6*
8.0,Μ01Χ,M08
8.0,Μ01Χ,M08.0
8.0,Μ01Χ,M08.1
8.0,Μ01Χ,M08.2
8.0,Μ01Χ,M08.3
8.0,Μ01Χ,M08.4
8.0,Μ01Χ,M08.8
8.0,Μ01Χ,M08.9
8.0,Μ01Χ,M09*
8.0,Μ01Χ,M09.0*
8.0,Μ01Χ,M09.1*
8.0,Μ01Χ,M09.2*
8.0,Μ01Χ,M09.8*
8.0,Μ01Χ,M10
8.0,Μ01Χ,M10.0
8.0,Μ01Χ,M10.1
8.0,Μ01Χ,M10.2
8.0,Μ01Χ,M10.3
8.0,Μ01Χ,M10.4
8.0,Μ01Χ,M10.9
8.0,Μ01Χ,M11
8.0,Μ01Χ,M11.0
8.0,Μ01Χ,M11.1
8.0,Μ01Χ,M11.2
8.0,Μ01Χ,M11.8
8.0,Μ01Χ,M11.9
8.0,Μ01Χ,M12
8.0,Μ01Χ,M12.0
8.0,Μ01Χ,M12.1
8.0,Μ01Χ,M12.2
8.0,Μ01Χ,M12.3
8.0,Μ01Χ,M12.4
8.0,Μ01Χ,M12.5
8.0,Μ01Χ,M12.8
8.0,Μ01Χ,M13
8.0,Μ01Χ,M13.0
8.0,Μ01Χ,M13.1
8.0,Μ01Χ,M13.8
8.0,Μ01Χ,M13.9
8.0,Μ01Χ,M14*
8.0,Μ01Χ,M14.0*
8.0,Μ01Χ,M14.1*
8.0,Μ01Χ,M14.2*
8.0,Μ01Χ,M14.3*
8.0,Μ01Χ,M14.4*
8.0,Μ01Χ,M14.5*
8.0,Μ01Χ,M14.6*
8.0,Μ01Χ,M14.8*
8.0,Μ01Χ,M15
8.0,Μ01Χ,M15.0
8.0,Μ01Χ,M15.1
8.0,Μ01Χ,M15.2
8.0,Μ01Χ,M15.3
8.0,Μ01Χ,M15.4
8.0,Μ01Χ,M15.8
8.0,Μ01Χ,M15.9
8.0,Μ01Χ,M16
8.0,Μ01Χ,M16.0
8.0,Μ01Χ,M16.1
8.0,Μ01Χ,M16.2
8.0,Μ01Χ,M16.3
8.0,Μ01Χ,M16.4
8.0,Μ01Χ,M16.5
8.0,Μ01Χ,M16.6
8.0,Μ01Χ,M16.7
8.0,Μ01Χ,M16.9
8.0,Μ01Χ,M17
8.0,Μ01Χ,M17.0
8.0,Μ01Χ,M17.1
8.0,Μ01Χ,M17.2
8.0,Μ01Χ,M17.3
8.0,Μ01Χ,M17.4
8.0,Μ01Χ,M17.5
8.0,Μ01Χ,M17.9
8.0,Μ01Χ,M18
8.0,Μ01Χ,M18.0
8.0,Μ01Χ,M18.1
8.0,Μ01Χ,M18.2
8.0,Μ01Χ,M18.3
8.0,Μ01Χ,M18.4
8.0,Μ01Χ,M18.5
8.0,Μ01Χ,M18.9
8.0,Μ01Χ,M19
8.0,Μ01Χ,M19.0
8.0,Μ01Χ,M19.1
8.0,Μ01Χ,M19.2
8.0,Μ01Χ,M19.8
8.0,Μ01Χ,M19.9
8.0,Μ01Χ,M20
8.0,Μ01Χ,M20.0
8.0,Μ01Χ,M20.1
8.0,Μ01Χ,M20.2
8.0,Μ01Χ,M20.3
8.0,Μ01Χ,M20.4
8.0,Μ01Χ,M20.5
8.0,Μ01Χ,M20.6
8.0,Μ01Χ,M21
8.0,Μ01Χ,M21.0
8.0,Μ01Χ,M21.1
8.0,Μ01Χ,M21.2
8.0,Μ01Χ,M21.3
8.0,Μ01Χ,M21.4
8.0,Μ01Χ,M21.5
8.0,Μ01Χ,M21.6
8.0,Μ01Χ,M21.7
8.0,Μ01Χ,M21.8
8.0,Μ01Χ,M21.9
8.0,Μ01Χ,M22
8.0,Μ01Χ,M22.0
8.0,Μ01Χ,M22.1
8.0,Μ01Χ,M22.2
8.0,Μ01Χ,M22.3
8.0,Μ01Χ,M22.4
8.0,Μ01Χ,M22.8
8.0,Μ01Χ,M22.9
8.0,Μ01Χ,M23
8.0,Μ01Χ,M23.0
8.0,Μ01Χ,M23.1
8.0,Μ01Χ,M23.2
8.0,Μ01Χ,M23.3
8.0,Μ01Χ,M23.4
8.0,Μ01Χ,M23.5
8.0,Μ01Χ,M23.6
8.0,Μ01Χ,M23.8
8.0,Μ01Χ,M23.9
8.0,Μ01Χ,M24
8.0,Μ01Χ,M24.0
8.0,Μ01Χ,M24.1
8.0,Μ01Χ,M24.2
8.0,Μ01Χ,M24.4
8.0,Μ01Χ,M24.5
8.0,Μ01Χ,M24.6
8.0,Μ01Χ,M24.7
8.0,Μ01Χ,M24.8
8.0,Μ01Χ,M25
8.0,Μ01Μ,S90
8.0,Μ01Μ,S90.0
8.0,Μ01Μ,S90.1
8.0,Μ01Μ,S90.2
8.0,Μ01Μ,S90.3
8.0,Μ01Μ,S90.7
8.0,Μ01Μ,S90.8
8.0,Μ01Μ,S90.9
8.0,Μ01Μ,S91
8.0,Μ01Μ,S91.0
8.0,Μ01Μ,S91.1
8.0,Μ01Μ,S91.2
8.0,Μ01Μ,S91.3
8.0,Μ01Μ,S91.7
8.0,Μ01Μ,S92
8.0,Μ01Μ,S92.0
8.0,Μ01Μ,S92.1
8.0,Μ01Μ,S92.2
8.0,Μ01Μ,S92.3
8.0,Μ01Μ,S92.4
8.0,Μ01Μ,S92.5
8.0,Μ01Μ,S92.7
8.0,Μ01Μ,S92.9
8.0,Μ01Μ,S93
8.0,Μ01Μ,S93.0
8.0,Μ01Μ,S93.1
8.0,Μ01Μ,S93.2
8.0,Μ01Μ,S93.3
8.0,Μ01Μ,S93.4
8.0,Μ01Μ,S93.5
8.0,Μ01Μ,S93.6
8.0,Μ01Μ,S94
8.0,Μ01Μ,S94.0
8.0,Μ01Μ,S94.1
8.0,Μ01Μ,S94.2
8.0,Μ01Μ,S94.3
8.0,Μ01Μ,S94.7
8.0,Μ01Μ,S94.8
8.0,Μ01Μ,S94.9
8.0,Μ01Μ,S95
8.0,Μ01Μ,S95.0
8.0,Μ01Μ,S95.1
8.0,Μ01Μ,S95.2
8.0,Μ01Μ,S95.7
8.0,Μ01Μ,S95.8
8.0,Μ01Μ,S95.9
8.0,Μ01Μ,S96
8.0,Μ01Μ,S96.0
8.0,Μ01Μ,S96.1
8.0,Μ01Μ,S96.2
8.0,Μ01Μ,S96.7
8.0,Μ01Μ,S96.8
8.0,Μ01Μ,S96.9
8.0,Μ01Μ,S97
8.0,Μ01Μ,S97.0
8.0,Μ01Μ,S97.1
8.0,Μ01Μ,S97.8
8.0,Μ01Μ,S98
8.0,Μ01Μ,S98.0
8.0,Μ01Μ,S98.1
8.0,Μ01Μ,S98.2
8.0,Μ01Μ,S98.3
8.0,Μ01Μ,S98.4
8.0,Μ01Μ,S99
8.0,Μ01Μ,S99.7
8.0,Μ01Μ,S99.8
8.0,Μ01Μ,S99.9
8.0,Μ01Χ,M00
8.0,Μ01Χ,M00.0
8.0,Μ01Χ,M00.1
8.0,Μ01Χ,M00.2
8.0,Μ01Χ,M00.8
8.0,Μ01Χ,M00.9
8.0,Μ01Χ,M01*
8.0,Μ01Χ,M01.0*
8.0,Μ01Χ,M01.1*
8.0,Μ01Χ,M01.2*
8.0,Μ01Χ,M01.3*
8.0,Μ01Χ,M01.4*
8.0,Μ01Χ,M01.5*
8.0,Μ01Χ,M01.6*
8.0,Μ01Χ,M01.8*
8.0,Μ01Χ,M02
8.0,Μ01Χ,M02.0
8.0,Μ01Χ,M02.1
8.0,Μ01Χ,M02.2
8.0,Μ01Χ,M02.3
8.0,Μ01Χ,M02.8
8.0,Μ01Χ,M02.9
8.0,Μ01Χ,M03*
8.0,Μ01Χ,M03.0*
8.0,Μ01Χ,M03.1*
8.0,Μ01Χ,M03.2*
8.0,Μ01Χ,M03.6*
8.0,Μ01Χ,M05
8.0,Μ01Χ,M05.0
8.0,Μ01Χ,M05.1
8.0,Μ01Χ,M05.2
8.0,Μ01Χ,M05.3
8.0,Μ01Χ,M05.8
8.0,Μ01Χ,M05.9
8.0,Μ01Χ,M06
8.0,Μ01Χ,M06.0
8.0,Μ01Χ,M06.1
8.0,Μ01Χ,M06.2
8.0,Μ01Χ,M06.3
8.0,Μ01Χ,M06.4
8.0,Μ01Χ,M06.8
8.0,Μ01Χ,M06.9
8.0,Μ01Χ,M07*
8.0,Μ01Χ,M07.0*
8.0,Μ01Χ,M07.1*
8.0,Μ01Χ,M07.2*
8.0,Μ01Χ,M07.3*
8.0,Μ01Χ,M07.4*
8.0,Μ01Χ,M07.5*
8.0,Μ01Χ,M07.6*
8.0,Μ01Χ,M08
8.0,Μ01Χ,M08.0
8.0,Μ01Χ,M08.1
8.0,Μ01Χ,M08.2
8.0,Μ01Χ,M08.3
8.0,Μ01Χ,M08.4
8.0,Μ01Χ,M08.8
8.0,Μ01Χ,M08.9
8.0,Μ01Χ,M09*
8.0,Μ01Χ,M09.0*
8.0,Μ01Χ,M09.1*
8.0,Μ01Χ,M09.2*
8.0,Μ01Χ,M09.8*
8.0,Μ01Χ,M10
8.0,Μ01Χ,M10.0
8.0,Μ01Χ,M10.1
8.0,Μ01Χ,M10.2
8.0,Μ01Χ,M10.3
8.0,Μ01Χ,M10.4
8.0,Μ01Χ,M10.9
8.0,Μ01Χ,M11
8.0,Μ01Χ,M11.0
8.0,Μ01Χ,M11.1
8.0,Μ01Χ,M11.2
8.0,Μ01Χ,M11.8
8.0,Μ01Χ,M11.9
8.0,Μ01Χ,M12
8.0,Μ01Χ,M12.0
8.0,Μ01Χ,M12.1
8.0,Μ01Χ,M12.2
8.0,Μ01Χ,M12.3
8.0,Μ01Χ,M12.4
8.0,Μ01Χ,M12.5
8.0,Μ01Χ,M12.8
8.0,Μ01Χ,M13
8.0,Μ01Χ,M13.0
8.0,Μ01Χ,M13.1
8.0,Μ01Χ,M13.8
8.0,Μ01Χ,M13.9
8.0,Μ01Χ,M14*
8.0,Μ01Χ,M14.0*
8.0,Μ01Χ,M14.1*
8.0,Μ01Χ,M14.2*
8.0,Μ01Χ,M14.3*
8.0,Μ01Χ,M14.4*
8.0,Μ01Χ,M14.5*
8.0,Μ01Χ,M14.6*
8.0,Μ01Χ,M14.8*
8.0,Μ01Χ,M15
8.0,Μ01Χ,M15.0
8.0,Μ01Χ,M15.1
8.0,Μ01Χ,M15.2
8.0,Μ01Χ,M15.3
8.0,Μ01Χ,M15.4
8.0,Μ01Χ,M15.8
8.0,Μ01Χ,M15.9
8.0,Μ01Χ,M16
8.0,Μ01Χ,M16.0
8.0,Μ01Χ,M16.1
8.0,Μ01Χ,M16.2
8.0,Μ01Χ,M16.3
8.0,Μ01Χ,M16.4
8.0,Μ01Χ,M16.5
8.0,Μ01Χ,M16.6
8.0,Μ01Χ,M16.7
8.0,Μ01Χ,M16.9
8.0,Μ01Χ,M17
8.0,Μ01Χ,M17.0
8.0,Μ01Χ,M17.1
8.0,Μ01Χ,M17.2
8.0,Μ01Χ,M17.3
8.0,Μ01Χ,M17.4
8.0,Μ01Χ,M17.5
8.0,Μ01Χ,M17.9
8.0,Μ01Χ,M18
8.0,Μ01Χ,M18.0
8.0,Μ01Χ,M18.1
8.0,Μ01Χ,M18.2
8.0,Μ01Χ,M18.3
8.0,Μ01Χ,M18.4
8.0,Μ01Χ,M18.5
8.0,Μ01Χ,M18.9
8.0,Μ01Χ,M19
8.0,Μ01Χ,M19.0
8.0,Μ01Χ,M19.1
8.0,Μ01Χ,M19.2
8.0,Μ01Χ,M19.8
8.0,Μ01Χ,M19.9
8.0,Μ01Χ,M20
8.0,Μ01Χ,M20.0
8.0,Μ01Χ,M20.1
8.0,Μ01Χ,M20.2
8.0,Μ01Χ,M20.3
8.0,Μ01Χ,M20.4
8.0,Μ01Χ,M20.5
8.0,Μ01Χ,M20.6
8.0,Μ01Χ,M21
8.0,Μ01Χ,M21.0
8.0,Μ01Χ,M21.1
8.0,Μ01Χ,M21.2
8.0,Μ01Χ,M21.3
8.0,Μ01Χ,M21.4
8.0,Μ01Χ,M21.5
8.0,Μ01Χ,M21.6
8.0,Μ01Χ,M21.7
8.0,Μ01Χ,M21.8
8.0,Μ01Χ,M21.9
8.0,Μ01Χ,M22
8.0,Μ01Χ,M22.0
8.0,Μ01Χ,M22.1
8.0,Μ01Χ,M22.2
8.0,Μ01Χ,M22.3
8.0,Μ01Χ,M22.4
8.0,Μ01Χ,M22.8
8.0,Μ01Χ,M22.9
8.0,Μ01Χ,M23
8.0,Μ01Χ,M23.0
8.0,Μ01Χ,M23.1
8.0,Μ01Χ,M23.2
8.0,Μ01Χ,M23.3
8.0,Μ01Χ,M23.4
8.0,Μ01Χ,M23.5
8.0,Μ01Χ,M23.6
8.0,Μ01Χ,M23.8
8.0,Μ01Χ,M23.9
8.0,Μ01Χ,M24
8.0,Μ01Χ,M24.0
8.0,Μ01Χ,M24.1
8.0,Μ01Χ,M24.2
8.0,Μ01Χ,M24.4
8.0,Μ01Χ,M24.5
8.0,Μ01Χ,M24.6
8.0,Μ01Χ,M24.7
8.0,Μ01Χ,M24.8
8.0,Μ01Χ,M25
8.0,Μ01Χ,S90
8.0,Μ01Χ,S90.0
8.0,Μ01Χ,S90.1
8.0,Μ01Χ,S90.2
8.0,Μ01Χ,S90.3
8.0,Μ01Χ,S90.7
8.0,Μ01Χ,S90.8
8.0,Μ01Χ,S90.9
8.0,Μ01Χ,S91
8.0,Μ01Χ,S91.0
8.0,Μ01Χ,S91.1
8.0,Μ01Χ,S91.2
8.0,Μ01Χ,S91.3
8.0,Μ01Χ,S91.7
8.0,Μ01Χ,S92
8.0,Μ01Χ,S92.0
8.0,Μ01Χ,S92.1
8.0,Μ01Χ,S92.2
8.0,Μ01Χ,S92.3
8.0,Μ01Χ,S92.4
8.0,Μ01Χ,S92.5
8.0,Μ01Χ,S92.7
8.0,Μ01Χ,S92.9
8.0,Μ01Χ,S93
8.0,Μ01Χ,S93.0
8.0,Μ01Χ,S93.1
8.0,Μ01Χ,S93.2
8.0,Μ01Χ,S93.3
8.0,Μ01Χ,S93.4
8.0,Μ01Χ,S93.5
8.0,Μ01Χ,S93.6
8.0,Μ01Χ,S94
8.0,Μ01Χ,S94.0
8.0,Μ01Χ,S94.1
8.0,Μ01Χ,S94.2
8.0,Μ01Χ,S94.3
8.0,Μ01Χ,S94.7
8.0,Μ01Χ,S94.8
8.0,Μ01Χ,S94.9
8.0,Μ01Χ,S95
8.0,Μ01Χ,S95.0
8.0,Μ01Χ,S95.1
8.0,Μ01Χ,S95.2
8.0,Μ01Χ,S95.7
8.0,Μ01Χ,S95.8
8.0,Μ01Χ,S95.9
8.0,Μ01Χ,S96
8.0,Μ01Χ,S96.0
8.0,Μ01Χ,S96.1
8.0,Μ01Χ,S96.2
8.0,Μ01Χ,S96.7
8.0,Μ01Χ,S96.8
8.0,Μ01Χ,S96.9
8.0,Μ01Χ,S97
8.0,Μ01Χ,S97.0
8.0,Μ01Χ,S97.1
8.0,Μ01Χ,S97.8
8.0,Μ01Χ,S98
8.0,Μ01Χ,S98.0
8.0,Μ01Χ,S98.1
8.0,Μ01Χ,S98.2
8.0,Μ01Χ,S98.3
8.0,Μ01Χ,S98.4
8.0,Μ01Χ,S99
8.0,Μ01Χ,S99.7
8.0,Μ01Χ,S99.8
8.0,Μ01Χ,S99.9
8.0,Μ02Μ,S90
8.0,Μ02Μ,S90.0
8.0,Μ02Μ,S90.1
8.0,Μ02Μ,S90.2
8.0,Μ02Μ,S90.3
8.0,Μ02Μ,S90.7
8.0,Μ02Μ,S90.8
8.0,Μ02Μ,S90.9
8.0,Μ02Μ,S91
8.0,Μ02Μ,S91.0
8.0,Μ02Μ,S91.1
8.0,Μ02Μ,S91.2
8.0,Μ02Μ,S91.3
8.0,Μ02Μ,S91.7
8.0,Μ02Μ,S92
8.0,Μ02Μ,S92.0
8.0,Μ02Μ,S92.1
8.0,Μ02Μ,S92.2
8.0,Μ02Μ,S92.3
8.0,Μ02Μ,S92.4
8.0,Μ02Μ,S92.5
8.0,Μ02Μ,S92.7
8.0,Μ02Μ,S92.9
8.0,Μ02Μ,S93
8.0,Μ02Μ,S93.0
8.0,Μ02Μ,S93.1
8.0,Μ02Μ,S93.2
8.0,Μ02Μ,S93.3
8.0,Μ02Μ,S93.4
8.0,Μ02Μ,S93.5
8.0,Μ02Μ,S93.6
8.0,Μ02Μ,S94
8.0,Μ02Μ,S94.0
8.0,Μ02Μ,S94.1
8.0,Μ02Μ,S94.2
8.0,Μ02Μ,S94.3
8.0,Μ02Μ,S94.7
8.0,Μ02Μ,S94.8
8.0,Μ02Μ,S94.9
8.0,Μ02Μ,S95
8.0,Μ02Μ,S95.0
8.0,Μ02Μ,S95.1
8.0,Μ02Μ,S95.2
8.0,Μ02Μ,S95.7
8.0,Μ02Μ,S95.8
8.0,Μ02Μ,S95.9
8.0,Μ02Μ,S96
8.0,Μ02Μ,S96.0
8.0,Μ02Μ,S96.1
8.0,Μ02Μ,S96.2
8.0,Μ02Μ,S96.7
8.0,Μ02Μ,S96.8
8.0,Μ02Μ,S96.9
8.0,Μ02Μ,S97
8.0,Μ02Μ,S97.0
8.0,Μ02Μ,S97.1
8.0,Μ02Μ,S97.8
8.0,Μ02Μ,S98
8.0,Μ02Μ,S98.0
8.0,Μ02Μ,S98.1
8.0,Μ02Μ,S98.2
8.0,Μ02Μ,S98.3
8.0,Μ02Μ,S98.4
8.0,Μ02Μ,S99
8.0,Μ02Μ,S99.7
8.0,Μ02Μ,S99.8
8.0,Μ02Μ,S99.9
8.0,Μ02Μ,S80
8.0,Μ02Μ,S80.0
8.0,Μ02Μ,S80.1
8.0,Μ02Μ,S80.7
8.0,Μ02Μ,S80.8
8.0,Μ02Μ,S80.9
8.0,Μ02Μ,S81
8.0,Μ02Μ,S81.0
8.0,Μ02Μ,S81.7
8.0,Μ02Μ,S81.8
8.0,Μ02Μ,S81.9
8.0,Μ02Μ,S82
8.0,Μ02Μ,S82.0
8.0,Μ02Μ,S82.2
8.0,Μ02Μ,S82.3
8.0,Μ02Μ,S82.4
8.0,Μ02Μ,S82.5
8.0,Μ02Μ,S82.6
8.0,Μ02Μ,S82.7
8.0,Μ02Μ,S82.8
8.0,Μ02Μ,S82.9
8.0,Μ02Μ,S83
8.0,Μ02Μ,S83.0
8.0,Μ02Μ,S83.1
8.0,Μ02Μ,S83.2
8.0,Μ02Μ,S83.3
8.0,Μ02Μ,S83.4
8.0,Μ02Μ,S83.5
8.0,Μ02Μ,S83.6
8.0,Μ02Μ,S83.7
8.0,Μ02Μ,S84
8.0,Μ02Μ,S84.0
8.0,Μ02Μ,S84.1
8.0,Μ02Μ,S84.2
8.0,Μ02Μ,S84.7
8.0,Μ02Μ,S84.8
8.0,Μ02Μ,S84.9
8.0,Μ02Μ,S85
8.0,Μ02Μ,S85.0
8.0,Μ02Μ,S85.1
8.0,Μ02Μ,S85.2
8.0,Μ02Μ,S85.3
8.0,Μ02Μ,S85.4
8.0,Μ02Μ,S85.5
8.0,Μ02Μ,S85.7
8.0,Μ02Μ,S85.8
8.0,Μ02Μ,S85.9
8.0,Μ02Μ,S86
8.0,Μ02Μ,S86.0
8.0,Μ02Μ,S86.1
8.0,Μ02Μ,S86.2
8.0,Μ02Μ,S86.3
8.0,Μ02Μ,S86.7
8.0,Μ02Μ,S86.8
8.0,Μ02Μ,S86.9
8.0,Μ02Μ,S87
8.0,Μ02Μ,S87.0
8.0,Μ02Μ,S87.8
8.0,Μ02Μ,S88
8.0,Μ02Μ,S88.0
8.0,Μ02Μ,S88.1
8.0,Μ02Μ,S88.9
8.0,Μ02Μ,S89
8.0,Μ02Μ,S89.7
8.0,Μ02Μ,S89.8
8.0,Μ02Μ,S89.9
8.0,Μ02Μ,S41
8.0,Μ02Μ,S41.0
8.0,Μ02Μ,S41.1
8.0,Μ02Μ,S41.7
8.0,Μ02Μ,S41.8
8.0,Μ02Μ,S48
8.0,Μ02Μ,S48.0
8.0,Μ02Μ,S48.1
8.0,Μ02Μ,S48.9
8.0,Μ02Μ,S49
8.0,Μ02Μ,S49.7
8.0,Μ02Μ,S49.8
8.0,Μ02Μ,S49.9
8.0,Μ02Μ,S51
8.0,Μ02Μ,S51.0
8.0,Μ02Μ,S51.7
8.0,Μ02Μ,S51.8
8.0,Μ02Μ,S51.9
8.0,Μ02Μ,S58
8.0,Μ02Μ,S58.0
8.0,Μ02Μ,S58.1
8.0,Μ02Μ,S58.9
8.0,Μ02Μ,S59
8.0,Μ02Μ,S59.7
8.0,Μ02Μ,S59.8
8.0,Μ02Μ,S59.9
8.0,Μ02Μ,S71
8.0,Μ02Μ,S71.0
8.0,Μ02Μ,S71.1
8.0,Μ02Μ,S71.7
8.0,Μ02Μ,S71.8
8.0,Μ02Μ,S78
8.0,Μ02Μ,S78.0
8.0,Μ02Μ,S78.1
8.0,Μ02Μ,S78.9
8.0,Μ02Μ,S79
8.0,Μ02Μ,S79.7
8.0,Μ02Μ,S79.8
8.0,Μ02Μ,S79.9
8.0,Μ02Μ,T00
8.0,Μ02Μ,T00.0
8.0,Μ02Μ,T00.1
8.0,Μ02Μ,T00.2
8.0,Μ02Μ,T00.3
8.0,Μ02Μ,T00.6
8.0,Μ02Μ,T00.8
8.0,Μ02Μ,T00.9
8.0,Μ02Μ,T01
8.0,Μ02Μ,T01.0
8.0,Μ02Μ,T01.1
8.0,Μ02Μ,T01.2
8.0,Μ02Μ,T01.3
8.0,Μ02Μ,T01.6
8.0,Μ02Μ,T01.8
8.0,Μ02Μ,T01.9
8.0,Μ02Μ,T02
8.0,Μ02Μ,T02.0
8.0,Μ02Μ,T02.1
8.0,Μ02Μ,T02.2
8.0,Μ02Μ,T02.3
8.0,Μ02Μ,T02.4
8.0,Μ02Μ,T02.5
8.0,Μ02Μ,T02.6
8.0,Μ02Μ,T02.7
8.0,Μ02Μ,T02.8
8.0,Μ02Μ,T02.9
8.0,Μ02Μ,T03
8.0,Μ02Μ,T03.0
8.0,Μ02Μ,T03.1
8.0,Μ02Μ,T03.2
8.0,Μ02Μ,T03.3
8.0,Μ02Μ,T03.4
8.0,Μ02Μ,T03.8
8.0,Μ02Μ,T03.9
8.0,Μ02Μ,T04
8.0,Μ02Μ,T04.0
8.0,Μ02Μ,T04.1
8.0,Μ02Μ,T04.2
8.0,Μ02Μ,T04.3
8.0,Μ02Μ,T04.4
8.0,Μ02Μ,T04.7
8.0,Μ02Μ,T04.8
8.0,Μ02Μ,T04.9
8.0,Μ02Μ,T05
8.0,Μ02Μ,T05.0
8.0,Μ02Μ,T05.1
8.0,Μ02Μ,T05.2
8.0,Μ02Μ,T05.3
8.0,Μ02Μ,T05.4
8.0,Μ02Μ,T05.5
8.0,Μ02Μ,T05.6
8.0,Μ02Μ,T05.8
8.0,Μ02Μ,T05.9
8.0,Μ02Μ,T06
8.0,Μ02Μ,T06.0
8.0,Μ02Μ,T06.1
8.0,Μ02Μ,T06.2
8.0,Μ02Μ,T06.3
8.0,Μ02Μ,T06.4
8.0,Μ02Μ,T06.5
8.0,Μ02Μ,T06.8
8.0,Μ02Μ,T07
8.0,Μ02Μ,T08
8.0,Μ02Μ,T09
8.0,Μ02Μ,T09.0
8.0,Μ02Μ,T09.1
8.0,Μ02Μ,T09.2
8.0,Μ02Μ,T09.3
8.0,Μ02Μ,T09.4
8.0,Μ02Μ,T09.5
8.0,Μ02Μ,T09.6
8.0,Μ02Μ,T09.8
8.0,Μ02Μ,T09.9
8.0,Μ02Μ,T10
8.0,Μ02Μ,T11
8.0,Μ02Μ,T11.0
8.0,Μ02Μ,T11.1
8.0,Μ02Μ,T11.2
8.0,Μ02Μ,T11.3
8.0,Μ02Μ,T11.4
8.0,Μ02Μ,T11.5
8.0,Μ02Μ,T11.6
8.0,Μ02Μ,T11.8
8.0,Μ02Μ,T11.9
8.0,Μ02Μ,T12
8.0,Μ02Μ,T13
8.0,Μ02Μ,T13.0
8.0,Μ02Μ,T13.1
8.0,Μ02Μ,T13.2
8.0,Μ02Μ,T13.3
8.0,Μ02Μ,T13.4
8.0,Μ02Μ,T13.5
8.0,Μ02Μ,T13.6
8.0,Μ02Μ,T13.8
8.0,Μ02Μ,T13.9
8.0,Μ02Μ,T14
8.0,Μ02Μ,T14.1
8.0,Μ02Μ,T14.3
8.0,Μ02Μ,T14.4
8.0,Μ02Μ,T14.5
8.0,Μ02Μ,T14.7
8.0,Μ02Μ,T14.8
8.0,Μ02Μ,T14.9
8.0,Μ02Μ,T33
8.0,Μ02Μ,T33.0
8.0,Μ02Μ,T33.1
8.0,Μ02Μ,T33.2
8.0,Μ02Μ,T33.3
8.0,Μ02Μ,T33.4
8.0,Μ02Μ,T33.5
8.0,Μ02Μ,T33.6
8.0,Μ02Μ,T33.7
8.0,Μ02Μ,T33.8
8.0,Μ02Μ,T33.9
8.0,Μ02Μ,T34
8.0,Μ02Μ,T34.0
8.0,Μ02Μ,T34.1
8.0,Μ02Μ,T34.2
8.0,Μ02Μ,T34.3
8.0,Μ02Μ,T34.4
8.0,Μ02Μ,T34.5
8.0,Μ02Μ,T34.6
8.0,Μ02Μ,T34.7
8.0,Μ02Μ,T34.8
8.0,Μ02Μ,T34.9
8.0,Μ02Μ,T35
8.0,Μ02Μ,T35.0
8.0,Μ02Μ,T35.1
8.0,Μ02Μ,T35.2
8.0,Μ02Μ,T35.3
8.0,Μ02Μ,T35.4
8.0,Μ02Μ,T35.5
8.0,Μ02Μ,T35.6
8.0,Μ02Μ,T35.7
8.0,Μ02Χ,S41
8.0,Μ02Χ,S41.0
8.0,Μ02Χ,S41.1
8.0,Μ02Χ,S41.7
8.0,Μ02Χ,S41.8
8.0,Μ02Χ,S48
8.0,Μ02Χ,S48.0
8.0,Μ02Χ,S48.1
8.0,Μ02Χ,S48.9
8.0,Μ02Χ,S49
8.0,Μ02Χ,S49.7
8.0,Μ02Χ,S49.8
8.0,Μ02Χ,S49.9
8.0,Μ02Χ,S51
8.0,Μ02Χ,S51.0
8.0,Μ02Χ,S51.7
8.0,Μ02Χ,S51.8
8.0,Μ02Χ,S51.9
8.0,Μ02Χ,S58
8.0,Μ02Χ,S58.0
8.0,Μ02Χ,S58.1
8.0,Μ02Χ,S58.9
8.0,Μ02Χ,S59
8.0,Μ02Χ,S59.7
8.0,Μ02Χ,S59.8
8.0,Μ02Χ,S59.9
8.0,Μ02Χ,S71
8.0,Μ02Χ,S71.0
8.0,Μ02Χ,S71.1
8.0,Μ02Χ,S71.7
8.0,Μ02Χ,S71.8
8.0,Μ02Χ,S78
8.0,Μ02Χ,S78.0
8.0,Μ02Χ,S78.1
8.0,Μ02Χ,S78.9
8.0,Μ02Χ,S79
8.0,Μ02Χ,S79.7
8.0,Μ02Χ,S79.8
8.0,Μ02Χ,S79.9
8.0,Μ02Χ,S80
8.0,Μ02Χ,S80.0
8.0,Μ02Χ,S80.1
8.0,Μ02Χ,S80.7
8.0,Μ02Χ,S80.8
8.0,Μ02Χ,S80.9
8.0,Μ02Χ,S81
8.0,Μ02Χ,S81.0
8.0,Μ02Χ,S81.7
8.0,Μ02Χ,S81.8
8.0,Μ02Χ,S81.9
8.0,Μ02Χ,S82
8.0,Μ02Χ,S82.0
8.0,Μ02Χ,S82.2
8.0,Μ02Χ,S82.3
8.0,Μ02Χ,S82.4
8.0,Μ02Χ,S82.5
8.0,Μ02Χ,S82.6
8.0,Μ02Χ,S82.7
8.0,Μ02Χ,S82.8
8.0,Μ02Χ,S82.9
8.0,Μ02Χ,S83
8.0,Μ02Χ,S83.0
8.0,Μ02Χ,S83.1
8.0,Μ02Χ,S83.2
8.0,Μ02Χ,S83.3
8.0,Μ02Χ,S83.4
8.0,Μ02Χ,S83.5
8.0,Μ02Χ,S83.6
8.0,Μ02Χ,S83.7
8.0,Μ02Χ,S84
8.0,Μ02Χ,S84.0
8.0,Μ02Χ,S84.1
8.0,Μ02Χ,S84.2
8.0,Μ02Χ,S84.7
8.0,Μ02Χ,S84.8
8.0,Μ02Χ,S84.9
8.0,Μ02Χ,S85
8.0,Μ02Χ,S85.0
8.0,Μ02Χ,S85.1
8.0,Μ02Χ,S85.2
8.0,Μ02Χ,S85.3
8.0,Μ02Χ,S85.4
8.0,Μ02Χ,S85.5
8.0,Μ02Χ,S85.7
8.0,Μ02Χ,S85.8
8.0,Μ02Χ,S85.9
8.0,Μ02Χ,S86
8.0,Μ02Χ,S86.0
8.0,Μ02Χ,S86.1
8.0,Μ02Χ,S86.2
8.0,Μ02Χ,S86.3
8.0,Μ02Χ,S86.7
8.0,Μ02Χ,S86.8
8.0,Μ02Χ,S86.9
8.0,Μ02Χ,S87
8.0,Μ02Χ,S87.0
8.0,Μ02Χ,S87.8
8.0,Μ02Χ,S88
8.0,Μ02Χ,S88.0
8.0,Μ02Χ,S88.1
8.0,Μ02Χ,S88.9
8.0,Μ02Χ,S89
8.0,Μ02Χ,S89.7
8.0,Μ02Χ,S89.8
8.0,Μ02Χ,S89.9
8.0,Μ02Χ,S90
8.0,Μ02Χ,S90.0
8.0,Μ02Χ,S90.1
8.0,Μ02Χ,S90.2
8.0,Μ02Χ,S90.3
8.0,Μ02Χ,S90.7
8.0,Μ02Χ,S90.8
8.0,Μ02Χ,S90.9
8.0,Μ02Χ,S91
8.0,Μ02Χ,S91.0
8.0,Μ02Χ,S91.1
8.0,Μ02Χ,S91.2
8.0,Μ02Χ,S91.3
8.0,Μ02Χ,S91.7
8.0,Μ02Χ,S92
8.0,Μ02Χ,S92.0
8.0,Μ02Χ,S92.1
8.0,Μ02Χ,S92.2
8.0,Μ02Χ,S92.3
8.0,Μ02Χ,S92.4
8.0,Μ02Χ,S92.5
8.0,Μ02Χ,S92.7
8.0,Μ02Χ,S92.9
8.0,Μ02Χ,S93
8.0,Μ02Χ,S93.0
8.0,Μ02Χ,S93.1
8.0,Μ02Χ,S93.2
8.0,Μ02Χ,S93.3
8.0,Μ02Χ,S93.4
8.0,Μ02Χ,S93.5
8.0,Μ02Χ,S93.6
8.0,Μ02Χ,S94
8.0,Μ02Χ,S94.0
8.0,Μ02Χ,S94.1
8.0,Μ02Χ,S94.2
8.0,Μ02Χ,S94.3
8.0,Μ02Χ,S94.7
8.0,Μ02Χ,S94.8
8.0,Μ02Χ,S94.9
8.0,Μ02Χ,S95
8.0,Μ02Χ,S95.0
8.0,Μ02Χ,S95.1
8.0,Μ02Χ,S95.2
8.0,Μ02Χ,S95.7
8.0,Μ02Χ,S95.8
8.0,Μ02Χ,S95.9
8.0,Μ02Χ,S96
8.0,Μ02Χ,S96.0
8.0,Μ02Χ,S96.1
8.0,Μ02Χ,S96.2
8.0,Μ02Χ,S96.7
8.0,Μ02Χ,S96.8
8.0,Μ02Χ,S96.9
8.0,Μ02Χ,S97
8.0,Μ02Χ,S97.0
8.0,Μ02Χ,S97.1
8.0,Μ02Χ,S97.8
8.0,Μ02Χ,S98
8.0,Μ02Χ,S98.0
8.0,Μ02Χ,S98.1
8.0,Μ02Χ,S98.2
8.0,Μ02Χ,S98.3
8.0,Μ02Χ,S98.4
8.0,Μ02Χ,S99
8.0,Μ02Χ,S99.7
8.0,Μ02Χ,S99.8
8.0,Μ02Χ,S99.9
8.0,Μ02Χ,T00
8.0,Μ02Χ,T00.0
8.0,Μ02Χ,T00.1
8.0,Μ02Χ,T00.2
8.0,Μ02Χ,T00.3
8.0,Μ02Χ,T00.6
8.0,Μ02Χ,T00.8
8.0,Μ02Χ,T00.9
8.0,Μ02Χ,T01
8.0,Μ02Χ,T01.0
8.0,Μ02Χ,T01.1
8.0,Μ02Χ,T01.2
8.0,Μ02Χ,T01.3
8.0,Μ02Χ,T01.6
8.0,Μ02Χ,T01.8
8.0,Μ02Χ,T01.9
8.0,Μ02Χ,T02
8.0,Μ02Χ,T02.0
8.0,Μ02Χ,T02.1
8.0,Μ02Χ,T02.2
8.0,Μ02Χ,T02.3
8.0,Μ02Χ,T02.4
8.0,Μ02Χ,T02.5
8.0,Μ02Χ,T02.6
8.0,Μ02Χ,T02.7
8.0,Μ02Χ,T02.8
8.0,Μ02Χ,T02.9
8.0,Μ02Χ,T03
8.0,Μ02Χ,T03.0
8.0,Μ02Χ,T03.1
8.0,Μ02Χ,T03.2
8.0,Μ02Χ,T03.3
8.0,Μ02Χ,T03.4
8.0,Μ02Χ,T03.8
8.0,Μ02Χ,T03.9
8.0,Μ02Χ,T04
8.0,Μ02Χ,T04.0
8.0,Μ02Χ,T04.1
8.0,Μ02Χ,T04.2
8.0,Μ02Χ,T04.3
8.0,Μ02Χ,T04.4
8.0,Μ02Χ,T04.7
8.0,Μ02Χ,T04.8
8.0,Μ02Χ,T04.9
8.0,Μ02Χ,T05
8.0,Μ02Χ,T05.0
8.0,Μ02Χ,T05.1
8.0,Μ02Χ,T05.2
8.0,Μ02Χ,T05.3
8.0,Μ02Χ,T05.4
8.0,Μ02Χ,T05.5
8.0,Μ02Χ,T05.6
8.0,Μ02Χ,T05.8
8.0,Μ02Χ,T05.9
8.0,Μ02Χ,T06
8.0,Μ02Χ,T06.0
8.0,Μ02Χ,T06.1
8.0,Μ02Χ,T06.2
8.0,Μ02Χ,T06.3
8.0,Μ02Χ,T06.4
8.0,Μ02Χ,T06.5
8.0,Μ02Χ,T06.8
8.0,Μ02Χ,T07
8.0,Μ02Χ,T08
8.0,Μ02Χ,T09
8.0,Μ02Χ,T09.0
8.0,Μ02Χ,T09.1
8.0,Μ02Χ,T09.2
8.0,Μ02Χ,T09.3
8.0,Μ02Χ,T09.4
8.0,Μ02Χ,T09.5
8.0,Μ02Χ,T09.6
8.0,Μ02Χ,T09.8
8.0,Μ02Χ,T09.9
8.0,Μ02Χ,T10
8.0,Μ02Χ,T11
8.0,Μ02Χ,T11.0
8.0,Μ02Χ,T11.1
8.0,Μ02Χ,T11.2
8.0,Μ02Χ,T11.3
8.0,Μ02Χ,T11.4
8.0,Μ02Χ,T11.5
8.0,Μ02Χ,T11.6
8.0,Μ02Χ,T11.8
8.0,Μ02Χ,T11.9
8.0,Μ02Χ,T12
8.0,Μ02Χ,T13
8.0,Μ02Χ,T13.0
8.0,Μ02Χ,T13.1
8.0,Μ02Χ,T13.2
8.0,Μ02Χ,T13.3
8.0,Μ02Χ,T13.4
8.0,Μ02Χ,T13.5
8.0,Μ02Χ,T13.6
8.0,Μ02Χ,T13.8
8.0,Μ02Χ,T13.9
8.0,Μ02Χ,T14
8.0,Μ02Χ,T14.1
8.0,Μ02Χ,T14.3
8.0,Μ02Χ,T14.4
8.0,Μ02Χ,T14.5
8.0,Μ02Χ,T14.7
8.0,Μ02Χ,T14.8
8.0,Μ02Χ,T14.9
8.0,Μ02Χ,T33
8.0,Μ02Χ,T33.0
8.0,Μ02Χ,T33.1
8.0,Μ02Χ,T33.2
8.0,Μ02Χ,T33.3
8.0,Μ02Χ,T33.4
8.0,Μ02Χ,T33.5
8.0,Μ02Χ,T33.6
8.0,Μ02Χ,T33.7
8.0,Μ02Χ,T33.8
8.0,Μ02Χ,T33.9
8.0,Μ02Χ,T34
8.0,Μ02Χ,T34.0
8.0,Μ02Χ,T34.1
8.0,Μ02Χ,T34.2
8.0,Μ02Χ,T34.3
8.0,Μ02Χ,T34.4
8.0,Μ02Χ,T34.5
8.0,Μ02Χ,T34.6
8.0,Μ02Χ,T34.7
8.0,Μ02Χ,T34.8
8.0,Μ02Χ,T34.9
8.0,Μ02Χ,T35
8.0,Μ02Χ,T35.0
8.0,Μ02Χ,T35.1
8.0,Μ02Χ,T35.2
8.0,Μ02Χ,T35.3
8.0,Μ02Χ,T35.4
8.0,Μ02Χ,T35.5
8.0,Μ02Χ,T35.6
8.0,Μ02Χ,T35.7
8.0,Μ03Μ,Q65.9
8.0,Μ03Μ,Q74
8.0,Μ03Μ,Q74.1
8.0,Μ03Μ,Q74.3
8.0,Μ03Μ,Q74.8
8.0,Μ03Μ,Q74.9
8.0,Μ03Μ,S32.4
8.0,Μ03Μ,C40
8.0,Μ03Μ,C40.8
8.0,Μ03Μ,C41
8.0,Μ03Μ,C41.9
8.0,Μ03Μ,C41.8
8.0,Μ03Μ,C79.5
8.0,Μ03Μ,D03.5
8.0,Μ03Μ,M02.3
8.0,Μ03Μ,M03*
8.0,Μ03Μ,M03.6*
8.0,Μ03Μ,M05
8.0,Μ03Μ,M05.8
8.0,Μ03Μ,M05.9
8.0,Μ03Μ,M05.3
8.0,Μ03Μ,M06
8.0,Μ03Μ,M06.0
8.0,Μ03Μ,M06.1
8.0,Μ03Μ,M06.2
8.0,Μ03Μ,M06.3
8.0,Μ03Μ,M06.4
8.0,Μ03Μ,M06.8
8.0,Μ03Μ,M06.9
8.0,Μ03Μ,M07.3*
8.0,Μ03Μ,M11
8.0,Μ03Μ,M11.0
8.0,Μ03Μ,M11.1
8.0,Μ03Μ,M11.2
8.0,Μ03Μ,M11.8
8.0,Μ03Μ,M11.9
8.0,Μ03Μ,M12.2
8.0,Μ03Μ,M12
8.0,Μ03Μ,M12.8
8.0,Μ03Μ,M13
8.0,Μ03Μ,M13.0
8.0,Μ03Μ,M13.1
8.0,Μ03Μ,M13.8
8.0,Μ03Μ,M13.9
8.0,Μ03Μ,M14.6*
8.0,Μ03Μ,M14*
8.0,Μ03Μ,M15
8.0,Μ03Μ,M15.0
8.0,Μ03Μ,M15.1
8.0,Μ03Μ,M15.2
8.0,Μ03Μ,M15.3
8.0,Μ03Μ,M15.4
8.0,Μ03Μ,M15.9
8.0,Μ03Μ,M15.8
8.0,Μ03Μ,M16
8.0,Μ03Μ,M16.0
8.0,Μ03Μ,M16.1
8.0,Μ03Μ,M16.2
8.0,Μ03Μ,M16.3
8.0,Μ03Μ,M16.4
8.0,Μ03Μ,M16.5
8.0,Μ03Μ,M16.6
8.0,Μ03Μ,M16.7
8.0,Μ03Μ,M16.9
8.0,Μ03Μ,M19
8.0,Μ03Μ,M19.0
8.0,Μ03Μ,M19.1
8.0,Μ03Μ,M19.2
8.0,Μ03Μ,M19.8
8.0,Μ03Μ,M19.9
8.0,Μ03Μ,M24
8.0,Μ03Μ,M24.8
8.0,Μ03Μ,M24.1
8.0,Μ03Μ,M25
8.0,Μ03Μ,M32
8.0,Μ03Μ,M32.8
8.0,Μ03Μ,M84
8.0,Μ03Μ,M84.0
8.0,Μ03Μ,M84.8
8.0,Μ03Μ,M87
8.0,Μ03Μ,M87.0
8.0,Μ03Μ,M87.1
8.0,Μ03Μ,M87.2
8.0,Μ03Μ,M87.3
8.0,Μ03Μ,M87.8
8.0,Μ03Μ,M87.9
8.0,Μ03Χ,C40
8.0,Μ03Χ,C40.8
8.0,Μ03Χ,C41
8.0,Μ03Χ,C41.8
8.0,Μ03Χ,C41.9
8.0,Μ03Χ,C79.5
8.0,Μ03Χ,D03.5
8.0,Μ03Χ,M02.3
8.0,Μ03Χ,M03*
8.0,Μ03Χ,M03.6*
8.0,Μ03Χ,M05
8.0,Μ03Χ,M05.3
8.0,Μ03Χ,M05.8
8.0,Μ03Χ,M05.9
8.0,Μ03Χ,M06
8.0,Μ03Χ,M06.0
8.0,Μ03Χ,M06.1
8.0,Μ03Χ,M06.2
8.0,Μ03Χ,M06.3
8.0,Μ03Χ,M06.4
8.0,Μ03Χ,M06.8
8.0,Μ03Χ,M06.9
8.0,Μ03Χ,M07.3*
8.0,Μ03Χ,M11
8.0,Μ03Χ,M11.0
8.0,Μ03Χ,M11.1
8.0,Μ03Χ,M11.2
8.0,Μ03Χ,M11.8
8.0,Μ03Χ,M11.9
8.0,Μ03Χ,M12
8.0,Μ03Χ,M12.2
8.0,Μ03Χ,M12.8
8.0,Μ03Χ,M13
8.0,Μ03Χ,M13.0
8.0,Μ03Χ,M13.1
8.0,Μ03Χ,M13.8
8.0,Μ03Χ,M13.9
8.0,Μ03Χ,M14*
8.0,Μ03Χ,M14.6*
8.0,Μ03Χ,M15
8.0,Μ03Χ,M15.0
8.0,Μ03Χ,M15.1
8.0,Μ03Χ,M15.2
8.0,Μ03Χ,M15.3
8.0,Μ03Χ,M15.4
8.0,Μ03Χ,M15.8
8.0,Μ03Χ,M15.9
8.0,Μ03Χ,M16
8.0,Μ03Χ,M16.0
8.0,Μ03Χ,M16.1
8.0,Μ03Χ,M16.2
8.0,Μ03Χ,M16.3
8.0,Μ03Χ,M16.4
8.0,Μ03Χ,M16.5
8.0,Μ03Χ,M16.6
8.0,Μ03Χ,M16.7
8.0,Μ03Χ,M16.9
8.0,Μ03Χ,M19
8.0,Μ03Χ,M19.0
8.0,Μ03Χ,M19.1
8.0,Μ03Χ,M19.2
8.0,Μ03Χ,M19.8
8.0,Μ03Χ,M19.9
8.0,Μ03Χ,M24
8.0,Μ03Χ,M24.1
8.0,Μ03Χ,M24.8
8.0,Μ03Χ,M25
8.0,Μ03Χ,M32
8.0,Μ03Χ,M32.8
8.0,Μ03Χ,M84
8.0,Μ03Χ,M84.0
8.0,Μ03Χ,M84.8
8.0,Μ03Χ,M87
8.0,Μ03Χ,M87.0
8.0,Μ03Χ,M87.1
8.0,Μ03Χ,M87.2
8.0,Μ03Χ,M87.3
8.0,Μ03Χ,M87.8
8.0,Μ03Χ,M87.9
8.0,Μ03Χ,Q65.9
8.0,Μ03Χ,Q74
8.0,Μ03Χ,Q74.1
8.0,Μ03Χ,Q74.3
8.0,Μ03Χ,Q74.8
8.0,Μ03Χ,Q74.9
8.0,Μ03Χ,S32.4
8.0,Μ04Μ,C40
8.0,Μ04Μ,C40.8
8.0,Μ04Μ,C41
8.0,Μ04Μ,C41.8
8.0,Μ04Μ,C41.9
8.0,Μ04Μ,C79.5
8.0,Μ04Μ,M03*
8.0,Μ04Μ,M03.6*
8.0,Μ04Μ,M05
8.0,Μ04Μ,M05.3
8.0,Μ04Μ,M05.8
8.0,Μ04Μ,M05.9
8.0,Μ04Μ,M06
8.0,Μ04Μ,M06.0
8.0,Μ04Μ,M06.1
8.0,Μ04Μ,M06.2
8.0,Μ04Μ,M06.3
8.0,Μ04Μ,M06.4
8.0,Μ04Μ,M06.8
8.0,Μ04Μ,M06.9
8.0,Μ04Μ,M07.3*
8.0,Μ04Μ,M11
8.0,Μ04Μ,M11.0
8.0,Μ04Μ,M11.1
8.0,Μ04Μ,M11.2
8.0,Μ04Μ,M11.8
8.0,Μ04Μ,M11.9
8.0,Μ04Μ,M12
8.0,Μ04Μ,M12.2
8.0,Μ04Μ,M12.8
8.0,Μ04Μ,M13
8.0,Μ04Μ,M13.0
8.0,Μ04Μ,M13.1
8.0,Μ04Μ,M13.8
8.0,Μ04Μ,M13.9
8.0,Μ04Μ,M14*
8.0,Μ04Μ,M14.6*
8.0,Μ04Μ,M15
8.0,Μ04Μ,M15.0
8.0,Μ04Μ,M15.1
8.0,Μ04Μ,M15.2
8.0,Μ04Μ,M15.3
8.0,Μ04Μ,M15.4
8.0,Μ04Μ,M15.8
8.0,Μ04Μ,M15.9
8.0,Μ04Μ,M16
8.0,Μ04Μ,M16.0
8.0,Μ04Μ,M16.1
8.0,Μ04Μ,M16.2
8.0,Μ04Μ,M16.3
8.0,Μ04Μ,M16.4
8.0,Μ04Μ,M16.5
8.0,Μ04Μ,M16.6
8.0,Μ04Μ,M16.7
8.0,Μ04Μ,M16.9
8.0,Μ04Μ,M19
8.0,Μ04Μ,M19.0
8.0,Μ04Μ,M19.1
8.0,Μ04Μ,M19.2
8.0,Μ04Μ,M19.8
8.0,Μ04Μ,M19.9
8.0,Μ04Μ,M24
8.0,Μ04Μ,M24.1
8.0,Μ04Μ,M24.8
8.0,Μ04Μ,M25
8.0,Μ04Μ,M32
8.0,Μ04Μ,M32.8
8.0,Μ04Μ,M84
8.0,Μ04Μ,M84.0
8.0,Μ04Μ,M84.8
8.0,Μ04Μ,M87
8.0,Μ04Μ,M87.0
8.0,Μ04Μ,M87.1
8.0,Μ04Μ,M87.2
8.0,Μ04Μ,M87.3
8.0,Μ04Μ,M87.8
8.0,Μ04Μ,M87.9
8.0,Μ04Μ,Q74
8.0,Μ04Μ,Q74.1
8.0,Μ04Μ,Q74.3
8.0,Μ04Μ,Q74.8
8.0,Μ04Μ,Q74.9
8.0,Μ04Μ,S68.2
8.0,Μ04Μ,S82
8.0,Μ04Μ,S82.3
8.0,Μ04Μ,M02.3
8.0,Μ04Μ,M17
8.0,Μ04Μ,M17.0
8.0,Μ04Μ,M17.1
8.0,Μ04Μ,M17.2
8.0,Μ04Μ,M17.3
8.0,Μ04Μ,M17.4
8.0,Μ04Μ,M17.5
8.0,Μ04Μ,M17.9
8.0,Μ04Μ,M21
8.0,Μ04Μ,M80.5
8.0,Μ04Μ,M81.0
8.0,Μ04Μ,M88.8
8.0,Μ04Μ,M89
8.0,Μ04Μ,M89.2
8.0,Μ04Μ,M89.6
8.0,Μ04Μ,M89.9
8.0,Μ04Μ,M90*
8.0,Μ04Μ,M90.3*
8.0,Μ04Μ,M90.4*
8.0,Μ04Μ,M90.5*
8.0,Μ04Μ,M90.6*
8.0,Μ04Μ,M90.7*
8.0,Μ04Μ,M90.8*
8.0,Μ04Μ,M93
8.0,Μ04Μ,M93.8
8.0,Μ04Μ,M94.8
8.0,Μ04Μ,M95
8.0,Μ04Μ,M99
8.0,Μ04Χ,C40
8.0,Μ04Χ,C40.8
8.0,Μ04Χ,C41
8.0,Μ04Χ,C41.8
8.0,Μ04Χ,C41.9
8.0,Μ04Χ,C79.5
8.0,Μ04Χ,M02.3
8.0,Μ04Χ,M03*
8.0,Μ04Χ,M03.6*
8.0,Μ04Χ,M05
8.0,Μ04Χ,M05.3
8.0,Μ04Χ,M05.8
8.0,Μ04Χ,M05.9
8.0,Μ04Χ,M06
8.0,Μ04Χ,M06.0
8.0,Μ04Χ,M06.1
8.0,Μ04Χ,M06.2
8.0,Μ04Χ,M06.3
8.0,Μ04Χ,M06.4
8.0,Μ04Χ,M06.8
8.0,Μ04Χ,M06.9
8.0,Μ04Χ,M07.3*
8.0,Μ04Χ,M11
8.0,Μ04Χ,M11.0
8.0,Μ04Χ,M11.1
8.0,Μ04Χ,M11.2
8.0,Μ04Χ,M11.8
8.0,Μ04Χ,M11.9
8.0,Μ04Χ,M12
8.0,Μ04Χ,M12.2
8.0,Μ04Χ,M12.8
8.0,Μ04Χ,M13
8.0,Μ04Χ,M13.0
8.0,Μ04Χ,M13.1
8.0,Μ04Χ,M13.8
8.0,Μ04Χ,M13.9
8.0,Μ04Χ,M14*
8.0,Μ04Χ,M14.6*
8.0,Μ04Χ,M15
8.0,Μ04Χ,M15.0
8.0,Μ04Χ,M15.1
8.0,Μ04Χ,M15.2
8.0,Μ04Χ,M15.3
8.0,Μ04Χ,M15.4
8.0,Μ04Χ,M15.8
8.0,Μ04Χ,M15.9
8.0,Μ04Χ,M16
8.0,Μ04Χ,M16.0
8.0,Μ04Χ,M16.1
8.0,Μ04Χ,M16.2
8.0,Μ04Χ,M16.3
8.0,Μ04Χ,M16.4
8.0,Μ04Χ,M16.5
8.0,Μ04Χ,M16.6
8.0,Μ04Χ,M16.7
8.0,Μ04Χ,M16.9
8.0,Μ04Χ,M17
8.0,Μ04Χ,M17.0
8.0,Μ04Χ,M17.1
8.0,Μ04Χ,M17.2
8.0,Μ04Χ,M17.3
8.0,Μ04Χ,M17.4
8.0,Μ04Χ,M17.5
8.0,Μ04Χ,M17.9
8.0,Μ04Χ,M19
8.0,Μ04Χ,M19.0
8.0,Μ04Χ,M19.1
8.0,Μ04Χ,M19.2
8.0,Μ04Χ,M19.8
8.0,Μ04Χ,M19.9
8.0,Μ04Χ,M21
8.0,Μ04Χ,M24
8.0,Μ04Χ,M24.1
8.0,Μ04Χ,M24.8
8.0,Μ04Χ,M25
8.0,Μ04Χ,M32
8.0,Μ04Χ,M32.8
8.0,Μ04Χ,M80.5
8.0,Μ04Χ,M81.0
8.0,Μ04Χ,M84
8.0,Μ04Χ,M84.0
8.0,Μ04Χ,M84.8
8.0,Μ04Χ,M87
8.0,Μ04Χ,M87.0
8.0,Μ04Χ,M87.1
8.0,Μ04Χ,M87.2
8.0,Μ04Χ,M87.3
8.0,Μ04Χ,M87.8
8.0,Μ04Χ,M87.9
8.0,Μ04Χ,M88.8
8.0,Μ04Χ,M89
8.0,Μ04Χ,M89.2
8.0,Μ04Χ,M89.6
8.0,Μ04Χ,M89.9
8.0,Μ04Χ,M90*
8.0,Μ04Χ,M90.3*
8.0,Μ04Χ,M90.4*
8.0,Μ04Χ,M90.5*
8.0,Μ04Χ,M90.6*
8.0,Μ04Χ,M90.7*
8.0,Μ04Χ,M90.8*
8.0,Μ04Χ,M93
8.0,Μ04Χ,M93.8
8.0,Μ04Χ,M94.8
8.0,Μ04Χ,M95
8.0,Μ04Χ,M99
8.0,Μ04Χ,Q74
8.0,Μ04Χ,Q74.1
8.0,Μ04Χ,Q74.3
8.0,Μ04Χ,Q74.8
8.0,Μ04Χ,Q74.9
8.0,Μ04Χ,S68.2
8.0,Μ04Χ,S82
8.0,Μ04Χ,S82.3
8.0,Μ06Α,M40
8.0,Μ06Α,M40.0
8.0,Μ06Α,M40.1
8.0,Μ06Α,M40.2
8.0,Μ06Α,M40.3
8.0,Μ06Α,M40.4
8.0,Μ06Α,M40.5
8.0,Μ06Α,M41
8.0,Μ06Α,M41.0
8.0,Μ06Α,M41.1
8.0,Μ06Α,M41.2
8.0,Μ06Α,M41.3
8.0,Μ06Α,M41.4
8.0,Μ06Α,M41.5
8.0,Μ06Α,M41.8
8.0,Μ06Α,M41.9
8.0,Μ06Α,M42
8.0,Μ06Α,M42.0
8.0,Μ06Α,M42.1
8.0,Μ06Α,M45
8.0,Μ06Α,M46
8.0,Μ06Α,M46.0
8.0,Μ06Α,M46.1
8.0,Μ06Α,M46.2
8.0,Μ06Α,M46.3
8.0,Μ06Α,M46.4
8.0,Μ06Α,M46.5
8.0,Μ06Α,M46.8
8.0,Μ06Α,M46.9
8.0,Μ06Α,M47
8.0,Μ06Α,M47.0
8.0,Μ06Α,M47.1
8.0,Μ06Α,M47.2
8.0,Μ06Α,M47.8
8.0,Μ06Α,M47.9
8.0,Μ06Α,M48
8.0,Μ06Α,M48.0
8.0,Μ06Α,M48.1
8.0,Μ06Α,M48.2
8.0,Μ06Α,M48.3
8.0,Μ06Α,M48.4
8.0,Μ06Α,M48.5
8.0,Μ06Α,M48.8
8.0,Μ06Α,M48.9
8.0,Μ06Α,M49*
8.0,Μ06Α,M49.0*
8.0,Μ06Α,M49.1*
8.0,Μ06Α,M49.2*
8.0,Μ06Α,M49.3*
8.0,Μ06Α,M49.4*
8.0,Μ06Α,M49.5*
8.0,Μ06Α,M49.8*
8.0,Μ06Α,M50
8.0,Μ06Α,M50.0
8.0,Μ06Α,M50.1
8.0,Μ06Α,M50.2
8.0,Μ06Α,M50.3
8.0,Μ06Α,M50.8
8.0,Μ06Α,M50.9
8.0,Μ06Α,M51
8.0,Μ06Α,M51.0
8.0,Μ06Α,M51.1
8.0,Μ06Α,M51.2
8.0,Μ06Α,M51.3
8.0,Μ06Α,M51.4
8.0,Μ06Α,M51.8
8.0,Μ06Α,M51.9
8.0,Μ06Α,M53
8.0,Μ06Α,M53.0
8.0,Μ06Α,M53.1
8.0,Μ06Α,M53.2
8.0,Μ06Α,M53.3
8.0,Μ06Α,M53.8
8.0,Μ06Α,M54
8.0,Μ06Α,M54.0
8.0,Μ06Α,M54.1
8.0,Μ06Α,M54.2
8.0,Μ06Α,M54.3
8.0,Μ06Α,M54.4
8.0,Μ06Α,M54.5
8.0,Μ06Α,M54.6
8.0,Μ06Α,M54.8
8.0,Μ06Α,M54.9
8.0,Μ06Α,C41
8.0,Μ06Α,C41.2
8.0,Μ06Α,S10
8.0,Μ06Α,S10.0
8.0,Μ06Α,S10.1
8.0,Μ06Α,S10.7
8.0,Μ06Α,S10.8
8.0,Μ06Α,S10.9
8.0,Μ06Α,S11
8.0,Μ06Α,S12
8.0,Μ06Α,S12.0
8.0,Μ06Α,S12.1
8.0,Μ06Α,S12.2
8.0,Μ06Α,S12.7
8.0,Μ06Α,S12.8
8.0,Μ06Α,S12.9
8.0,Μ06Α,S13
8.0,Μ06Α,S13.0
8.0,Μ06Α,S13.1
8.0,Μ06Α,S13.2
8.0,Μ06Α,S13.3
8.0,Μ06Α,S13.4
8.0,Μ06Α,S13.5
8.0,Μ06Α,S13.6
8.0,Μ06Α,S14
8.0,Μ06Α,S14.0
8.0,Μ06Α,S14.1
8.0,Μ06Α,S14.2
8.0,Μ06Α,S14.3
8.0,Μ06Α,S14.4
8.0,Μ06Α,S14.5
8.0,Μ06Α,S14.6
8.0,Μ06Α,S16
8.0,Μ06Α,S17
8.0,Μ06Α,S18
8.0,Μ06Α,S19
8.0,Μ06Α,S20
8.0,Μ06Α,S21
8.0,Μ06Α,S22
8.0,Μ06Α,S22.8
8.0,Μ06Α,S23
8.0,Μ06Α,S23.3
8.0,Μ06Α,S23.4
8.0,Μ06Α,S23.5
8.0,Μ06Α,S23.1
8.0,Μ06Α,S23.0
8.0,Μ06Α,S24
8.0,Μ06Α,S24.0
8.0,Μ06Α,S24.1
8.0,Μ06Α,S24.2
8.0,Μ06Α,S24.3
8.0,Μ06Α,S24.4
8.0,Μ06Α,S24.5
8.0,Μ06Α,S24.6
8.0,Μ06Α,S28
8.0,Μ06Α,S28.0
8.0,Μ06Α,S28.1
8.0,Μ06Α,S29
8.0,Μ06Α,S29.9
8.0,Μ06Α,S30
8.0,Μ06Α,S31
8.0,Μ06Α,S31.8
8.0,Μ06Α,S32
8.0,Μ06Α,S33
8.0,Μ06Α,S33.0
8.0,Μ06Α,S33.1
8.0,Μ06Α,S33.2
8.0,Μ06Α,S33.3
8.0,Μ06Α,S33.4
8.0,Μ06Α,S33.5
8.0,Μ06Α,S33.6
8.0,Μ06Α,S33.7
8.0,Μ06Α,S34
8.0,Μ06Α,S34.0
8.0,Μ06Α,S34.1
8.0,Μ06Α,S34.2
8.0,Μ06Α,S34.3
8.0,Μ06Α,S34.4
8.0,Μ06Α,S34.5
8.0,Μ06Α,S34.6
8.0,Μ06Α,S34.8
8.0,Μ06Α,S37
8.0,Μ06Α,S38
8.0,Μ06Α,S38.3
8.0,Μ06Α,S39
8.0,Μ06Α,S39.0
8.0,Μ06Α,S39.6
8.0,Μ06Α,S39.7
8.0,Μ06Α,S39.8
8.0,Μ06Α,S39.9
8.0,Μ08Μ,C40
8.0,Μ08Μ,C40.9
8.0,Μ08Μ,C41
8.0,Μ08Μ,C41.9
8.0,Μ08Μ,C79.5
8.0,Μ08Μ,M05
8.0,Μ08Μ,M05.8
8.0,Μ08Μ,M05.9
8.0,Μ08Μ,M05.0
8.0,Μ08Μ,M05.1
8.0,Μ08Μ,M05.2
8.0,Μ08Μ,M05.3
8.0,Μ08Μ,M80
8.0,Μ08Μ,M80.0
8.0,Μ08Μ,M80.1
8.0,Μ08Μ,M80.2
8.0,Μ08Μ,M80.3
8.0,Μ08Μ,M80.4
8.0,Μ08Μ,M80.5
8.0,Μ08Μ,M84.0
8.0,Μ08Μ,M84
8.0,Μ08Μ,M84.9
8.0,Μ08Μ,M96.6
8.0,Μ08Μ,M96
8.0,Μ08Μ,S72
8.0,Μ08Μ,S72.0
8.0,Μ08Μ,S72.1
8.0,Μ08Μ,S72.2
8.0,Μ08Μ,S72.3
8.0,Μ08Μ,S72.4
8.0,Μ08Μ,S72.7
8.0,Μ08Μ,S72.8
8.0,Μ08Μ,S72.9
8.0,Μ08Μ,S61.7
8.0,Μ08Μ,S79
8.0,Μ08Μ,S79.7
8.0,Μ08Μ,S79.8
8.0,Μ08Μ,S79.9
8.0,Μ08Χ,C40
8.0,Μ08Χ,C40.9
8.0,Μ08Χ,C41
8.0,Μ08Χ,C41.9
8.0,Μ08Χ,C79.5
8.0,Μ08Χ,M05
8.0,Μ08Χ,M05.0
8.0,Μ08Χ,M05.1
8.0,Μ08Χ,M05.2
8.0,Μ08Χ,M05.3
8.0,Μ08Χ,M05.8
8.0,Μ08Χ,M05.9
8.0,Μ08Χ,M80
8.0,Μ08Χ,M80.0
8.0,Μ08Χ,M80.1
8.0,Μ08Χ,M80.2
8.0,Μ08Χ,M80.3
8.0,Μ08Χ,M80.4
8.0,Μ08Χ,M80.5
8.0,Μ08Χ,M84
8.0,Μ08Χ,M84.0
8.0,Μ08Χ,M84.9
8.0,Μ08Χ,M96
8.0,Μ08Χ,M96.6
8.0,Μ08Χ,S61.7
8.0,Μ08Χ,S72
8.0,Μ08Χ,S72.0
8.0,Μ08Χ,S72.1
8.0,Μ08Χ,S72.2
8.0,Μ08Χ,S72.3
8.0,Μ08Χ,S72.4
8.0,Μ08Χ,S72.7
8.0,Μ08Χ,S72.8
8.0,Μ08Χ,S72.9
8.0,Μ08Χ,S79
8.0,Μ08Χ,S79.7
8.0,Μ08Χ,S79.8
8.0,Μ08Χ,S79.9
8.0,Μ09Μ,C41
8.0,Μ09Μ,C41.2
8.0,Μ09Μ,M40
8.0,Μ09Μ,M40.0
8.0,Μ09Μ,M40.1
8.0,Μ09Μ,M40.2
8.0,Μ09Μ,M40.3
8.0,Μ09Μ,M40.4
8.0,Μ09Μ,M40.5
8.0,Μ09Μ,M41
8.0,Μ09Μ,M41.0
8.0,Μ09Μ,M41.1
8.0,Μ09Μ,M41.2
8.0,Μ09Μ,M41.3
8.0,Μ09Μ,M41.4
8.0,Μ09Μ,M41.5
8.0,Μ09Μ,M41.8
8.0,Μ09Μ,M41.9
8.0,Μ09Μ,M42
8.0,Μ09Μ,M42.0
8.0,Μ09Μ,M42.1
8.0,Μ09Μ,M45
8.0,Μ09Μ,M46
8.0,Μ09Μ,M46.0
8.0,Μ09Μ,M46.1
8.0,Μ09Μ,M46.2
8.0,Μ09Μ,M46.3
8.0,Μ09Μ,M46.4
8.0,Μ09Μ,M46.5
8.0,Μ09Μ,M46.8
8.0,Μ09Μ,M46.9
8.0,Μ09Μ,M47
8.0,Μ09Μ,M47.0
8.0,Μ09Μ,M47.1
8.0,Μ09Μ,M47.2
8.0,Μ09Μ,M47.8
8.0,Μ09Μ,M47.9
8.0,Μ09Μ,M48
8.0,Μ09Μ,M48.0
8.0,Μ09Μ,M48.1
8.0,Μ09Μ,M48.2
8.0,Μ09Μ,M48.3
8.0,Μ09Μ,M48.4
8.0,Μ09Μ,M48.5
8.0,Μ09Μ,M48.8
8.0,Μ09Μ,M48.9
8.0,Μ09Μ,M49*
8.0,Μ09Μ,M49.0*
8.0,Μ09Μ,M49.1*
8.0,Μ09Μ,M49.2*
8.0,Μ09Μ,M49.3*
8.0,Μ09Μ,M49.4*
8.0,Μ09Μ,M49.5*
8.0,Μ09Μ,M49.8*
8.0,Μ09Μ,M50
8.0,Μ09Μ,M50.0
8.0,Μ09Μ,M50.1
8.0,Μ09Μ,M50.2
8.0,Μ09Μ,M50.3
8.0,Μ09Μ,M50.8
8.0,Μ09Μ,M50.9
8.0,Μ09Μ,M51
8.0,Μ09Μ,M51.0
8.0,Μ09Μ,M51.1
8.0,Μ09Μ,M51.2
8.0,Μ09Μ,M51.3
8.0,Μ09Μ,M51.4
8.0,Μ09Μ,M51.8
8.0,Μ09Μ,M51.9
8.0,Μ09Μ,M53
8.0,Μ09Μ,M53.0
8.0,Μ09Μ,M53.1
8.0,Μ09Μ,M53.2
8.0,Μ09Μ,M53.3
8.0,Μ09Μ,M53.8
8.0,Μ09Μ,M54
8.0,Μ09Μ,M54.0
8.0,Μ09Μ,M54.1
8.0,Μ09Μ,M54.2
8.0,Μ09Μ,M54.3
8.0,Μ09Μ,M54.4
8.0,Μ09Μ,M54.5
8.0,Μ09Μ,M54.6
8.0,Μ09Μ,M54.8
8.0,Μ09Μ,M54.9
8.0,Μ09Μ,S10
8.0,Μ09Μ,S10.0
8.0,Μ09Μ,S10.1
8.0,Μ09Μ,S10.7
8.0,Μ09Μ,S10.8
8.0,Μ09Μ,S10.9
8.0,Μ09Μ,S11
8.0,Μ09Μ,S12
8.0,Μ09Μ,S12.0
8.0,Μ09Μ,S12.1
8.0,Μ09Μ,S12.2
8.0,Μ09Μ,S12.7
8.0,Μ09Μ,S12.8
8.0,Μ09Μ,S12.9
8.0,Μ09Μ,S13
8.0,Μ09Μ,S13.0
8.0,Μ09Μ,S13.1
8.0,Μ09Μ,S13.2
8.0,Μ09Μ,S13.3
8.0,Μ09Μ,S13.4
8.0,Μ09Μ,S13.5
8.0,Μ09Μ,S13.6
8.0,Μ09Μ,S14
8.0,Μ09Μ,S14.0
8.0,Μ09Μ,S14.1
8.0,Μ09Μ,S14.2
8.0,Μ09Μ,S14.3
8.0,Μ09Μ,S14.4
8.0,Μ09Μ,S14.5
8.0,Μ09Μ,S14.6
8.0,Μ09Μ,S16
8.0,Μ09Μ,S17
8.0,Μ09Μ,S18
8.0,Μ09Μ,S19
8.0,Μ09Μ,S20
8.0,Μ09Μ,S21
8.0,Μ09Μ,S22
8.0,Μ09Μ,S22.8
8.0,Μ09Μ,S23
8.0,Μ09Μ,S23.0
8.0,Μ09Μ,S23.1
8.0,Μ09Μ,S23.3
8.0,Μ09Μ,S23.4
8.0,Μ09Μ,S23.5
8.0,Μ09Μ,S24
8.0,Μ09Μ,S24.0
8.0,Μ09Μ,S24.1
8.0,Μ09Μ,S24.2
8.0,Μ09Μ,S24.3
8.0,Μ09Μ,S24.4
8.0,Μ09Μ,S24.5
8.0,Μ09Μ,S24.6
8.0,Μ09Μ,S28
8.0,Μ09Μ,S28.0
8.0,Μ09Μ,S28.1
8.0,Μ09Μ,S29
8.0,Μ09Μ,S29.9
8.0,Μ09Μ,S30
8.0,Μ09Μ,S31
8.0,Μ09Μ,S31.8
8.0,Μ09Μ,S32
8.0,Μ09Μ,S33
8.0,Μ09Μ,S33.0
8.0,Μ09Μ,S33.1
8.0,Μ09Μ,S33.2
8.0,Μ09Μ,S33.3
8.0,Μ09Μ,S33.4
8.0,Μ09Μ,S33.5
8.0,Μ09Μ,S33.6
8.0,Μ09Μ,S33.7
8.0,Μ09Μ,S34
8.0,Μ09Μ,S34.0
8.0,Μ09Μ,S34.1
8.0,Μ09Μ,S34.2
8.0,Μ09Μ,S34.3
8.0,Μ09Μ,S34.4
8.0,Μ09Μ,S34.5
8.0,Μ09Μ,S34.6
8.0,Μ09Μ,S34.8
8.0,Μ09Μ,S37
8.0,Μ09Μ,S38
8.0,Μ09Μ,S38.3
8.0,Μ09Μ,S39
8.0,Μ09Μ,S39.0
8.0,Μ09Μ,S39.6
8.0,Μ09Μ,S39.7
8.0,Μ09Μ,S39.8
8.0,Μ09Μ,S39.9
8.0,Μ09Χ,C41
8.0,Μ09Χ,C41.2
8.0,Μ09Χ,M40
8.0,Μ09Χ,M40.0
8.0,Μ09Χ,M40.1
8.0,Μ09Χ,M40.2
8.0,Μ09Χ,M40.3
8.0,Μ09Χ,M40.4
8.0,Μ09Χ,M40.5
8.0,Μ09Χ,M41
8.0,Μ09Χ,M41.0
8.0,Μ09Χ,M41.1
8.0,Μ09Χ,M41.2
8.0,Μ09Χ,M41.3
8.0,Μ09Χ,M41.4
8.0,Μ09Χ,M41.5
8.0,Μ09Χ,M41.8
8.0,Μ09Χ,M41.9
8.0,Μ09Χ,M42
8.0,Μ09Χ,M42.0
8.0,Μ09Χ,M42.1
8.0,Μ09Χ,M45
8.0,Μ09Χ,M46
8.0,Μ09Χ,M46.0
8.0,Μ09Χ,M46.1
8.0,Μ09Χ,M46.2
8.0,Μ09Χ,M46.3
8.0,Μ09Χ,M46.4
8.0,Μ09Χ,M46.5
8.0,Μ09Χ,M46.8
8.0,Μ09Χ,M46.9
8.0,Μ09Χ,M47
8.0,Μ09Χ,M47.0
8.0,Μ09Χ,M47.1
8.0,Μ09Χ,M47.2
8.0,Μ09Χ,M47.8
8.0,Μ09Χ,M47.9
8.0,Μ09Χ,M48
8.0,Μ09Χ,M48.0
8.0,Μ09Χ,M48.1
8.0,Μ09Χ,M48.2
8.0,Μ09Χ,M48.3
8.0,Μ09Χ,M48.4
8.0,Μ09Χ,M48.5
8.0,Μ09Χ,M48.8
8.0,Μ09Χ,M48.9
8.0,Μ09Χ,M49*
8.0,Μ09Χ,M49.0*
8.0,Μ09Χ,M49.1*
8.0,Μ09Χ,M49.2*
8.0,Μ09Χ,M49.3*
8.0,Μ09Χ,M49.4*
8.0,Μ09Χ,M49.5*
8.0,Μ09Χ,M49.8*
8.0,Μ09Χ,M50
8.0,Μ09Χ,M50.0
8.0,Μ09Χ,M50.1
8.0,Μ09Χ,M50.2
8.0,Μ09Χ,M50.3
8.0,Μ09Χ,M50.8
8.0,Μ09Χ,M50.9
8.0,Μ09Χ,M51
8.0,Μ09Χ,M51.0
8.0,Μ09Χ,M51.1
8.0,Μ09Χ,M51.2
8.0,Μ09Χ,M51.3
8.0,Μ09Χ,M51.4
8.0,Μ09Χ,M51.8
8.0,Μ09Χ,M51.9
8.0,Μ09Χ,M53
8.0,Μ09Χ,M53.0
8.0,Μ09Χ,M53.1
8.0,Μ09Χ,M53.2
8.0,Μ09Χ,M53.3
8.0,Μ09Χ,M53.8
8.0,Μ09Χ,M54
8.0,Μ09Χ,M54.0
8.0,Μ09Χ,M54.1
8.0,Μ09Χ,M54.2
8.0,Μ09Χ,M54.3
8.0,Μ09Χ,M54.4
8.0,Μ09Χ,M54.5
8.0,Μ09Χ,M54.6
8.0,Μ09Χ,M54.8
8.0,Μ09Χ,M54.9
8.0,Μ09Χ,S10
8.0,Μ09Χ,S10.0
8.0,Μ09Χ,S10.1
8.0,Μ09Χ,S10.7
8.0,Μ09Χ,S10.8
8.0,Μ09Χ,S10.9
8.0,Μ09Χ,S11
8.0,Μ09Χ,S12
8.0,Μ09Χ,S12.0
8.0,Μ09Χ,S12.1
8.0,Μ09Χ,S12.2
8.0,Μ09Χ,S12.7
8.0,Μ09Χ,S12.8
8.0,Μ09Χ,S12.9
8.0,Μ09Χ,S13
8.0,Μ09Χ,S13.0
8.0,Μ09Χ,S13.1
8.0,Μ09Χ,S13.2
8.0,Μ09Χ,S13.3
8.0,Μ09Χ,S13.4
8.0,Μ09Χ,S13.5
8.0,Μ09Χ,S13.6
8.0,Μ09Χ,S14
8.0,Μ09Χ,S14.0
8.0,Μ09Χ,S14.1
8.0,Μ09Χ,S14.2
8.0,Μ09Χ,S14.3
8.0,Μ09Χ,S14.4
8.0,Μ09Χ,S14.5
8.0,Μ09Χ,S14.6
8.0,Μ09Χ,S16
8.0,Μ09Χ,S17
8.0,Μ09Χ,S18
8.0,Μ09Χ,S19
8.0,Μ09Χ,S20
8.0,Μ09Χ,S21
8.0,Μ09Χ,S22
8.0,Μ09Χ,S22.8
8.0,Μ09Χ,S23
8.0,Μ09Χ,S23.0
8.0,Μ09Χ,S23.1
8.0,Μ09Χ,S23.3
8.0,Μ09Χ,S23.4
8.0,Μ09Χ,S23.5
8.0,Μ09Χ,S24
8.0,Μ09Χ,S24.0
8.0,Μ09Χ,S24.1
8.0,Μ09Χ,S24.2
8.0,Μ09Χ,S24.3
8.0,Μ09Χ,S24.4
8.0,Μ09Χ,S24.5
8.0,Μ09Χ,S24.6
8.0,Μ09Χ,S28
8.0,Μ09Χ,S28.0
8.0,Μ09Χ,S28.1
8.0,Μ09Χ,S29
8.0,Μ09Χ,S29.9
8.0,Μ09Χ,S30
8.0,Μ09Χ,S31
8.0,Μ09Χ,S31.8
8.0,Μ09Χ,S32
8.0,Μ09Χ,S33
8.0,Μ09Χ,S33.0
8.0,Μ09Χ,S33.1
8.0,Μ09Χ,S33.2
8.0,Μ09Χ,S33.3
8.0,Μ09Χ,S33.4
8.0,Μ09Χ,S33.5
8.0,Μ09Χ,S33.6
8.0,Μ09Χ,S33.7
8.0,Μ09Χ,S34
8.0,Μ09Χ,S34.0
8.0,Μ09Χ,S34.1
8.0,Μ09Χ,S34.2
8.0,Μ09Χ,S34.3
8.0,Μ09Χ,S34.4
8.0,Μ09Χ,S34.5
8.0,Μ09Χ,S34.6
8.0,Μ09Χ,S34.8
8.0,Μ09Χ,S37
8.0,Μ09Χ,S38
8.0,Μ09Χ,S38.3
8.0,Μ09Χ,S39
8.0,Μ09Χ,S39.0
8.0,Μ09Χ,S39.6
8.0,Μ09Χ,S39.7
8.0,Μ09Χ,S39.8
8.0,Μ09Χ,S39.9
8.0,Μ10Μ,C41
8.0,Μ10Μ,C41.2
8.0,Μ10Μ,M40
8.0,Μ10Μ,M40.0
8.0,Μ10Μ,M40.1
8.0,Μ10Μ,M40.2
8.0,Μ10Μ,M40.3
8.0,Μ10Μ,M40.4
8.0,Μ10Μ,M40.5
8.0,Μ10Μ,M41
8.0,Μ10Μ,M41.0
8.0,Μ10Μ,M41.1
8.0,Μ10Μ,M41.2
8.0,Μ10Μ,M41.3
8.0,Μ10Μ,M41.4
8.0,Μ10Μ,M41.5
8.0,Μ10Μ,M41.8
8.0,Μ10Μ,M41.9
8.0,Μ10Μ,M42
8.0,Μ10Μ,M42.0
8.0,Μ10Μ,M42.1
8.0,Μ10Μ,M45
8.0,Μ10Μ,M46
8.0,Μ10Μ,M46.0
8.0,Μ10Μ,M46.1
8.0,Μ10Μ,M46.2
8.0,Μ10Μ,M46.3
8.0,Μ10Μ,M46.4
8.0,Μ10Μ,M46.5
8.0,Μ10Μ,M46.8
8.0,Μ10Μ,M46.9
8.0,Μ10Μ,M47
8.0,Μ10Μ,M47.0
8.0,Μ10Μ,M47.1
8.0,Μ10Μ,M47.2
8.0,Μ10Μ,M47.8
8.0,Μ10Μ,M47.9
8.0,Μ10Μ,M48
8.0,Μ10Μ,M48.0
8.0,Μ10Μ,M48.1
8.0,Μ10Μ,M48.2
8.0,Μ10Μ,M48.3
8.0,Μ10Μ,M48.4
8.0,Μ10Μ,M48.5
8.0,Μ10Μ,M48.8
8.0,Μ10Μ,M48.9
8.0,Μ10Μ,M49*
8.0,Μ10Μ,M49.0*
8.0,Μ10Μ,M49.1*
8.0,Μ10Μ,M49.2*
8.0,Μ10Μ,M49.3*
8.0,Μ10Μ,M49.4*
8.0,Μ10Μ,M49.5*
8.0,Μ10Μ,M49.8*
8.0,Μ10Μ,M50
8.0,Μ10Μ,M50.0
8.0,Μ10Μ,M50.1
8.0,Μ10Μ,M50.2
8.0,Μ10Μ,M50.3
8.0,Μ10Μ,M50.8
8.0,Μ10Μ,M50.9
8.0,Μ10Μ,M51
8.0,Μ10Μ,M51.0
8.0,Μ10Μ,M51.1
8.0,Μ10Μ,M51.2
8.0,Μ10Μ,M51.3
8.0,Μ10Μ,M51.4
8.0,Μ10Μ,M51.8
8.0,Μ10Μ,M51.9
8.0,Μ10Μ,M53
8.0,Μ10Μ,M53.0
8.0,Μ10Μ,M53.1
8.0,Μ10Μ,M53.2
8.0,Μ10Μ,M53.3
8.0,Μ10Μ,M53.8
8.0,Μ10Μ,M54
8.0,Μ10Μ,M54.0
8.0,Μ10Μ,M54.1
8.0,Μ10Μ,M54.2
8.0,Μ10Μ,M54.3
8.0,Μ10Μ,M54.4
8.0,Μ10Μ,M54.5
8.0,Μ10Μ,M54.6
8.0,Μ10Μ,M54.8
8.0,Μ10Μ,M54.9
8.0,Μ10Μ,S10
8.0,Μ10Μ,S10.0
8.0,Μ10Μ,S10.1
8.0,Μ10Μ,S10.7
8.0,Μ10Μ,S10.8
8.0,Μ10Μ,S10.9
8.0,Μ10Μ,S11
8.0,Μ10Μ,S12
8.0,Μ10Μ,S12.0
8.0,Μ10Μ,S12.1
8.0,Μ10Μ,S12.2
8.0,Μ10Μ,S12.7
8.0,Μ10Μ,S12.8
8.0,Μ10Μ,S12.9
8.0,Μ10Μ,S13
8.0,Μ10Μ,S13.0
8.0,Μ10Μ,S13.1
8.0,Μ10Μ,S13.2
8.0,Μ10Μ,S13.3
8.0,Μ10Μ,S13.4
8.0,Μ10Μ,S13.5
8.0,Μ10Μ,S13.6
8.0,Μ10Μ,S14
8.0,Μ10Μ,S14.0
8.0,Μ10Μ,S14.1
8.0,Μ10Μ,S14.2
8.0,Μ10Μ,S14.3
8.0,Μ10Μ,S14.4
8.0,Μ10Μ,S14.5
8.0,Μ10Μ,S14.6
8.0,Μ10Μ,S16
8.0,Μ10Μ,S17
8.0,Μ10Μ,S18
8.0,Μ10Μ,S19
8.0,Μ10Μ,S20
8.0,Μ10Μ,S21
8.0,Μ10Μ,S22
8.0,Μ10Μ,S22.8
8.0,Μ10Μ,S23
8.0,Μ10Μ,S23.0
8.0,Μ10Μ,S23.1
8.0,Μ10Μ,S23.3
8.0,Μ10Μ,S23.4
8.0,Μ10Μ,S23.5
8.0,Μ10Μ,S24
8.0,Μ10Μ,S24.0
8.0,Μ10Μ,S24.1
8.0,Μ10Μ,S24.2
8.0,Μ10Μ,S24.3
8.0,Μ10Μ,S24.4
8.0,Μ10Μ,S24.5
8.0,Μ10Μ,S24.6
8.0,Μ10Μ,S28
8.0,Μ10Μ,S28.0
8.0,Μ10Μ,S28.1
8.0,Μ10Μ,S29
8.0,Μ10Μ,S29.9
8.0,Μ10Μ,S30
8.0,Μ10Μ,S31
8.0,Μ10Μ,S31.8
8.0,Μ10Μ,S32
8.0,Μ10Μ,S33
8.0,Μ10Μ,S33.0
8.0,Μ10Μ,S33.1
8.0,Μ10Μ,S33.2
8.0,Μ10Μ,S33.3
8.0,Μ10Μ,S33.4
8.0,Μ10Μ,S33.5
8.0,Μ10Μ,S33.6
8.0,Μ10Μ,S33.7
8.0,Μ10Μ,S34
8.0,Μ10Μ,S34.0
8.0,Μ10Μ,S34.1
8.0,Μ10Μ,S34.2
8.0,Μ10Μ,S34.3
8.0,Μ10Μ,S34.4
8.0,Μ10Μ,S34.5
8.0,Μ10Μ,S34.6
8.0,Μ10Μ,S34.8
8.0,Μ10Μ,S37
8.0,Μ10Μ,S38
8.0,Μ10Μ,S38.3
8.0,Μ10Μ,S39
8.0,Μ10Μ,S39.0
8.0,Μ10Μ,S39.6
8.0,Μ10Μ,S39.7
8.0,Μ10Μ,S39.8
8.0,Μ10Μ,S39.9
8.0,Μ10Χ,C41
8.0,Μ10Χ,C41.2
8.0,Μ10Χ,M40
8.0,Μ10Χ,M40.0
8.0,Μ10Χ,M40.1
8.0,Μ10Χ,M40.2
8.0,Μ10Χ,M40.3
8.0,Μ10Χ,M40.4
8.0,Μ10Χ,M40.5
8.0,Μ10Χ,M41
8.0,Μ10Χ,M41.0
8.0,Μ10Χ,M41.1
8.0,Μ10Χ,M41.2
8.0,Μ10Χ,M41.3
8.0,Μ10Χ,M41.4
8.0,Μ10Χ,M41.5
8.0,Μ10Χ,M41.8
8.0,Μ10Χ,M41.9
8.0,Μ10Χ,M42
8.0,Μ10Χ,M42.0
8.0,Μ10Χ,M42.1
8.0,Μ10Χ,M45
8.0,Μ10Χ,M46
8.0,Μ10Χ,M46.0
8.0,Μ10Χ,M46.1
8.0,Μ10Χ,M46.2
8.0,Μ10Χ,M46.3
8.0,Μ10Χ,M46.4
8.0,Μ10Χ,M46.5
8.0,Μ10Χ,M46.8
8.0,Μ10Χ,M46.9
8.0,Μ10Χ,M47
8.0,Μ10Χ,M47.0
8.0,Μ10Χ,M47.1
8.0,Μ10Χ,M47.2
8.0,Μ10Χ,M47.8
8.0,Μ10Χ,M47.9
8.0,Μ10Χ,M48
8.0,Μ10Χ,M48.0
8.0,Μ10Χ,M48.1
8.0,Μ10Χ,M48.2
8.0,Μ10Χ,M48.3
8.0,Μ10Χ,M48.4
8.0,Μ10Χ,M48.5
8.0,Μ10Χ,M48.8
8.0,Μ10Χ,M48.9
8.0,Μ10Χ,M49*
8.0,Μ10Χ,M49.0*
8.0,Μ10Χ,M49.1*
8.0,Μ10Χ,M49.2*
8.0,Μ10Χ,M49.3*
8.0,Μ10Χ,M49.4*
8.0,Μ10Χ,M49.5*
8.0,Μ10Χ,M49.8*
8.0,Μ10Χ,M50
8.0,Μ10Χ,M50.0
8.0,Μ10Χ,M50.1
8.0,Μ10Χ,M50.2
8.0,Μ10Χ,M50.3
8.0,Μ10Χ,M50.8
8.0,Μ10Χ,M50.9
8.0,Μ10Χ,M51
8.0,Μ10Χ,M51.0
8.0,Μ10Χ,M51.1
8.0,Μ10Χ,M51.2
8.0,Μ10Χ,M51.3
8.0,Μ10Χ,M51.4
8.0,Μ10Χ,M51.8
8.0,Μ10Χ,M51.9
8.0,Μ10Χ,M53
8.0,Μ10Χ,M53.0
8.0,Μ10Χ,M53.1
8.0,Μ10Χ,M53.2
8.0,Μ10Χ,M53.3
8.0,Μ10Χ,M53.8
8.0,Μ10Χ,M54
8.0,Μ10Χ,M54.0
8.0,Μ10Χ,M54.1
8.0,Μ10Χ,M54.2
8.0,Μ10Χ,M54.3
8.0,Μ10Χ,M54.4
8.0,Μ10Χ,M54.5
8.0,Μ10Χ,M54.6
8.0,Μ10Χ,M54.8
8.0,Μ10Χ,M54.9
8.0,Μ10Χ,S10
8.0,Μ10Χ,S10.0
8.0,Μ10Χ,S10.1
8.0,Μ10Χ,S10.7
8.0,Μ10Χ,S10.8
8.0,Μ10Χ,S10.9
8.0,Μ10Χ,S11
8.0,Μ10Χ,S12
8.0,Μ10Χ,S12.0
8.0,Μ10Χ,S12.1
8.0,Μ10Χ,S12.2
8.0,Μ10Χ,S12.7
8.0,Μ10Χ,S12.8
8.0,Μ10Χ,S12.9
8.0,Μ10Χ,S13
8.0,Μ10Χ,S13.0
8.0,Μ10Χ,S13.1
8.0,Μ10Χ,S13.2
8.0,Μ10Χ,S13.3
8.0,Μ10Χ,S13.4
8.0,Μ10Χ,S13.5
8.0,Μ10Χ,S13.6
8.0,Μ10Χ,S14
8.0,Μ10Χ,S14.0
8.0,Μ10Χ,S14.1
8.0,Μ10Χ,S14.2
8.0,Μ10Χ,S14.3
8.0,Μ10Χ,S14.4
8.0,Μ10Χ,S14.5
8.0,Μ10Χ,S14.6
8.0,Μ10Χ,S16
8.0,Μ10Χ,S17
8.0,Μ10Χ,S18
8.0,Μ10Χ,S19
8.0,Μ10Χ,S20
8.0,Μ10Χ,S21
8.0,Μ10Χ,S22
8.0,Μ10Χ,S22.8
8.0,Μ10Χ,S23
8.0,Μ10Χ,S23.0
8.0,Μ10Χ,S23.1
8.0,Μ10Χ,S23.3
8.0,Μ10Χ,S23.4
8.0,Μ10Χ,S23.5
8.0,Μ10Χ,S24
8.0,Μ10Χ,S24.0
8.0,Μ10Χ,S24.1
8.0,Μ10Χ,S24.2
8.0,Μ10Χ,S24.3
8.0,Μ10Χ,S24.4
8.0,Μ10Χ,S24.5
8.0,Μ10Χ,S24.6
8.0,Μ10Χ,S28
8.0,Μ10Χ,S28.0
8.0,Μ10Χ,S28.1
8.0,Μ10Χ,S29
8.0,Μ10Χ,S29.9
8.0,Μ10Χ,S30
8.0,Μ10Χ,S31
8.0,Μ10Χ,S31.8
8.0,Μ10Χ,S32
8.0,Μ10Χ,S33
8.0,Μ10Χ,S33.0
8.0,Μ10Χ,S33.1
8.0,Μ10Χ,S33.2
8.0,Μ10Χ,S33.3
8.0,Μ10Χ,S33.4
8.0,Μ10Χ,S33.5
8.0,Μ10Χ,S33.6
8.0,Μ10Χ,S33.7
8.0,Μ10Χ,S34
8.0,Μ10Χ,S34.0
8.0,Μ10Χ,S34.1
8.0,Μ10Χ,S34.2
8.0,Μ10Χ,S34.3
8.0,Μ10Χ,S34.4
8.0,Μ10Χ,S34.5
8.0,Μ10Χ,S34.6
8.0,Μ10Χ,S34.8
8.0,Μ10Χ,S37
8.0,Μ10Χ,S38
8.0,Μ10Χ,S38.3
8.0,Μ10Χ,S39
8.0,Μ10Χ,S39.0
8.0,Μ10Χ,S39.6
8.0,Μ10Χ,S39.7
8.0,Μ10Χ,S39.8
8.0,Μ10Χ,S39.9
8.0,Μ12Μα,M00.0
8.0,Μ12Μα,M00.1
8.0,Μ12Μα,M00.2
8.0,Μ12Μα,M00.8
8.0,Μ12Μα,M00.9
8.0,Μ12Μα,M01*
8.0,Μ12Μα,M01.0*
8.0,Μ12Μα,M01.1*
8.0,Μ12Μα,M01.2*
8.0,Μ12Μα,M01.3*
8.0,Μ12Μα,M01.4*
8.0,Μ12Μα,M01.5*
8.0,Μ12Μα,M01.6*
8.0,Μ12Μα,M01.8*
8.0,Μ12Μα,M02
8.0,Μ12Μα,M02.0
8.0,Μ12Μα,M02.1
8.0,Μ12Μα,M02.2
8.0,Μ12Μα,M02.3
8.0,Μ12Μα,M02.8
8.0,Μ12Μα,M02.9
8.0,Μ12Μα,M03*
8.0,Μ12Μα,M03.0*
8.0,Μ12Μα,M03.1*
8.0,Μ12Μα,M03.2*
8.0,Μ12Μα,M03.6*
8.0,Μ12Μα,M05
8.0,Μ12Μα,M05.0
8.0,Μ12Μα,M05.1
8.0,Μ12Μα,M05.3
8.0,Μ12Μα,M05.8
8.0,Μ12Μα,M05.9
8.0,Μ12Μα,M06
8.0,Μ12Μα,M06.0
8.0,Μ12Μα,M06.1
8.0,Μ12Μα,M06.2
8.0,Μ12Μα,M06.3
8.0,Μ12Μα,M06.4
8.0,Μ12Μα,M06.8
8.0,Μ12Μα,M06.9
8.0,Μ12Μα,M07*
8.0,Μ12Μα,M07.0*
8.0,Μ12Μα,M07.1*
8.0,Μ12Μα,M07.2*
8.0,Μ12Μα,M07.3*
8.0,Μ12Μα,M07.4*
8.0,Μ12Μα,M07.5*
8.0,Μ12Μα,M07.6*
8.0,Μ12Μα,M08
8.0,Μ12Μα,M08.0
8.0,Μ12Μα,M08.1
8.0,Μ12Μα,M08.2
8.0,Μ12Μα,M08.3
8.0,Μ12Μα,M08.4
8.0,Μ12Μα,M08.8
8.0,Μ12Μα,M08.9
8.0,Μ12Μα,M09*
8.0,Μ12Μα,M09.0*
8.0,Μ12Μα,M09.1*
8.0,Μ12Μα,M09.2*
8.0,Μ12Μα,M09.8*
8.0,Μ12Μα,M10
8.0,Μ12Μα,M10.0
8.0,Μ12Μα,M10.1
8.0,Μ12Μα,M10.2
8.0,Μ12Μα,M10.3
8.0,Μ12Μα,M10.4
8.0,Μ12Μα,M10.9
8.0,Μ12Μα,M11
8.0,Μ12Μα,M11.0
8.0,Μ12Μα,M11.1
8.0,Μ12Μα,M11.2
8.0,Μ12Μα,M11.8
8.0,Μ12Μα,M11.9
8.0,Μ12Μα,M12
8.0,Μ12Μα,M12.0
8.0,Μ12Μα,M12.1
8.0,Μ12Μα,M12.2
8.0,Μ12Μα,M12.3
8.0,Μ12Μα,M12.4
8.0,Μ12Μα,M12.5
8.0,Μ12Μα,M12.8
8.0,Μ12Μα,M13
8.0,Μ12Μα,M13.0
8.0,Μ12Μα,M13.1
8.0,Μ12Μα,M13.8
8.0,Μ12Μα,M13.9
8.0,Μ12Μα,M14.5*
8.0,Μ12Μα,M14*
8.0,Μ12Μα,M14.0*
8.0,Μ12Μα,M14.1*
8.0,Μ12Μα,M14.2*
8.0,Μ12Μα,M14.3*
8.0,Μ12Μα,M14.4*
8.0,Μ12Μα,M14.6*
8.0,Μ12Μα,M14.8*
8.0,Μ12Μα,M86
8.0,Μ12Μα,M86.0
8.0,Μ12Μα,M86.1
8.0,Μ12Μα,M86.2
8.0,Μ12Μα,M86.3
8.0,Μ12Μα,M86.4
8.0,Μ12Μα,M86.5
8.0,Μ12Μα,M86.6
8.0,Μ12Μα,M86.8
8.0,Μ12Μα,M86.9
8.0,Μ12Μα,M90
8.0,Μ12Μα,M90*
8.0,Μ12Μα,M90.0*
8.0,Μ12Μα,M90.1*
8.0,Μ12Μα,M90.2*
8.0,Μ12Μα,M90.3*
8.0,Μ12Μα,M90.4*
8.0,Μ12Μα,M90.5*
8.0,Μ12Μα,M90.6*
8.0,Μ12Μα,M90.7*
8.0,Μ12Μα,M90.8*
8.0,Μ12Μβ,M00.0
8.0,Μ12Μβ,M00.1
8.0,Μ12Μβ,M00.2
8.0,Μ12Μβ,M00.8
8.0,Μ12Μβ,M00.9
8.0,Μ12Μβ,M01*
8.0,Μ12Μβ,M01.0*
8.0,Μ12Μβ,M01.1*
8.0,Μ12Μβ,M01.2*
8.0,Μ12Μβ,M01.3*
8.0,Μ12Μβ,M01.4*
8.0,Μ12Μβ,M01.5*
8.0,Μ12Μβ,M01.6*
8.0,Μ12Μβ,M01.8*
8.0,Μ12Μβ,M02
8.0,Μ12Μβ,M02.0
8.0,Μ12Μβ,M02.1
8.0,Μ12Μβ,M02.2
8.0,Μ12Μβ,M02.3
8.0,Μ12Μβ,M02.8
8.0,Μ12Μβ,M02.9
8.0,Μ12Μβ,M03*
8.0,Μ12Μβ,M03.0*
8.0,Μ12Μβ,M03.1*
8.0,Μ12Μβ,M03.2*
8.0,Μ12Μβ,M03.6*
8.0,Μ12Μβ,M05
8.0,Μ12Μβ,M05.0
8.0,Μ12Μβ,M05.1
8.0,Μ12Μβ,M05.3
8.0,Μ12Μβ,M05.8
8.0,Μ12Μβ,M05.9
8.0,Μ12Μβ,M06
8.0,Μ12Μβ,M06.0
8.0,Μ12Μβ,M06.1
8.0,Μ12Μβ,M06.2
8.0,Μ12Μβ,M06.3
8.0,Μ12Μβ,M06.4
8.0,Μ12Μβ,M06.8
8.0,Μ12Μβ,M06.9
8.0,Μ12Μβ,M07*
8.0,Μ12Μβ,M07.0*
8.0,Μ12Μβ,M07.1*
8.0,Μ12Μβ,M07.2*
8.0,Μ12Μβ,M07.3*
8.0,Μ12Μβ,M07.4*
8.0,Μ12Μβ,M07.5*
8.0,Μ12Μβ,M07.6*
8.0,Μ12Μβ,M08
8.0,Μ12Μβ,M08.0
8.0,Μ12Μβ,M08.1
8.0,Μ12Μβ,M08.2
8.0,Μ12Μβ,M08.3
8.0,Μ12Μβ,M08.4
8.0,Μ12Μβ,M08.8
8.0,Μ12Μβ,M08.9
8.0,Μ12Μβ,M09*
8.0,Μ12Μβ,M09.0*
8.0,Μ12Μβ,M09.1*
8.0,Μ12Μβ,M09.2*
8.0,Μ12Μβ,M09.8*
8.0,Μ12Μβ,M10
8.0,Μ12Μβ,M10.0
8.0,Μ12Μβ,M10.1
8.0,Μ12Μβ,M10.2
8.0,Μ12Μβ,M10.3
8.0,Μ12Μβ,M10.4
8.0,Μ12Μβ,M10.9
8.0,Μ12Μβ,M11
8.0,Μ12Μβ,M11.0
8.0,Μ12Μβ,M11.1
8.0,Μ12Μβ,M11.2
8.0,Μ12Μβ,M11.8
8.0,Μ12Μβ,M11.9
8.0,Μ12Μβ,M12
8.0,Μ12Μβ,M12.0
8.0,Μ12Μβ,M12.1
8.0,Μ12Μβ,M12.2
8.0,Μ12Μβ,M12.3
8.0,Μ12Μβ,M12.4
8.0,Μ12Μβ,M12.5
8.0,Μ12Μβ,M12.8
8.0,Μ12Μβ,M13
8.0,Μ12Μβ,M13.0
8.0,Μ12Μβ,M13.1
8.0,Μ12Μβ,M13.8
8.0,Μ12Μβ,M13.9
8.0,Μ12Μβ,M14*
8.0,Μ12Μβ,M14.0*
8.0,Μ12Μβ,M14.1*
8.0,Μ12Μβ,M14.2*
8.0,Μ12Μβ,M14.3*
8.0,Μ12Μβ,M14.4*
8.0,Μ12Μβ,M14.5*
8.0,Μ12Μβ,M14.6*
8.0,Μ12Μβ,M14.8*
8.0,Μ12Μβ,M86
8.0,Μ12Μβ,M86.0
8.0,Μ12Μβ,M86.1
8.0,Μ12Μβ,M86.2
8.0,Μ12Μβ,M86.3
8.0,Μ12Μβ,M86.4
8.0,Μ12Μβ,M86.5
8.0,Μ12Μβ,M86.6
8.0,Μ12Μβ,M86.8
8.0,Μ12Μβ,M86.9
8.0,Μ12Μβ,M90
8.0,Μ12Μβ,M90*
8.0,Μ12Μβ,M90.0*
8.0,Μ12Μβ,M90.1*
8.0,Μ12Μβ,M90.2*
8.0,Μ12Μβ,M90.3*
8.0,Μ12Μβ,M90.4*
8.0,Μ12Μβ,M90.5*
8.0,Μ12Μβ,M90.6*
8.0,Μ12Μβ,M90.7*
8.0,Μ12Μβ,M90.8*
8.0,Μ12Χ,M00.0
8.0,Μ12Χ,M00.1
8.0,Μ12Χ,M00.2
8.0,Μ12Χ,M00.8
8.0,Μ12Χ,M00.9
8.0,Μ12Χ,M01*
8.0,Μ12Χ,M01.0*
8.0,Μ12Χ,M01.1*
8.0,Μ12Χ,M01.2*
8.0,Μ12Χ,M01.3*
8.0,Μ12Χ,M01.4*
8.0,Μ12Χ,M01.5*
8.0,Μ12Χ,M01.6*
8.0,Μ12Χ,M01.8*
8.0,Μ12Χ,M02
8.0,Μ12Χ,M02.0
8.0,Μ12Χ,M02.1
8.0,Μ12Χ,M02.2
8.0,Μ12Χ,M02.3
8.0,Μ12Χ,M02.8
8.0,Μ12Χ,M02.9
8.0,Μ12Χ,M03*
8.0,Μ12Χ,M03.0*
8.0,Μ12Χ,M03.1*
8.0,Μ12Χ,M03.2*
8.0,Μ12Χ,M03.6*
8.0,Μ12Χ,M05
8.0,Μ12Χ,M05.0
8.0,Μ12Χ,M05.1
8.0,Μ12Χ,M05.3
8.0,Μ12Χ,M05.8
8.0,Μ12Χ,M05.9
8.0,Μ12Χ,M06
8.0,Μ12Χ,M06.0
8.0,Μ12Χ,M06.1
8.0,Μ12Χ,M06.2
8.0,Μ12Χ,M06.3
8.0,Μ12Χ,M06.4
8.0,Μ12Χ,M06.8
8.0,Μ12Χ,M06.9
8.0,Μ12Χ,M07*
8.0,Μ12Χ,M07.0*
8.0,Μ12Χ,M07.1*
8.0,Μ12Χ,M07.2*
8.0,Μ12Χ,M07.3*
8.0,Μ12Χ,M07.4*
8.0,Μ12Χ,M07.5*
8.0,Μ12Χ,M07.6*
8.0,Μ12Χ,M08
8.0,Μ12Χ,M08.0
8.0,Μ12Χ,M08.1
8.0,Μ12Χ,M08.2
8.0,Μ12Χ,M08.3
8.0,Μ12Χ,M08.4
8.0,Μ12Χ,M08.8
8.0,Μ12Χ,M08.9
8.0,Μ12Χ,M09*
8.0,Μ12Χ,M09.0*
8.0,Μ12Χ,M09.1*
8.0,Μ12Χ,M09.2*
8.0,Μ12Χ,M09.8*
8.0,Μ12Χ,M10
8.0,Μ12Χ,M10.0
8.0,Μ12Χ,M10.1
8.0,Μ12Χ,M10.2
8.0,Μ12Χ,M10.3
8.0,Μ12Χ,M10.4
8.0,Μ12Χ,M10.9
8.0,Μ12Χ,M11
8.0,Μ12Χ,M11.0
8.0,Μ12Χ,M11.1
8.0,Μ12Χ,M11.2
8.0,Μ12Χ,M11.8
8.0,Μ12Χ,M11.9
8.0,Μ12Χ,M12
8.0,Μ12Χ,M12.0
8.0,Μ12Χ,M12.1
8.0,Μ12Χ,M12.2
8.0,Μ12Χ,M12.3
8.0,Μ12Χ,M12.4
8.0,Μ12Χ,M12.5
8.0,Μ12Χ,M12.8
8.0,Μ12Χ,M13
8.0,Μ12Χ,M13.0
8.0,Μ12Χ,M13.1
8.0,Μ12Χ,M13.8
8.0,Μ12Χ,M13.9
8.0,Μ12Χ,M14*
8.0,Μ12Χ,M14.0*
8.0,Μ12Χ,M14.1*
8.0,Μ12Χ,M14.2*
8.0,Μ12Χ,M14.3*
8.0,Μ12Χ,M14.4*
8.0,Μ12Χ,M14.5*
8.0,Μ12Χ,M14.6*
8.0,Μ12Χ,M14.8*
8.0,Μ12Χ,M86
8.0,Μ12Χ,M86.0
8.0,Μ12Χ,M86.1
8.0,Μ12Χ,M86.2
8.0,Μ12Χ,M86.3
8.0,Μ12Χ,M86.4
8.0,Μ12Χ,M86.5
8.0,Μ12Χ,M86.6
8.0,Μ12Χ,M86.8
8.0,Μ12Χ,M86.9
8.0,Μ12Χ,M90
8.0,Μ12Χ,M90*
8.0,Μ12Χ,M90.0*
8.0,Μ12Χ,M90.1*
8.0,Μ12Χ,M90.2*
8.0,Μ12Χ,M90.3*
8.0,Μ12Χ,M90.4*
8.0,Μ12Χ,M90.5*
8.0,Μ12Χ,M90.6*
8.0,Μ12Χ,M90.7*
8.0,Μ12Χ,M90.8*
8.0,Μ18Α,M17
8.0,Μ18Α,M17.0
8.0,Μ18Α,M17.1
8.0,Μ18Α,M17.2
8.0,Μ18Α,M17.3
8.0,Μ18Α,M17.4
8.0,Μ18Α,M17.5
8.0,Μ18Α,M17.9
8.0,Μ18Α,M19
8.0,Μ18Α,M19.0
8.0,Μ18Α,M19.1
8.0,Μ18Α,M19.2
8.0,Μ18Α,M19.8
8.0,Μ18Α,M19.9
8.0,Μ18Α,M22
8.0,Μ18Α,M22.0
8.0,Μ18Α,M22.1
8.0,Μ18Α,M22.2
8.0,Μ18Α,M22.3
8.0,Μ18Α,M22.4
8.0,Μ18Α,M22.8
8.0,Μ18Α,M22.9
8.0,Μ18Α,M23
8.0,Μ18Α,M23.0
8.0,Μ18Α,M23.1
8.0,Μ18Α,M23.2
8.0,Μ18Α,M23.3
8.0,Μ18Α,M23.4
8.0,Μ18Α,M23.5
8.0,Μ18Α,M23.6
8.0,Μ18Α,M23.8
8.0,Μ18Α,M23.9
8.0,Μ18Α,M24
8.0,Μ18Α,M24.0
8.0,Μ18Α,M24.1
8.0,Μ18Α,M24.2
8.0,Μ18Α,M24.4
8.0,Μ18Α,M24.5
8.0,Μ18Α,M24.6
8.0,Μ18Α,M24.7
8.0,Μ18Α,M24.8
8.0,Μ20Α,M20
8.0,Μ20Α,M20.0
8.0,Μ20Α,M20.1
8.0,Μ20Α,M20.2
8.0,Μ20Α,M20.3
8.0,Μ20Α,M20.4
8.0,Μ20Α,M20.5
8.0,Μ20Α,M20.6
8.0,Μ20Α,M21
8.0,Μ20Α,M21.0
8.0,Μ20Α,M21.1
8.0,Μ20Α,M21.2
8.0,Μ20Α,M21.3
8.0,Μ20Α,M21.4
8.0,Μ20Α,M21.5
8.0,Μ20Α,M21.6
8.0,Μ20Α,M21.7
8.0,Μ20Α,M21.8
8.0,Μ20Α,M21.9
8.0,Μ21Α,S70
8.0,Μ21Α,S70.0
8.0,Μ21Α,S70.1
8.0,Μ21Α,S70.7
8.0,Μ21Α,S70.8
8.0,Μ21Α,S70.9
8.0,Μ21Α,S71
8.0,Μ21Α,S71.0
8.0,Μ21Α,S71.1
8.0,Μ21Α,S71.7
8.0,Μ21Α,S71.8
8.0,Μ21Α,S72
8.0,Μ21Α,S72.0
8.0,Μ21Α,S72.1
8.0,Μ21Α,S72.2
8.0,Μ21Α,S72.3
8.0,Μ21Α,S72.4
8.0,Μ21Α,S72.7
8.0,Μ21Α,S72.8
8.0,Μ21Α,S72.9
8.0,Μ21Α,S73
8.0,Μ21Α,S73.0
8.0,Μ21Α,S73.1
8.0,Μ21Α,S74
8.0,Μ21Α,S74.0
8.0,Μ21Α,S74.1
8.0,Μ21Α,S74.2
8.0,Μ21Α,S74.7
8.0,Μ21Α,S74.8
8.0,Μ21Α,S74.9
8.0,Μ21Α,S75
8.0,Μ21Α,S75.0
8.0,Μ21Α,S75.1
8.0,Μ21Α,S75.2
8.0,Μ21Α,S75.7
8.0,Μ21Α,S75.9
8.0,Μ21Α,S75.8
8.0,Μ21Α,S76
8.0,Μ21Α,S76.0
8.0,Μ21Α,S76.1
8.0,Μ21Α,S76.2
8.0,Μ21Α,S76.3
8.0,Μ21Α,S76.4
8.0,Μ21Α,S76.7
8.0,Μ21Α,S77
8.0,Μ21Α,S77.0
8.0,Μ21Α,S77.1
8.0,Μ21Α,S77.2
8.0,Μ21Α,S78
8.0,Μ21Α,S78.0
8.0,Μ21Α,S78.1
8.0,Μ21Α,S78.9
8.0,Μ21Α,S79
8.0,Μ21Α,S79.7
8.0,Μ21Α,S79.8
8.0,Μ21Α,S79.9
8.0,Μ23Α,S12
8.0,Μ23Α,S12.0
8.0,Μ23Α,S12.1
8.0,Μ23Α,S12.2
8.0,Μ23Α,S12.7
8.0,Μ23Α,S12.8
8.0,Μ23Α,S12.9
8.0,Μ23Α,S23
8.0,Μ23Α,S23.0
8.0,Μ23Α,S23.1
8.0,Μ23Α,S23.2
8.0,Μ23Α,S23.3
8.0,Μ23Α,S23.4
8.0,Μ23Α,S23.5
8.0,Μ23Α,S32
8.0,Μ23Α,S32.0
8.0,Μ23Α,S32.1
8.0,Μ23Α,S32.2
8.0,Μ23Α,S32.3
8.0,Μ23Α,S32.4
8.0,Μ23Α,S32.5
8.0,Μ23Α,S32.7
8.0,Μ23Α,S32.8
8.0,Μ23Α,S33
8.0,Μ23Α,S33.0
8.0,Μ23Α,S33.1
8.0,Μ23Α,S33.2
8.0,Μ23Α,S33.3
8.0,Μ23Α,S33.4
8.0,Μ23Α,S33.5
8.0,Μ23Α,S33.6
8.0,Μ23Α,S33.7
8.0,Μ23Α,S40
8.0,Μ23Α,S40.0
8.0,Μ23Α,S40.7
8.0,Μ23Α,S40.8
8.0,Μ23Α,S40.9
8.0,Μ23Α,S49
8.0,Μ23Α,S49.7
8.0,Μ23Α,S49.8
8.0,Μ23Α,S49.9
8.0,Μ23Α,S41
8.0,Μ23Α,S41.0
8.0,Μ23Α,S41.1
8.0,Μ23Α,S41.7
8.0,Μ23Α,S41.8
8.0,Μ23Α,S42
8.0,Μ23Α,S42.0
8.0,Μ23Α,S42.1
8.0,Μ23Α,S42.2
8.0,Μ23Α,S42.3
8.0,Μ23Α,S42.4
8.0,Μ23Α,S42.7
8.0,Μ23Α,S42.8
8.0,Μ23Α,S42.9
8.0,Μ23Α,S43
8.0,Μ23Α,S43.0
8.0,Μ23Α,S43.1
8.0,Μ23Α,S43.2
8.0,Μ23Α,S43.3
8.0,Μ23Α,S43.4
8.0,Μ23Α,S43.5
8.0,Μ23Α,S43.6
8.0,Μ23Α,S43.6)
8.0,Μ23Α,S43.7
8.0,Μ23Α,S44
8.0,Μ23Α,S44.0
8.0,Μ23Α,S44.1
8.0,Μ23Α,S44.2
8.0,Μ23Α,S44.3
8.0,Μ23Α,S44.4
8.0,Μ23Α,S44.5
8.0,Μ23Α,S44.7
8.0,Μ23Α,S44.8
8.0,Μ23Α,S44.9
8.0,Μ23Α,S45
8.0,Μ23Α,S46
8.0,Μ23Α,S46.0
8.0,Μ23Α,S46.1
8.0,Μ23Α,S46.2
8.0,Μ23Α,S46.3
8.0,Μ23Α,S46.7
8.0,Μ23Α,S46.8
8.0,Μ23Α,S46.9
8.0,Μ23Α,S47
8.0,Μ23Α,S48
8.0,Μ23Α,S48.0
8.0,Μ23Α,S48.1
8.0,Μ23Α,S48.9
8.0,Μ23Α,S50
8.0,Μ23Α,S50.0
8.0,Μ23Α,S50.1
8.0,Μ23Α,S50.7
8.0,Μ23Α,S50.8
8.0,Μ23Α,S50.9
8.0,Μ23Α,S51
8.0,Μ23Α,S51.0
8.0,Μ23Α,S51.7
8.0,Μ23Α,S51.8
8.0,Μ23Α,S51.9
8.0,Μ23Α,S52
8.0,Μ23Α,S52.0
8.0,Μ23Α,S52.1
8.0,Μ23Α,S52.2
8.0,Μ23Α,S52.3
8.0,Μ23Α,S52.4
8.0,Μ23Α,S52.5
8.0,Μ23Α,S52.6
8.0,Μ23Α,S52.7
8.0,Μ23Α,S52.8
8.0,Μ23Α,S52.9
8.0,Μ23Α,S53
8.0,Μ23Α,S53.0
8.0,Μ23Α,S53.1
8.0,Μ23Α,S53.2
8.0,Μ23Α,S53.4
8.0,Μ23Α,S54
8.0,Μ23Α,S54.0
8.0,Μ23Α,S54.1
8.0,Μ23Α,S54.2
8.0,Μ23Α,S54.3
8.0,Μ23Α,S54.7
8.0,Μ23Α,S54.8
8.0,Μ23Α,S54.9
8.0,Μ23Α,S55
8.0,Μ23Α,S55.0
8.0,Μ23Α,S55.1
8.0,Μ23Α,S55.2
8.0,Μ23Α,S55.7
8.0,Μ23Α,S55.8
8.0,Μ23Α,S55.9
8.0,Μ23Α,S56
8.0,Μ23Α,S56.0
8.0,Μ23Α,S56.1
8.0,Μ23Α,S56.2
8.0,Μ23Α,S56.3
8.0,Μ23Α,S56.4
8.0,Μ23Α,S56.5
8.0,Μ23Α,S56.7
8.0,Μ23Α,S56.8
8.0,Μ23Α,S57
8.0,Μ23Α,S57.9
8.0,Μ23Α,S57.0
8.0,Μ23Α,S57.8
8.0,Μ23Α,S58
8.0,Μ23Α,S58.0
8.0,Μ23Α,S58.1
8.0,Μ23Α,S58.9
8.0,Μ23Α,S59
8.0,Μ23Α,S59.7
8.0,Μ23Α,S59.8
8.0,Μ23Α,S59.9
8.0,Μ23Α,S60
8.0,Μ23Α,S60.0
8.0,Μ23Α,S60.1
8.0,Μ23Α,S60.2
8.0,Μ23Α,S60.7
8.0,Μ23Α,S60.8
8.0,Μ23Α,S60.9
8.0,Μ23Α,S61
8.0,Μ23Α,S61.0
8.0,Μ23Α,S61.1
8.0,Μ23Α,S61.7
8.0,Μ23Α,S61.8
8.0,Μ23Α,S61.9
8.0,Μ23Α,S62
8.0,Μ23Α,S62.0
8.0,Μ23Α,S62.1
8.0,Μ23Α,S62.2
8.0,Μ23Α,S62.3
8.0,Μ23Α,S62.4
8.0,Μ23Α,S62.5
8.0,Μ23Α,S62.6
8.0,Μ23Α,S62.7
8.0,Μ23Α,S62.8
8.0,Μ23Α,S63
8.0,Μ23Α,S63.0
8.0,Μ23Α,S63.1
8.0,Μ23Α,S63.2
8.0,Μ23Α,S63.3
8.0,Μ23Α,S63.4
8.0,Μ23Α,S63.5
8.0,Μ23Α,S63.6
8.0,Μ23Α,S63.7
8.0,Μ23Α,S64
8.0,Μ23Α,S64.0
8.0,Μ23Α,S64.1
8.0,Μ23Α,S64.2
8.0,Μ23Α,S64.3
8.0,Μ23Α,S64.4
8.0,Μ23Α,S64.7
8.0,Μ23Α,S64.8
8.0,Μ23Α,S64.9
8.0,Μ23Α,S65
8.0,Μ23Α,S65.0
8.0,Μ23Α,S65.1
8.0,Μ23Α,S65.2
8.0,Μ23Α,S65.3
8.0,Μ23Α,S65.4
8.0,Μ23Α,S65.5
8.0,Μ23Α,S65.7
8.0,Μ23Α,S65.8
8.0,Μ23Α,S65.9
8.0,Μ23Α,S66
8.0,Μ23Α,S66.0
8.0,Μ23Α,S66.1
8.0,Μ23Α,S66.2
8.0,Μ23Α,S66.3
8.0,Μ23Α,S66.4
8.0,Μ23Α,S66.5
8.0,Μ23Α,S66.6
8.0,Μ23Α,S66.7
8.0,Μ23Α,S66.8
8.0,Μ23Α,S66.9
8.0,Μ23Α,S67
8.0,Μ23Α,S67.0
8.0,Μ23Α,S67.8
8.0,Μ23Α,S68
8.0,Μ23Α,S68.0
8.0,Μ23Α,S68.1
8.0,Μ23Α,S68.2
8.0,Μ23Α,S68.3
8.0,Μ23Α,S68.4
8.0,Μ23Α,S68.8
8.0,Μ23Α,S68.9
8.0,Μ23Α,S69
8.0,Μ23Α,S69.7
8.0,Μ23Α,S69.8
8.0,Μ23Α,S69.9
8.0,Μ23Α,S80
8.0,Μ23Α,S80.0
8.0,Μ23Α,S80.1
8.0,Μ23Α,S80.7
8.0,Μ23Α,S80.8
8.0,Μ23Α,S80.9
8.0,Μ23Α,S81
8.0,Μ23Α,S81.0
8.0,Μ23Α,S81.7
8.0,Μ23Α,S81.8
8.0,Μ23Α,S81.9
8.0,Μ23Α,S82
8.0,Μ23Α,S82.0
8.0,Μ23Α,S82.2
8.0,Μ23Α,S82.3
8.0,Μ23Α,S82.4
8.0,Μ23Α,S82.5
8.0,Μ23Α,S82.6
8.0,Μ23Α,S82.7
8.0,Μ23Α,S82.8
8.0,Μ23Α,S82.9
8.0,Μ23Α,S83
8.0,Μ23Α,S83.0
8.0,Μ23Α,S83.1
8.0,Μ23Α,S83.2
8.0,Μ23Α,S83.3
8.0,Μ23Α,S83.4
8.0,Μ23Α,S83.5
8.0,Μ23Α,S83.6
8.0,Μ23Α,S83.7
8.0,Μ23Α,S84
8.0,Μ23Α,S84.0
8.0,Μ23Α,S84.1
8.0,Μ23Α,S84.2
8.0,Μ23Α,S84.7
8.0,Μ23Α,S84.8
8.0,Μ23Α,S84.9
8.0,Μ23Α,S85
8.0,Μ23Α,S85.0
8.0,Μ23Α,S85.1
8.0,Μ23Α,S85.2
8.0,Μ23Α,S85.3
8.0,Μ23Α,S85.4
8.0,Μ23Α,S85.5
8.0,Μ23Α,S85.7
8.0,Μ23Α,S85.8
8.0,Μ23Α,S85.9
8.0,Μ23Α,S86
8.0,Μ23Α,S86.0
8.0,Μ23Α,S86.1
8.0,Μ23Α,S86.2
8.0,Μ23Α,S86.3
8.0,Μ23Α,S86.7
8.0,Μ23Α,S86.8
8.0,Μ23Α,S86.9
8.0,Μ23Α,S87
8.0,Μ23Α,S87.0
8.0,Μ23Α,S87.8
8.0,Μ23Α,S88
8.0,Μ23Α,S88.0
8.0,Μ23Α,S88.1
8.0,Μ23Α,S88.9
8.0,Μ23Α,S89
8.0,Μ23Α,S89.7
8.0,Μ23Α,S89.8
8.0,Μ23Α,S89.9
8.0,Μ23Α,S90
8.0,Μ23Α,S90.0
8.0,Μ23Α,S90.1
8.0,Μ23Α,S90.2
8.0,Μ23Α,S90.3
8.0,Μ23Α,S90.7
8.0,Μ23Α,S90.8
8.0,Μ23Α,S90.9
8.0,Μ23Α,S91
8.0,Μ23Α,S91.0
8.0,Μ23Α,S91.1
8.0,Μ23Α,S91.2
8.0,Μ23Α,S91.3
8.0,Μ23Α,S91.7
8.0,Μ23Α,S92
8.0,Μ23Α,S92.0
8.0,Μ23Α,S92.1
8.0,Μ23Α,S92.2
8.0,Μ23Α,S92.3
8.0,Μ23Α,S92.4
8.0,Μ23Α,S92.5
8.0,Μ23Α,S92.7
8.0,Μ23Α,S92.9
8.0,Μ23Α,S93
8.0,Μ23Α,S93.0
8.0,Μ23Α,S93.1
8.0,Μ23Α,S93.2
8.0,Μ23Α,S93.3
8.0,Μ23Α,S93.4
8.0,Μ23Α,S93.5
8.0,Μ23Α,S93.6
8.0,Μ23Α,S94
8.0,Μ23Α,S94.0
8.0,Μ23Α,S94.1
8.0,Μ23Α,S94.2
8.0,Μ23Α,S94.3
8.0,Μ23Α,S94.7
8.0,Μ23Α,S94.8
8.0,Μ23Α,S94.9
8.0,Μ23Α,S95
8.0,Μ23Α,S95.0
8.0,Μ23Α,S95.1
8.0,Μ23Α,S95.2
8.0,Μ23Α,S95.7
8.0,Μ23Α,S95.8
8.0,Μ23Α,S95.9
8.0,Μ23Α,S96
8.0,Μ23Α,S96.0
8.0,Μ23Α,S96.1
8.0,Μ23Α,S96.2
8.0,Μ23Α,S96.7
8.0,Μ23Α,S96.8
8.0,Μ23Α,S96.9
8.0,Μ23Α,S97
8.0,Μ23Α,S97.0
8.0,Μ23Α,S97.1
8.0,Μ23Α,S97.8
8.0,Μ23Α,S98
8.0,Μ23Α,S98.0
8.0,Μ23Α,S98.1
8.0,Μ23Α,S98.2
8.0,Μ23Α,S98.3
8.0,Μ23Α,S98.4
8.0,Μ23Α,S99
8.0,Μ23Α,S99.7
8.0,Μ23Α,S99.8
8.0,Μ23Α,S99.9
8.0,Μ23Α,T00
8.0,Μ23Α,T00.0
8.0,Μ23Α,T00.1
8.0,Μ23Α,T00.2
8.0,Μ23Α,T00.3
8.0,Μ23Α,T00.6
8.0,Μ23Α,T00.8
8.0,Μ23Α,T00.9
8.0,Μ23Α,T01
8.0,Μ23Α,T01.0
8.0,Μ23Α,T01.1
8.0,Μ23Α,T01.2
8.0,Μ23Α,T01.3
8.0,Μ23Α,T01.6
8.0,Μ23Α,T01.8
8.0,Μ23Α,T01.9
8.0,Μ23Α,T02
8.0,Μ23Α,T02.0
8.0,Μ23Α,T02.1
8.0,Μ23Α,T02.2
8.0,Μ23Α,T02.3
8.0,Μ23Α,T02.4
8.0,Μ23Α,T02.5
8.0,Μ23Α,T02.6
8.0,Μ23Α,T02.7
8.0,Μ23Α,T02.8
8.0,Μ23Α,T02.9
8.0,Μ23Α,T03
8.0,Μ23Α,T03.0
8.0,Μ23Α,T03.1
8.0,Μ23Α,T03.2
8.0,Μ23Α,T03.3
8.0,Μ23Α,T03.4
8.0,Μ23Α,T03.8
8.0,Μ23Α,T03.9
8.0,Μ23Α,T04
8.0,Μ23Α,T04.0
8.0,Μ23Α,T04.1
8.0,Μ23Α,T04.2
8.0,Μ23Α,T04.3
8.0,Μ23Α,T04.4
8.0,Μ23Α,T04.7
8.0,Μ23Α,T04.8
8.0,Μ23Α,T04.9
8.0,Μ23Α,T05
8.0,Μ23Α,T05.0
8.0,Μ23Α,T05.1
8.0,Μ23Α,T05.2
8.0,Μ23Α,T05.3
8.0,Μ23Α,T05.4
8.0,Μ23Α,T05.5
8.0,Μ23Α,T05.6
8.0,Μ23Α,T05.8
8.0,Μ23Α,T05.9
8.0,Μ23Α,T06
8.0,Μ23Α,T06.0
8.0,Μ23Α,T06.1
8.0,Μ23Α,T06.2
8.0,Μ23Α,T06.3
8.0,Μ23Α,T06.4
8.0,Μ23Α,T06.5
8.0,Μ23Α,T06.8
8.0,Μ23Α,T07
8.0,Μ23Α,T08
8.0,Μ23Α,T09
8.0,Μ23Α,T09.0
8.0,Μ23Α,T09.1
8.0,Μ23Α,T09.2
8.0,Μ23Α,T09.3
8.0,Μ23Α,T09.4
8.0,Μ23Α,T09.5
8.0,Μ23Α,T09.6
8.0,Μ23Α,T09.8
8.0,Μ23Α,T09.9
8.0,Μ23Α,T10
8.0,Μ23Α,T11
8.0,Μ23Α,T11.0
8.0,Μ23Α,T11.1
8.0,Μ23Α,T11.2
8.0,Μ23Α,T11.3
8.0,Μ23Α,T11.4
8.0,Μ23Α,T11.5
8.0,Μ23Α,T11.6
8.0,Μ23Α,T11.8
8.0,Μ23Α,T11.9
8.0,Μ23Α,T12
8.0,Μ23Α,T13
8.0,Μ23Α,T13.0
8.0,Μ23Α,T13.1
8.0,Μ23Α,T13.2
8.0,Μ23Α,T13.3
8.0,Μ23Α,T13.4
8.0,Μ23Α,T13.5
8.0,Μ23Α,T13.6
8.0,Μ23Α,T13.8
8.0,Μ23Α,T13.9
8.0,Μ23Α,T14
8.0,Μ23Α,T14.1
8.0,Μ23Α,T14.3
8.0,Μ23Α,T14.4
8.0,Μ23Α,T14.5
8.0,Μ23Α,T14.7
8.0,Μ23Α,T14.8
8.0,Μ23Α,T14.9
8.0,Μ24Α,M00
8.0,Μ24Α,M00.0
8.0,Μ24Α,M00.1
8.0,Μ24Α,M00.2
8.0,Μ24Α,M00.8
8.0,Μ24Α,M00.9
8.0,Μ24Α,M01*
8.0,Μ24Α,M01.0*
8.0,Μ24Α,M01.1*
8.0,Μ24Α,M01.2*
8.0,Μ24Α,M01.3*
8.0,Μ24Α,M01.4*
8.0,Μ24Α,M01.5*
8.0,Μ24Α,M01.6*
8.0,Μ24Α,M01.8*
8.0,Μ24Α,M02
8.0,Μ24Α,M02.0
8.0,Μ24Α,M02.1
8.0,Μ24Α,M02.2
8.0,Μ24Α,M02.3
8.0,Μ24Α,M02.8
8.0,Μ24Α,M02.9
8.0,Μ24Α,M03*
8.0,Μ24Α,M03.0*
8.0,Μ24Α,M03.1*
8.0,Μ24Α,M03.2*
8.0,Μ24Α,M03.6*
8.0,Μ24Α,M05
8.0,Μ24Α,M05.0
8.0,Μ24Α,M05.1
8.0,Μ24Α,M05.2
8.0,Μ24Α,M05.3
8.0,Μ24Α,M05.8
8.0,Μ24Α,M05.9
8.0,Μ24Α,M06
8.0,Μ24Α,M06.0
8.0,Μ24Α,M06.1
8.0,Μ24Α,M06.2
8.0,Μ24Α,M06.3
8.0,Μ24Α,M06.4
8.0,Μ24Α,M06.8
8.0,Μ24Α,M06.9
8.0,Μ24Α,M07*
8.0,Μ24Α,M07.0*
8.0,Μ24Α,M07.1*
8.0,Μ24Α,M07.2*
8.0,Μ24Α,M07.3*
8.0,Μ24Α,M07.4*
8.0,Μ24Α,M07.5*
8.0,Μ24Α,M07.6*
8.0,Μ24Α,M08
8.0,Μ24Α,M08.0
8.0,Μ24Α,M08.1
8.0,Μ24Α,M08.2
8.0,Μ24Α,M08.3
8.0,Μ24Α,M08.4
8.0,Μ24Α,M08.8
8.0,Μ24Α,M08.9
8.0,Μ24Α,M09*
8.0,Μ24Α,M09.0*
8.0,Μ24Α,M09.1*
8.0,Μ24Α,M09.2*
8.0,Μ24Α,M09.8*
8.0,Μ24Α,M10
8.0,Μ24Α,M10.0
8.0,Μ24Α,M10.1
8.0,Μ24Α,M10.2
8.0,Μ24Α,M10.3
8.0,Μ24Α,M10.4
8.0,Μ24Α,M10.9
8.0,Μ24Α,M11
8.0,Μ24Α,M11.0
8.0,Μ24Α,M11.1
8.0,Μ24Α,M11.2
8.0,Μ24Α,M11.8
8.0,Μ24Α,M11.9
8.0,Μ24Α,M12
8.0,Μ24Α,M12.0
8.0,Μ24Α,M12.1
8.0,Μ24Α,M12.2
8.0,Μ24Α,M12.3
8.0,Μ24Α,M12.4
8.0,Μ24Α,M12.5
8.0,Μ24Α,M12.8
8.0,Μ24Α,M13
8.0,Μ24Α,M13.0
8.0,Μ24Α,M13.1
8.0,Μ24Α,M13.8
8.0,Μ24Α,M13.9
8.0,Μ24Α,M14*
8.0,Μ24Α,M14.0*
8.0,Μ24Α,M14.1*
8.0,Μ24Α,M14.2*
8.0,Μ24Α,M14.3*
8.0,Μ24Α,M14.4*
8.0,Μ24Α,M14.5*
8.0,Μ24Α,M14.6*
8.0,Μ24Α,M14.8*
8.0,Μ24Α,M15
8.0,Μ24Α,M15.0
8.0,Μ24Α,M15.1
8.0,Μ24Α,M15.2
8.0,Μ24Α,M15.3
8.0,Μ24Α,M15.4
8.0,Μ24Α,M15.8
8.0,Μ24Α,M15.9
8.0,Μ24Α,M16
8.0,Μ24Α,M16.0
8.0,Μ24Α,M16.1
8.0,Μ24Α,M16.2
8.0,Μ24Α,M16.3
8.0,Μ24Α,M16.4
8.0,Μ24Α,M16.5
8.0,Μ24Α,M16.6
8.0,Μ24Α,M16.7
8.0,Μ24Α,M16.9
8.0,Μ24Α,M17
8.0,Μ24Α,M17.0
8.0,Μ24Α,M17.1
8.0,Μ24Α,M17.2
8.0,Μ24Α,M17.3
8.0,Μ24Α,M17.4
8.0,Μ24Α,M17.5
8.0,Μ24Α,M17.9
8.0,Μ24Α,M18
8.0,Μ24Α,M18.0
8.0,Μ24Α,M18.1
8.0,Μ24Α,M18.2
8.0,Μ24Α,M18.3
8.0,Μ24Α,M18.4
8.0,Μ24Α,M18.5
8.0,Μ24Α,M18.9
8.0,Μ24Α,M19
8.0,Μ24Α,M19.0
8.0,Μ24Α,M19.1
8.0,Μ24Α,M19.2
8.0,Μ24Α,M19.8
8.0,Μ24Α,M19.9
8.0,Μ24Α,M20
8.0,Μ24Α,M20.0
8.0,Μ24Α,M20.1
8.0,Μ24Α,M20.2
8.0,Μ24Α,M20.3
8.0,Μ24Α,M20.4
8.0,Μ24Α,M20.5
8.0,Μ24Α,M20.6
8.0,Μ24Α,M21
8.0,Μ24Α,M21.0
8.0,Μ24Α,M21.1
8.0,Μ24Α,M21.2
8.0,Μ24Α,M21.3
8.0,Μ24Α,M21.4
8.0,Μ24Α,M21.5
8.0,Μ24Α,M21.6
8.0,Μ24Α,M21.7
8.0,Μ24Α,M21.8
8.0,Μ24Α,M21.9
8.0,Μ24Α,M22
8.0,Μ24Α,M22.0
8.0,Μ24Α,M22.1
8.0,Μ24Α,M22.2
8.0,Μ24Α,M22.3
8.0,Μ24Α,M22.4
8.0,Μ24Α,M22.8
8.0,Μ24Α,M22.9
8.0,Μ24Α,M23
8.0,Μ24Α,M23.0
8.0,Μ24Α,M23.1
8.0,Μ24Α,M23.2
8.0,Μ24Α,M23.3
8.0,Μ24Α,M23.4
8.0,Μ24Α,M23.5
8.0,Μ24Α,M23.6
8.0,Μ24Α,M23.8
8.0,Μ24Α,M23.9
8.0,Μ24Α,M24
8.0,Μ24Α,M24.0
8.0,Μ24Α,M24.1
8.0,Μ24Α,M24.2
8.0,Μ24Α,M24.4
8.0,Μ24Α,M24.5
8.0,Μ24Α,M24.6
8.0,Μ24Α,M24.7
8.0,Μ24Α,M24.8
8.0,Μ24Α,M25
8.0,Μ25Μ,C40
8.0,Μ25Μ,C40.0
8.0,Μ25Μ,C40.1
8.0,Μ25Μ,C40.2
8.0,Μ25Μ,C40.3
8.0,Μ25Μ,C40.8
8.0,Μ25Μ,C40.9
8.0,Μ25Μ,C41
8.0,Μ25Μ,C41.0
8.0,Μ25Μ,C41.1
8.0,Μ25Μ,C41.2
8.0,Μ25Μ,C41.3
8.0,Μ25Μ,C41.4
8.0,Μ25Μ,C41.8
8.0,Μ25Μ,C41.9
8.0,Μ25Μ,M83
8.0,Μ25Μ,M83.0
8.0,Μ25Μ,M83.1
8.0,Μ25Μ,M83.2
8.0,Μ25Μ,M83.3
8.0,Μ25Μ,M83.4
8.0,Μ25Μ,M83.5
8.0,Μ25Μ,M83.8
8.0,Μ25Μ,M83.9
8.0,Μ25Μ,M84
8.0,Μ25Μ,M84.0
8.0,Μ25Μ,M84.1
8.0,Μ25Μ,M84.2
8.0,Μ25Μ,M84.3
8.0,Μ25Μ,M84.4
8.0,Μ25Μ,M84.8
8.0,Μ25Μ,M84.9
8.0,Μ25Μ,M85
8.0,Μ25Μ,M85.0
8.0,Μ25Μ,M85.1
8.0,Μ25Μ,M85.2
8.0,Μ25Μ,M85.3
8.0,Μ25Μ,M85.4
8.0,Μ25Μ,M85.5
8.0,Μ25Μ,M85.6
8.0,Μ25Μ,M85.8
8.0,Μ25Μ,M85.9
8.0,Μ25Μ,M86
8.0,Μ25Μ,M86.0
8.0,Μ25Μ,M86.1
8.0,Μ25Μ,M86.2
8.0,Μ25Μ,M86.3
8.0,Μ25Μ,M86.4
8.0,Μ25Μ,M86.5
8.0,Μ25Μ,M86.6
8.0,Μ25Μ,M86.8
8.0,Μ25Μ,M86.9
8.0,Μ25Μ,M87
8.0,Μ25Μ,M87.0
8.0,Μ25Μ,M87.1
8.0,Μ25Μ,M87.2
8.0,Μ25Μ,M87.3
8.0,Μ25Μ,M87.8
8.0,Μ25Μ,M87.9
8.0,Μ25Μ,M88
8.0,Μ25Μ,M88.0
8.0,Μ25Μ,M88.8
8.0,Μ25Μ,M88.9
8.0,Μ25Μ,M89
8.0,Μ25Μ,M89.0
8.0,Μ25Μ,M89.1
8.0,Μ25Μ,M89.2
8.0,Μ25Μ,M89.3
8.0,Μ25Μ,M89.4
8.0,Μ25Μ,M89.6
8.0,Μ25Μ,M89.8
8.0,Μ25Μ,M89.9
8.0,Μ25Μ,M90
8.0,Μ25Μ,M90*
8.0,Μ25Μ,M90.0*
8.0,Μ25Μ,M90.1*
8.0,Μ25Μ,M90.2*
8.0,Μ25Μ,M90.3*
8.0,Μ25Μ,M90.4*
8.0,Μ25Μ,M90.5*
8.0,Μ25Μ,M90.6*
8.0,Μ25Μ,M90.7*
8.0,Μ25Μ,M90.8*
8.0,Μ25Χ,C40
8.0,Μ25Χ,C40.0
8.0,Μ25Χ,C40.1
8.0,Μ25Χ,C40.2
8.0,Μ25Χ,C40.3
8.0,Μ25Χ,C40.8
8.0,Μ25Χ,C40.9
8.0,Μ25Χ,C41
8.0,Μ25Χ,C41.0
8.0,Μ25Χ,C41.1
8.0,Μ25Χ,C41.2
8.0,Μ25Χ,C41.3
8.0,Μ25Χ,C41.4
8.0,Μ25Χ,C41.8
8.0,Μ25Χ,C41.9
8.0,Μ25Χ,M83
8.0,Μ25Χ,M83.0
8.0,Μ25Χ,M83.1
8.0,Μ25Χ,M83.2
8.0,Μ25Χ,M83.3
8.0,Μ25Χ,M83.4
8.0,Μ25Χ,M83.5
8.0,Μ25Χ,M83.8
8.0,Μ25Χ,M83.9
8.0,Μ25Χ,M84
8.0,Μ25Χ,M84.0
8.0,Μ25Χ,M84.1
8.0,Μ25Χ,M84.2
8.0,Μ25Χ,M84.3
8.0,Μ25Χ,M84.4
8.0,Μ25Χ,M84.8
8.0,Μ25Χ,M84.9
8.0,Μ25Χ,M85
8.0,Μ25Χ,M85.0
8.0,Μ25Χ,M85.1
8.0,Μ25Χ,M85.2
8.0,Μ25Χ,M85.3
8.0,Μ25Χ,M85.4
8.0,Μ25Χ,M85.5
8.0,Μ25Χ,M85.6
8.0,Μ25Χ,M85.8
8.0,Μ25Χ,M85.9
8.0,Μ25Χ,M86
8.0,Μ25Χ,M86.0
8.0,Μ25Χ,M86.1
8.0,Μ25Χ,M86.2
8.0,Μ25Χ,M86.3
8.0,Μ25Χ,M86.4
8.0,Μ25Χ,M86.5
8.0,Μ25Χ,M86.6
8.0,Μ25Χ,M86.8
8.0,Μ25Χ,M86.9
8.0,Μ25Χ,M87
8.0,Μ25Χ,M87.0
8.0,Μ25Χ,M87.1
8.0,Μ25Χ,M87.2
8.0,Μ25Χ,M87.3
8.0,Μ25Χ,M87.8
8.0,Μ25Χ,M87.9
8.0,Μ25Χ,M88
8.0,Μ25Χ,M88.0
8.0,Μ25Χ,M88.8
8.0,Μ25Χ,M88.9
8.0,Μ25Χ,M89
8.0,Μ25Χ,M89.0
8.0,Μ25Χ,M89.1
8.0,Μ25Χ,M89.2
8.0,Μ25Χ,M89.3
8.0,Μ25Χ,M89.4
8.0,Μ25Χ,M89.6
8.0,Μ25Χ,M89.8
8.0,Μ25Χ,M89.9
8.0,Μ25Χ,M90
8.0,Μ25Χ,M90*
8.0,Μ25Χ,M90.0*
8.0,Μ25Χ,M90.1*
8.0,Μ25Χ,M90.2*
8.0,Μ25Χ,M90.3*
8.0,Μ25Χ,M90.4*
8.0,Μ25Χ,M90.5*
8.0,Μ25Χ,M90.6*
8.0,Μ25Χ,M90.7*
8.0,Μ25Χ,M90.8*
8.0,Μ31Μ,C40
8.0,Μ31Μ,C40.8
8.0,Μ31Μ,C41
8.0,Μ31Μ,C41.8
8.0,Μ31Μ,C41.9
8.0,Μ31Μ,C79.5
8.0,Μ31Μ,D03.5
8.0,Μ31Μ,M02.3
8.0,Μ31Μ,M03*
8.0,Μ31Μ,M03.6*
8.0,Μ31Μ,M05
8.0,Μ31Μ,M05.3
8.0,Μ31Μ,M05.8
8.0,Μ31Μ,M05.9
8.0,Μ31Μ,M06
8.0,Μ31Μ,M06.0
8.0,Μ31Μ,M06.1
8.0,Μ31Μ,M06.2
8.0,Μ31Μ,M06.3
8.0,Μ31Μ,M06.4
8.0,Μ31Μ,M06.8
8.0,Μ31Μ,M06.9
8.0,Μ31Μ,M07.3*
8.0,Μ31Μ,M11
8.0,Μ31Μ,M11.0
8.0,Μ31Μ,M11.1
8.0,Μ31Μ,M11.2
8.0,Μ31Μ,M11.8
8.0,Μ31Μ,M11.9
8.0,Μ31Μ,M12
8.0,Μ31Μ,M12.2
8.0,Μ31Μ,M12.8
8.0,Μ31Μ,M13
8.0,Μ31Μ,M13.0
8.0,Μ31Μ,M13.1
8.0,Μ31Μ,M13.8
8.0,Μ31Μ,M13.9
8.0,Μ31Μ,M14*
8.0,Μ31Μ,M14.6*
8.0,Μ31Μ,M15
8.0,Μ31Μ,M15.0
8.0,Μ31Μ,M15.1
8.0,Μ31Μ,M15.2
8.0,Μ31Μ,M15.3
8.0,Μ31Μ,M15.4
8.0,Μ31Μ,M15.8
8.0,Μ31Μ,M15.9
8.0,Μ31Μ,M16
8.0,Μ31Μ,M16.0
8.0,Μ31Μ,M16.1
8.0,Μ31Μ,M16.2
8.0,Μ31Μ,M16.3
8.0,Μ31Μ,M16.4
8.0,Μ31Μ,M16.5
8.0,Μ31Μ,M16.6
8.0,Μ31Μ,M16.7
8.0,Μ31Μ,M16.9
8.0,Μ31Μ,M19
8.0,Μ31Μ,M19.0
8.0,Μ31Μ,M19.1
8.0,Μ31Μ,M19.2
8.0,Μ31Μ,M19.8
8.0,Μ31Μ,M19.9
8.0,Μ31Μ,M24
8.0,Μ31Μ,M24.1
8.0,Μ31Μ,M24.8
8.0,Μ31Μ,M25
8.0,Μ31Μ,M32
8.0,Μ31Μ,M32.8
8.0,Μ31Μ,M84
8.0,Μ31Μ,M84.0
8.0,Μ31Μ,M84.8
8.0,Μ31Μ,M87
8.0,Μ31Μ,M87.0
8.0,Μ31Μ,M87.1
8.0,Μ31Μ,M87.2
8.0,Μ31Μ,M87.3
8.0,Μ31Μ,M87.8
8.0,Μ31Μ,M87.9
8.0,Μ31Μ,Q65.9
8.0,Μ31Μ,Q74
8.0,Μ31Μ,Q74.1
8.0,Μ31Μ,Q74.3
8.0,Μ31Μ,Q74.8
8.0,Μ31Μ,Q74.9
8.0,Μ31Μ,S32.4
8.0,Μ31Χ,C40
8.0,Μ31Χ,C40.8
8.0,Μ31Χ,C41
8.0,Μ31Χ,C41.8
8.0,Μ31Χ,C41.9
8.0,Μ31Χ,C79.5
8.0,Μ31Χ,D03.5
8.0,Μ31Χ,M02.3
8.0,Μ31Χ,M03*
8.0,Μ31Χ,M03.6*
8.0,Μ31Χ,M05
8.0,Μ31Χ,M05.3
8.0,Μ31Χ,M05.8
8.0,Μ31Χ,M05.9
8.0,Μ31Χ,M06
8.0,Μ31Χ,M06.0
8.0,Μ31Χ,M06.1
8.0,Μ31Χ,M06.2
8.0,Μ31Χ,M06.3
8.0,Μ31Χ,M06.4
8.0,Μ31Χ,M06.8
8.0,Μ31Χ,M06.9
8.0,Μ31Χ,M07.3*
8.0,Μ31Χ,M11
8.0,Μ31Χ,M11.0
8.0,Μ31Χ,M11.1
8.0,Μ31Χ,M11.2
8.0,Μ31Χ,M11.8
8.0,Μ31Χ,M11.9
8.0,Μ31Χ,M12
8.0,Μ31Χ,M12.2
8.0,Μ31Χ,M12.8
8.0,Μ31Χ,M13
8.0,Μ31Χ,M13.0
8.0,Μ31Χ,M13.1
8.0,Μ31Χ,M13.8
8.0,Μ31Χ,M13.9
8.0,Μ31Χ,M14*
8.0,Μ31Χ,M14.6*
8.0,Μ31Χ,M15
8.0,Μ31Χ,M15.0
8.0,Μ31Χ,M15.1
8.0,Μ31Χ,M15.2
8.0,Μ31Χ,M15.3
8.0,Μ31Χ,M15.4
8.0,Μ31Χ,M15.8
8.0,Μ31Χ,M15.9
8.0,Μ31Χ,M16
8.0,Μ31Χ,M16.0
8.0,Μ31Χ,M16.1
8.0,Μ31Χ,M16.2
8.0,Μ31Χ,M16.3
8.0,Μ31Χ,M16.4
8.0,Μ31Χ,M16.5
8.0,Μ31Χ,M16.6
8.0,Μ31Χ,M16.7
8.0,Μ31Χ,M16.9
8.0,Μ31Χ,M19
8.0,Μ31Χ,M19.0
8.0,Μ31Χ,M19.1
8.0,Μ31Χ,M19.2
8.0,Μ31Χ,M19.8
8.0,Μ31Χ,M19.9
8.0,Μ31Χ,M24
8.0,Μ31Χ,M24.1
8.0,Μ31Χ,M24.8
8.0,Μ31Χ,M25
8.0,Μ31Χ,M32
8.0,Μ31Χ,M32.8
8.0,Μ31Χ,M84
8.0,Μ31Χ,M84.0
8.0,Μ31Χ,M84.8
8.0,Μ31Χ,M87
8.0,Μ31Χ,M87.0
8.0,Μ31Χ,M87.1
8.0,Μ31Χ,M87.2
8.0,Μ31Χ,M87.3
8.0,Μ31Χ,M87.8
8.0,Μ31Χ,M87.9
8.0,Μ31Χ,Q65.9
8.0,Μ31Χ,Q74
8.0,Μ31Χ,Q74.1
8.0,Μ31Χ,Q74.3
8.0,Μ31Χ,Q74.8
8.0,Μ31Χ,Q74.9
8.0,Μ31Χ,S32.4
8.0,Μ31Μ,S70
8.0,Μ31Μ,S70.0
8.0,Μ31Μ,S70.1
8.0,Μ31Μ,S70.7
8.0,Μ31Μ,S70.8
8.0,Μ31Μ,S70.9
8.0,Μ31Μ,S71
8.0,Μ31Μ,S71.0
8.0,Μ31Μ,S71.1
8.0,Μ31Μ,S71.7
8.0,Μ31Μ,S71.8
8.0,Μ31Μ,S72
8.0,Μ31Μ,S72.0
8.0,Μ31Μ,S72.1
8.0,Μ31Μ,S72.2
8.0,Μ31Μ,S72.3
8.0,Μ31Μ,S72.4
8.0,Μ31Μ,S72.7
8.0,Μ31Μ,S72.8
8.0,Μ31Μ,S72.9
8.0,Μ31Μ,S73
8.0,Μ31Μ,S73.0
8.0,Μ31Μ,S73.1
8.0,Μ31Μ,S74
8.0,Μ31Μ,S74.0
8.0,Μ31Μ,S74.1
8.0,Μ31Μ,S74.2
8.0,Μ31Μ,S74.7
8.0,Μ31Μ,S74.8
8.0,Μ31Μ,S74.9
8.0,Μ31Μ,S75
8.0,Μ31Μ,S75.0
8.0,Μ31Μ,S75.1
8.0,Μ31Μ,S75.2
8.0,Μ31Μ,S75.7
8.0,Μ31Μ,S75.8
8.0,Μ31Μ,S75.9
8.0,Μ31Μ,S76
8.0,Μ31Μ,S76.0
8.0,Μ31Μ,S76.1
8.0,Μ31Μ,S76.2
8.0,Μ31Μ,S76.3
8.0,Μ31Μ,S76.4
8.0,Μ31Μ,S76.7
8.0,Μ31Μ,S77
8.0,Μ31Μ,S77.0
8.0,Μ31Μ,S77.1
8.0,Μ31Μ,S77.2
8.0,Μ31Μ,S78
8.0,Μ31Μ,S78.0
8.0,Μ31Μ,S78.1
8.0,Μ31Μ,S78.9
8.0,Μ31Μ,S79
8.0,Μ31Μ,S79.7
8.0,Μ31Μ,S79.8
8.0,Μ31Μ,S79.9
8.0,Μ31Χ,C40
8.0,Μ31Χ,C40.8
8.0,Μ31Χ,C41
8.0,Μ31Χ,C41.8
8.0,Μ31Χ,C41.9
8.0,Μ31Χ,C79.5
8.0,Μ31Χ,D03.5
8.0,Μ31Χ,M02.3
8.0,Μ31Χ,M03*
8.0,Μ31Χ,M03.6*
8.0,Μ31Χ,M05
8.0,Μ31Χ,M05.3
8.0,Μ31Χ,M05.8
8.0,Μ31Χ,M05.9
8.0,Μ31Χ,M06
8.0,Μ31Χ,M06.0
8.0,Μ31Χ,M06.1
8.0,Μ31Χ,M06.2
8.0,Μ31Χ,M06.3
8.0,Μ31Χ,M06.4
8.0,Μ31Χ,M06.8
8.0,Μ31Χ,M06.9
8.0,Μ31Χ,M07.3*
8.0,Μ31Χ,M11
8.0,Μ31Χ,M11.0
8.0,Μ31Χ,M11.1
8.0,Μ31Χ,M11.2
8.0,Μ31Χ,M11.8
8.0,Μ31Χ,M11.9
8.0,Μ31Χ,M12
8.0,Μ31Χ,M12.2
8.0,Μ31Χ,M12.8
8.0,Μ31Χ,M13
8.0,Μ31Χ,M13.0
8.0,Μ31Χ,M13.1
8.0,Μ31Χ,M13.8
8.0,Μ31Χ,M13.9
8.0,Μ31Χ,M14*
8.0,Μ31Χ,M14.6*
8.0,Μ31Χ,M15
8.0,Μ31Χ,M15.0
8.0,Μ31Χ,M15.1
8.0,Μ31Χ,M15.2
8.0,Μ31Χ,M15.3
8.0,Μ31Χ,M15.4
8.0,Μ31Χ,M15.8
8.0,Μ31Χ,M15.9
8.0,Μ31Χ,M16
8.0,Μ31Χ,M16.0
8.0,Μ31Χ,M16.1
8.0,Μ31Χ,M16.2
8.0,Μ31Χ,M16.3
8.0,Μ31Χ,M16.4
8.0,Μ31Χ,M16.5
8.0,Μ31Χ,M16.6
8.0,Μ31Χ,M16.7
8.0,Μ31Χ,M16.9
8.0,Μ31Χ,M19
8.0,Μ31Χ,M19.0
8.0,Μ31Χ,M19.1
8.0,Μ31Χ,M19.2
8.0,Μ31Χ,M19.8
8.0,Μ31Χ,M19.9
8.0,Μ31Χ,M24
8.0,Μ31Χ,M24.1
8.0,Μ31Χ,M24.8
8.0,Μ31Χ,M25
8.0,Μ31Χ,M32
8.0,Μ31Χ,M32.8
8.0,Μ31Χ,M84
8.0,Μ31Χ,M84.0
8.0,Μ31Χ,M84.8
8.0,Μ31Χ,M87
8.0,Μ31Χ,M87.0
8.0,Μ31Χ,M87.1
8.0,Μ31Χ,M87.2
8.0,Μ31Χ,M87.3
8.0,Μ31Χ,M87.8
8.0,Μ31Χ,M87.9
8.0,Μ31Χ,Q65.9
8.0,Μ31Χ,Q74
8.0,Μ31Χ,Q74.1
8.0,Μ31Χ,Q74.3
8.0,Μ31Χ,Q74.8
8.0,Μ31Χ,Q74.9
8.0,Μ31Χ,S32.4
8.0,Μ31Χ,S70
8.0,Μ31Χ,S70.0
8.0,Μ31Χ,S70.1
8.0,Μ31Χ,S70.7
8.0,Μ31Χ,S70.8
8.0,Μ31Χ,S70.9
8.0,Μ31Χ,S71
8.0,Μ31Χ,S71.0
8.0,Μ31Χ,S71.1
8.0,Μ31Χ,S71.7
8.0,Μ31Χ,S71.8
8.0,Μ31Χ,S72
8.0,Μ31Χ,S72.0
8.0,Μ31Χ,S72.1
8.0,Μ31Χ,S72.2
8.0,Μ31Χ,S72.3
8.0,Μ31Χ,S72.4
8.0,Μ31Χ,S72.7
8.0,Μ31Χ,S72.8
8.0,Μ31Χ,S72.9
8.0,Μ31Χ,S73
8.0,Μ31Χ,S73.0
8.0,Μ31Χ,S73.1
8.0,Μ31Χ,S74
8.0,Μ31Χ,S74.0
8.0,Μ31Χ,S74.1
8.0,Μ31Χ,S74.2
8.0,Μ31Χ,S74.7
8.0,Μ31Χ,S74.8
8.0,Μ31Χ,S74.9
8.0,Μ31Χ,S75
8.0,Μ31Χ,S75.0
8.0,Μ31Χ,S75.1
8.0,Μ31Χ,S75.2
8.0,Μ31Χ,S75.7
8.0,Μ31Χ,S75.8
8.0,Μ31Χ,S75.9
8.0,Μ31Χ,S76
8.0,Μ31Χ,S76.0
8.0,Μ31Χ,S76.1
8.0,Μ31Χ,S76.2
8.0,Μ31Χ,S76.3
8.0,Μ31Χ,S76.4
8.0,Μ31Χ,S76.7
8.0,Μ31Χ,S77
8.0,Μ31Χ,S77.0
8.0,Μ31Χ,S77.1
8.0,Μ31Χ,S77.2
8.0,Μ31Χ,S78
8.0,Μ31Χ,S78.0
8.0,Μ31Χ,S78.1
8.0,Μ31Χ,S78.9
8.0,Μ31Χ,S79
8.0,Μ31Χ,S79.7
8.0,Μ31Χ,S79.8
8.0,Μ31Χ,S79.9
8.0,Μ32Μα,M00
8.0,Μ32Μα,M00.0
8.0,Μ32Μα,M00.1
8.0,Μ32Μα,M00.2
8.0,Μ32Μα,M00.8
8.0,Μ32Μα,M00.9
8.0,Μ32Μα,M01*
8.0,Μ32Μα,M01.0*
8.0,Μ32Μα,M01.1*
8.0,Μ32Μα,M01.2*
8.0,Μ32Μα,M01.3*
8.0,Μ32Μα,M01.4*
8.0,Μ32Μα,M01.5*
8.0,Μ32Μα,M01.6*
8.0,Μ32Μα,M01.8*
8.0,Μ32Μα,M02
8.0,Μ32Μα,M02.0
8.0,Μ32Μα,M02.1
8.0,Μ32Μα,M02.2
8.0,Μ32Μα,M02.3
8.0,Μ32Μα,M02.8
8.0,Μ32Μα,M02.9
8.0,Μ32Μα,M03*
8.0,Μ32Μα,M03.0*
8.0,Μ32Μα,M03.1*
8.0,Μ32Μα,M03.2*
8.0,Μ32Μα,M03.6*
8.0,Μ32Μα,M05
8.0,Μ32Μα,M05.0
8.0,Μ32Μα,M05.1
8.0,Μ32Μα,M05.2
8.0,Μ32Μα,M05.3
8.0,Μ32Μα,M05.8
8.0,Μ32Μα,M05.9
8.0,Μ32Μα,M06
8.0,Μ32Μα,M06.0
8.0,Μ32Μα,M06.1
8.0,Μ32Μα,M06.2
8.0,Μ32Μα,M06.3
8.0,Μ32Μα,M06.4
8.0,Μ32Μα,M06.8
8.0,Μ32Μα,M06.9
8.0,Μ32Μα,M07*
8.0,Μ32Μα,M07.0*
8.0,Μ32Μα,M07.1*
8.0,Μ32Μα,M07.2*
8.0,Μ32Μα,M07.3*
8.0,Μ32Μα,M07.4*
8.0,Μ32Μα,M07.5*
8.0,Μ32Μα,M07.6*
8.0,Μ32Μα,M08
8.0,Μ32Μα,M08.0
8.0,Μ32Μα,M08.1
8.0,Μ32Μα,M08.2
8.0,Μ32Μα,M08.3
8.0,Μ32Μα,M08.4
8.0,Μ32Μα,M08.8
8.0,Μ32Μα,M08.9
8.0,Μ32Μα,M09*
8.0,Μ32Μα,M09.0*
8.0,Μ32Μα,M09.1*
8.0,Μ32Μα,M09.2*
8.0,Μ32Μα,M09.8*
8.0,Μ32Μα,M10
8.0,Μ32Μα,M10.0
8.0,Μ32Μα,M10.1
8.0,Μ32Μα,M10.2
8.0,Μ32Μα,M10.3
8.0,Μ32Μα,M10.4
8.0,Μ32Μα,M10.9
8.0,Μ32Μα,M11
8.0,Μ32Μα,M11.0
8.0,Μ32Μα,M11.1
8.0,Μ32Μα,M11.2
8.0,Μ32Μα,M11.8
8.0,Μ32Μα,M11.9
8.0,Μ32Μα,M12
8.0,Μ32Μα,M12.0
8.0,Μ32Μα,M12.1
8.0,Μ32Μα,M12.2
8.0,Μ32Μα,M12.3
8.0,Μ32Μα,M12.4
8.0,Μ32Μα,M12.5
8.0,Μ32Μα,M12.8
8.0,Μ32Μα,M13
8.0,Μ32Μα,M13.0
8.0,Μ32Μα,M13.1
8.0,Μ32Μα,M13.8
8.0,Μ32Μα,M13.9
8.0,Μ32Μα,M14*
8.0,Μ32Μα,M14.0*
8.0,Μ32Μα,M14.1*
8.0,Μ32Μα,M14.2*
8.0,Μ32Μα,M14.3*
8.0,Μ32Μα,M14.4*
8.0,Μ32Μα,M14.5*
8.0,Μ32Μα,M14.6*
8.0,Μ32Μα,M14.8*
8.0,Μ32Μα,M15
8.0,Μ32Μα,M15.0
8.0,Μ32Μα,M15.1
8.0,Μ32Μα,M15.2
8.0,Μ32Μα,M15.3
8.0,Μ32Μα,M15.4
8.0,Μ32Μα,M15.8
8.0,Μ32Μα,M15.9
8.0,Μ32Μα,M16
8.0,Μ32Μα,M16.0
8.0,Μ32Μα,M16.1
8.0,Μ32Μα,M16.2
8.0,Μ32Μα,M16.3
8.0,Μ32Μα,M16.4
8.0,Μ32Μα,M16.5
8.0,Μ32Μα,M16.6
8.0,Μ32Μα,M16.7
8.0,Μ32Μα,M16.9
8.0,Μ32Μα,M17
8.0,Μ32Μα,M17.0
8.0,Μ32Μα,M17.1
8.0,Μ32Μα,M17.2
8.0,Μ32Μα,M17.3
8.0,Μ32Μα,M17.4
8.0,Μ32Μα,M17.5
8.0,Μ32Μα,M17.9
8.0,Μ32Μα,M18
8.0,Μ32Μα,M18.0
8.0,Μ32Μα,M18.1
8.0,Μ32Μα,M18.2
8.0,Μ32Μα,M18.3
8.0,Μ32Μα,M18.4
8.0,Μ32Μα,M18.5
8.0,Μ32Μα,M18.9
8.0,Μ32Μα,M19
8.0,Μ32Μα,M19.0
8.0,Μ32Μα,M19.1
8.0,Μ32Μα,M19.2
8.0,Μ32Μα,M19.8
8.0,Μ32Μα,M19.9
8.0,Μ32Μα,M20
8.0,Μ32Μα,M20.0
8.0,Μ32Μα,M20.1
8.0,Μ32Μα,M20.2
8.0,Μ32Μα,M20.3
8.0,Μ32Μα,M20.4
8.0,Μ32Μα,M20.5
8.0,Μ32Μα,M20.6
8.0,Μ32Μα,M21
8.0,Μ32Μα,M21.0
8.0,Μ32Μα,M21.1
8.0,Μ32Μα,M21.2
8.0,Μ32Μα,M21.3
8.0,Μ32Μα,M21.4
8.0,Μ32Μα,M21.5
8.0,Μ32Μα,M21.6
8.0,Μ32Μα,M21.7
8.0,Μ32Μα,M21.8
8.0,Μ32Μα,M21.9
8.0,Μ32Μα,M22
8.0,Μ32Μα,M22.0
8.0,Μ32Μα,M22.1
8.0,Μ32Μα,M22.2
8.0,Μ32Μα,M22.3
8.0,Μ32Μα,M22.4
8.0,Μ32Μα,M22.8
8.0,Μ32Μα,M22.9
8.0,Μ32Μα,M23
8.0,Μ32Μα,M23.0
8.0,Μ32Μα,M23.1
8.0,Μ32Μα,M23.2
8.0,Μ32Μα,M23.3
8.0,Μ32Μα,M23.4
8.0,Μ32Μα,M23.5
8.0,Μ32Μα,M23.6
8.0,Μ32Μα,M23.8
8.0,Μ32Μα,M23.9
8.0,Μ32Μα,M24
8.0,Μ32Μα,M24.0
8.0,Μ32Μα,M24.1
8.0,Μ32Μα,M24.2
8.0,Μ32Μα,M24.4
8.0,Μ32Μα,M24.5
8.0,Μ32Μα,M24.6
8.0,Μ32Μα,M24.7
8.0,Μ32Μα,M24.8
8.0,Μ32Μα,M25
8.0,Μ32Μα,C40
8.0,Μ32Μα,C40.9
8.0,Μ32Μα,C41
8.0,Μ32Μα,C41.9
8.0,Μ32Μα,S80
8.0,Μ32Μα,S80.0
8.0,Μ32Μα,S80.1
8.0,Μ32Μα,S80.7
8.0,Μ32Μα,S80.8
8.0,Μ32Μα,S80.9
8.0,Μ32Μα,S81.0
8.0,Μ32Μα,S81
8.0,Μ32Μα,S81.7
8.0,Μ32Μα,S81.8
8.0,Μ32Μα,S81.9
8.0,Μ32Μα,S82
8.0,Μ32Μα,S82.0
8.0,Μ32Μα,S82.2
8.0,Μ32Μα,S82.3
8.0,Μ32Μα,S82.4
8.0,Μ32Μα,S82.5
8.0,Μ32Μα,S82.6
8.0,Μ32Μα,S82.7
8.0,Μ32Μα,S82.8
8.0,Μ32Μα,S82.9
8.0,Μ32Μα,S83
8.0,Μ32Μα,S83.0
8.0,Μ32Μα,S83.1
8.0,Μ32Μα,S83.2
8.0,Μ32Μα,S83.3
8.0,Μ32Μα,S83.4
8.0,Μ32Μα,S83.5
8.0,Μ32Μα,S83.6
8.0,Μ32Μα,S83.7
8.0,Μ32Μα,S84
8.0,Μ32Μα,S84.0
8.0,Μ32Μα,S84.1
8.0,Μ32Μα,S84.2
8.0,Μ32Μα,S84.7
8.0,Μ32Μα,S84.8
8.0,Μ32Μα,S84.9
8.0,Μ32Μα,S85
8.0,Μ32Μα,S85.0
8.0,Μ32Μα,S85.1
8.0,Μ32Μα,S85.2
8.0,Μ32Μα,S85.3
8.0,Μ32Μα,S85.4
8.0,Μ32Μα,S85.5
8.0,Μ32Μα,S85.7
8.0,Μ32Μα,S85.8
8.0,Μ32Μα,S85.9
8.0,Μ32Μα,S86
8.0,Μ32Μα,S86.0
8.0,Μ32Μα,S86.1
8.0,Μ32Μα,S86.2
8.0,Μ32Μα,S86.3
8.0,Μ32Μα,S86.7
8.0,Μ32Μα,S86.8
8.0,Μ32Μα,S86.9
8.0,Μ32Μα,S87
8.0,Μ32Μα,S87.0
8.0,Μ32Μα,S87.8
8.0,Μ32Μα,S88
8.0,Μ32Μα,S88.0
8.0,Μ32Μα,S88.1
8.0,Μ32Μα,S88.9
8.0,Μ32Μα,S89
8.0,Μ32Μα,S89.7
8.0,Μ32Μα,S89.8
8.0,Μ32Μα,S89.9
8.0,Μ32Μβ,C40
8.0,Μ32Μβ,C40.9
8.0,Μ32Μβ,C41
8.0,Μ32Μβ,C41.9
8.0,Μ32Μβ,M00
8.0,Μ32Μβ,M00.0
8.0,Μ32Μβ,M00.1
8.0,Μ32Μβ,M00.2
8.0,Μ32Μβ,M00.8
8.0,Μ32Μβ,M00.9
8.0,Μ32Μβ,M01*
8.0,Μ32Μβ,M01.0*
8.0,Μ32Μβ,M01.1*
8.0,Μ32Μβ,M01.2*
8.0,Μ32Μβ,M01.3*
8.0,Μ32Μβ,M01.4*
8.0,Μ32Μβ,M01.5*
8.0,Μ32Μβ,M01.6*
8.0,Μ32Μβ,M01.8*
8.0,Μ32Μβ,M02
8.0,Μ32Μβ,M02.0
8.0,Μ32Μβ,M02.1
8.0,Μ32Μβ,M02.2
8.0,Μ32Μβ,M02.3
8.0,Μ32Μβ,M02.8
8.0,Μ32Μβ,M02.9
8.0,Μ32Μβ,M03*
8.0,Μ32Μβ,M03.0*
8.0,Μ32Μβ,M03.1*
8.0,Μ32Μβ,M03.2*
8.0,Μ32Μβ,M03.6*
8.0,Μ32Μβ,M05
8.0,Μ32Μβ,M05.0
8.0,Μ32Μβ,M05.1
8.0,Μ32Μβ,M05.2
8.0,Μ32Μβ,M05.3
8.0,Μ32Μβ,M05.8
8.0,Μ32Μβ,M05.9
8.0,Μ32Μβ,M06
8.0,Μ32Μβ,M06.0
8.0,Μ32Μβ,M06.1
8.0,Μ32Μβ,M06.2
8.0,Μ32Μβ,M06.3
8.0,Μ32Μβ,M06.4
8.0,Μ32Μβ,M06.8
8.0,Μ32Μβ,M06.9
8.0,Μ32Μβ,M07*
8.0,Μ32Μβ,M07.0*
8.0,Μ32Μβ,M07.1*
8.0,Μ32Μβ,M07.2*
8.0,Μ32Μβ,M07.3*
8.0,Μ32Μβ,M07.4*
8.0,Μ32Μβ,M07.5*
8.0,Μ32Μβ,M07.6*
8.0,Μ32Μβ,M08
8.0,Μ32Μβ,M08.0
8.0,Μ32Μβ,M08.1
8.0,Μ32Μβ,M08.2
8.0,Μ32Μβ,M08.3
8.0,Μ32Μβ,M08.4
8.0,Μ32Μβ,M08.8
8.0,Μ32Μβ,M08.9
8.0,Μ32Μβ,M09*
8.0,Μ32Μβ,M09.0*
8.0,Μ32Μβ,M09.1*
8.0,Μ32Μβ,M09.2*
8.0,Μ32Μβ,M09.8*
8.0,Μ32Μβ,M10
8.0,Μ32Μβ,M10.0
8.0,Μ32Μβ,M10.1
8.0,Μ32Μβ,M10.2
8.0,Μ32Μβ,M10.3
8.0,Μ32Μβ,M10.4
8.0,Μ32Μβ,M10.9
8.0,Μ32Μβ,M11
8.0,Μ32Μβ,M11.0
8.0,Μ32Μβ,M11.1
8.0,Μ32Μβ,M11.2
8.0,Μ32Μβ,M11.8
8.0,Μ32Μβ,M11.9
8.0,Μ32Μβ,M12
8.0,Μ32Μβ,M12.0
8.0,Μ32Μβ,M12.1
8.0,Μ32Μβ,M12.2
8.0,Μ32Μβ,M12.3
8.0,Μ32Μβ,M12.4
8.0,Μ32Μβ,M12.5
8.0,Μ32Μβ,M12.8
8.0,Μ32Μβ,M13
8.0,Μ32Μβ,M13.0
8.0,Μ32Μβ,M13.1
8.0,Μ32Μβ,M13.8
8.0,Μ32Μβ,M13.9
8.0,Μ32Μβ,M14*
8.0,Μ32Μβ,M14.0*
8.0,Μ32Μβ,M14.1*
8.0,Μ32Μβ,M14.2*
8.0,Μ32Μβ,M14.3*
8.0,Μ32Μβ,M14.4*
8.0,Μ32Μβ,M14.5*
8.0,Μ32Μβ,M14.6*
8.0,Μ32Μβ,M14.8*
8.0,Μ32Μβ,M15
8.0,Μ32Μβ,M15.0
8.0,Μ32Μβ,M15.1
8.0,Μ32Μβ,M15.2
8.0,Μ32Μβ,M15.3
8.0,Μ32Μβ,M15.4
8.0,Μ32Μβ,M15.8
8.0,Μ32Μβ,M15.9
8.0,Μ32Μβ,M16
8.0,Μ32Μβ,M16.0
8.0,Μ32Μβ,M16.1
8.0,Μ32Μβ,M16.2
8.0,Μ32Μβ,M16.3
8.0,Μ32Μβ,M16.4
8.0,Μ32Μβ,M16.5
8.0,Μ32Μβ,M16.6
8.0,Μ32Μβ,M16.7
8.0,Μ32Μβ,M16.9
8.0,Μ32Μβ,M17
8.0,Μ32Μβ,M17.0
8.0,Μ32Μβ,M17.1
8.0,Μ32Μβ,M17.2
8.0,Μ32Μβ,M17.3
8.0,Μ32Μβ,M17.4
8.0,Μ32Μβ,M17.5
8.0,Μ32Μβ,M17.9
8.0,Μ32Μβ,M18
8.0,Μ32Μβ,M18.0
8.0,Μ32Μβ,M18.1
8.0,Μ32Μβ,M18.2
8.0,Μ32Μβ,M18.3
8.0,Μ32Μβ,M18.4
8.0,Μ32Μβ,M18.5
8.0,Μ32Μβ,M18.9
8.0,Μ32Μβ,M19
8.0,Μ32Μβ,M19.0
8.0,Μ32Μβ,M19.1
8.0,Μ32Μβ,M19.2
8.0,Μ32Μβ,M19.8
8.0,Μ32Μβ,M19.9
8.0,Μ32Μβ,M20
8.0,Μ32Μβ,M20.0
8.0,Μ32Μβ,M20.1
8.0,Μ32Μβ,M20.2
8.0,Μ32Μβ,M20.3
8.0,Μ32Μβ,M20.4
8.0,Μ32Μβ,M20.5
8.0,Μ32Μβ,M20.6
8.0,Μ32Μβ,M21
8.0,Μ32Μβ,M21.0
8.0,Μ32Μβ,M21.1
8.0,Μ32Μβ,M21.2
8.0,Μ32Μβ,M21.3
8.0,Μ32Μβ,M21.4
8.0,Μ32Μβ,M21.5
8.0,Μ32Μβ,M21.6
8.0,Μ32Μβ,M21.7
8.0,Μ32Μβ,M21.8
8.0,Μ32Μβ,M21.9
8.0,Μ32Μβ,M22
8.0,Μ32Μβ,M22.0
8.0,Μ32Μβ,M22.1
8.0,Μ32Μβ,M22.2
8.0,Μ32Μβ,M22.3
8.0,Μ32Μβ,M22.4
8.0,Μ32Μβ,M22.8
8.0,Μ32Μβ,M22.9
8.0,Μ32Μβ,M23
8.0,Μ32Μβ,M23.0
8.0,Μ32Μβ,M23.1
8.0,Μ32Μβ,M23.2
8.0,Μ32Μβ,M23.3
8.0,Μ32Μβ,M23.4
8.0,Μ32Μβ,M23.5
8.0,Μ32Μβ,M23.6
8.0,Μ32Μβ,M23.8
8.0,Μ32Μβ,M23.9
8.0,Μ32Μβ,M24
8.0,Μ32Μβ,M24.0
8.0,Μ32Μβ,M24.1
8.0,Μ32Μβ,M24.2
8.0,Μ32Μβ,M24.4
8.0,Μ32Μβ,M24.5
8.0,Μ32Μβ,M24.6
8.0,Μ32Μβ,M24.7
8.0,Μ32Μβ,M24.8
8.0,Μ32Μβ,M25
8.0,Μ32Μβ,S80
8.0,Μ32Μβ,S80.0
8.0,Μ32Μβ,S80.1
8.0,Μ32Μβ,S80.7
8.0,Μ32Μβ,S80.8
8.0,Μ32Μβ,S80.9
8.0,Μ32Μβ,S81
8.0,Μ32Μβ,S81.0
8.0,Μ32Μβ,S81.7
8.0,Μ32Μβ,S81.8
8.0,Μ32Μβ,S81.9
8.0,Μ32Μβ,S82
8.0,Μ32Μβ,S82.0
8.0,Μ32Μβ,S82.2
8.0,Μ32Μβ,S82.3
8.0,Μ32Μβ,S82.4
8.0,Μ32Μβ,S82.5
8.0,Μ32Μβ,S82.6
8.0,Μ32Μβ,S82.7
8.0,Μ32Μβ,S82.8
8.0,Μ32Μβ,S82.9
8.0,Μ32Μβ,S83
8.0,Μ32Μβ,S83.0
8.0,Μ32Μβ,S83.1
8.0,Μ32Μβ,S83.2
8.0,Μ32Μβ,S83.3
8.0,Μ32Μβ,S83.4
8.0,Μ32Μβ,S83.5
8.0,Μ32Μβ,S83.6
8.0,Μ32Μβ,S83.7
8.0,Μ32Μβ,S84
8.0,Μ32Μβ,S84.0
8.0,Μ32Μβ,S84.1
8.0,Μ32Μβ,S84.2
8.0,Μ32Μβ,S84.7
8.0,Μ32Μβ,S84.8
8.0,Μ32Μβ,S84.9
8.0,Μ32Μβ,S85
8.0,Μ32Μβ,S85.0
8.0,Μ32Μβ,S85.1
8.0,Μ32Μβ,S85.2
8.0,Μ32Μβ,S85.3
8.0,Μ32Μβ,S85.4
8.0,Μ32Μβ,S85.5
8.0,Μ32Μβ,S85.7
8.0,Μ32Μβ,S85.8
8.0,Μ32Μβ,S85.9
8.0,Μ32Μβ,S86
8.0,Μ32Μβ,S86.0
8.0,Μ32Μβ,S86.1
8.0,Μ32Μβ,S86.2
8.0,Μ32Μβ,S86.3
8.0,Μ32Μβ,S86.7
8.0,Μ32Μβ,S86.8
8.0,Μ32Μβ,S86.9
8.0,Μ32Μβ,S87
8.0,Μ32Μβ,S87.0
8.0,Μ32Μβ,S87.8
8.0,Μ32Μβ,S88
8.0,Μ32Μβ,S88.0
8.0,Μ32Μβ,S88.1
8.0,Μ32Μβ,S88.9
8.0,Μ32Μβ,S89
8.0,Μ32Μβ,S89.7
8.0,Μ32Μβ,S89.8
8.0,Μ32Μβ,S89.9
8.0,Μ32Χ,C40
8.0,Μ32Χ,C40.9
8.0,Μ32Χ,C41
8.0,Μ32Χ,C41.9
8.0,Μ32Χ,M00
8.0,Μ32Χ,M00.0
8.0,Μ32Χ,M00.1
8.0,Μ32Χ,M00.2
8.0,Μ32Χ,M00.8
8.0,Μ32Χ,M00.9
8.0,Μ32Χ,M01*
8.0,Μ32Χ,M01.0*
8.0,Μ32Χ,M01.1*
8.0,Μ32Χ,M01.2*
8.0,Μ32Χ,M01.3*
8.0,Μ32Χ,M01.4*
8.0,Μ32Χ,M01.5*
8.0,Μ32Χ,M01.6*
8.0,Μ32Χ,M01.8*
8.0,Μ32Χ,M02
8.0,Μ32Χ,M02.0
8.0,Μ32Χ,M02.1
8.0,Μ32Χ,M02.2
8.0,Μ32Χ,M02.3
8.0,Μ32Χ,M02.8
8.0,Μ32Χ,M02.9
8.0,Μ32Χ,M03*
8.0,Μ32Χ,M03.0*
8.0,Μ32Χ,M03.1*
8.0,Μ32Χ,M03.2*
8.0,Μ32Χ,M03.6*
8.0,Μ32Χ,M05
8.0,Μ32Χ,M05.0
8.0,Μ32Χ,M05.1
8.0,Μ32Χ,M05.2
8.0,Μ32Χ,M05.3
8.0,Μ32Χ,M05.8
8.0,Μ32Χ,M05.9
8.0,Μ32Χ,M06
8.0,Μ32Χ,M06.0
8.0,Μ32Χ,M06.1
8.0,Μ32Χ,M06.2
8.0,Μ32Χ,M06.3
8.0,Μ32Χ,M06.4
8.0,Μ32Χ,M06.8
8.0,Μ32Χ,M06.9
8.0,Μ32Χ,M07*
8.0,Μ32Χ,M07.0*
8.0,Μ32Χ,M07.1*
8.0,Μ32Χ,M07.2*
8.0,Μ32Χ,M07.3*
8.0,Μ32Χ,M07.4*
8.0,Μ32Χ,M07.5*
8.0,Μ32Χ,M07.6*
8.0,Μ32Χ,M08
8.0,Μ32Χ,M08.0
8.0,Μ32Χ,M08.1
8.0,Μ32Χ,M08.2
8.0,Μ32Χ,M08.3
8.0,Μ32Χ,M08.4
8.0,Μ32Χ,M08.8
8.0,Μ32Χ,M08.9
8.0,Μ32Χ,M09*
8.0,Μ32Χ,M09.0*
8.0,Μ32Χ,M09.1*
8.0,Μ32Χ,M09.2*
8.0,Μ32Χ,M09.8*
8.0,Μ32Χ,M10
8.0,Μ32Χ,M10.0
8.0,Μ32Χ,M10.1
8.0,Μ32Χ,M10.2
8.0,Μ32Χ,M10.3
8.0,Μ32Χ,M10.4
8.0,Μ32Χ,M10.9
8.0,Μ32Χ,M11
8.0,Μ32Χ,M11.0
8.0,Μ32Χ,M11.1
8.0,Μ32Χ,M11.2
8.0,Μ32Χ,M11.8
8.0,Μ32Χ,M11.9
8.0,Μ32Χ,M12
8.0,Μ32Χ,M12.0
8.0,Μ32Χ,M12.1
8.0,Μ32Χ,M12.2
8.0,Μ32Χ,M12.3
8.0,Μ32Χ,M12.4
8.0,Μ32Χ,M12.5
8.0,Μ32Χ,M12.8
8.0,Μ32Χ,M13
8.0,Μ32Χ,M13.0
8.0,Μ32Χ,M13.1
8.0,Μ32Χ,M13.8
8.0,Μ32Χ,M13.9
8.0,Μ32Χ,M14*
8.0,Μ32Χ,M14.0*
8.0,Μ32Χ,M14.1*
8.0,Μ32Χ,M14.2*
8.0,Μ32Χ,M14.3*
8.0,Μ32Χ,M14.4*
8.0,Μ32Χ,M14.5*
8.0,Μ32Χ,M14.6*
8.0,Μ32Χ,M14.8*
8.0,Μ32Χ,M15
8.0,Μ32Χ,M15.0
8.0,Μ32Χ,M15.1
8.0,Μ32Χ,M15.2
8.0,Μ32Χ,M15.3
8.0,Μ32Χ,M15.4
8.0,Μ32Χ,M15.8
8.0,Μ32Χ,M15.9
8.0,Μ32Χ,M16
8.0,Μ32Χ,M16.0
8.0,Μ32Χ,M16.1
8.0,Μ32Χ,M16.2
8.0,Μ32Χ,M16.3
8.0,Μ32Χ,M16.4
8.0,Μ32Χ,M16.5
8.0,Μ32Χ,M16.6
8.0,Μ32Χ,M16.7
8.0,Μ32Χ,M16.9
8.0,Μ32Χ,M17
8.0,Μ32Χ,M17.0
8.0,Μ32Χ,M17.1
8.0,Μ32Χ,M17.2
8.0,Μ32Χ,M17.3
8.0,Μ32Χ,M17.4
8.0,Μ32Χ,M17.5
8.0,Μ32Χ,M17.9
8.0,Μ32Χ,M18
8.0,Μ32Χ,M18.0
8.0,Μ32Χ,M18.1
8.0,Μ32Χ,M18.2
8.0,Μ32Χ,M18.3
8.0,Μ32Χ,M18.4
8.0,Μ32Χ,M18.5
8.0,Μ32Χ,M18.9
8.0,Μ32Χ,M19
8.0,Μ32Χ,M19.0
8.0,Μ32Χ,M19.1
8.0,Μ32Χ,M19.2
8.0,Μ32Χ,M19.8
8.0,Μ32Χ,M19.9
8.0,Μ32Χ,M20
8.0,Μ32Χ,M20.0
8.0,Μ32Χ,M20.1
8.0,Μ32Χ,M20.2
8.0,Μ32Χ,M20.3
8.0,Μ32Χ,M20.4
8.0,Μ32Χ,M20.5
8.0,Μ32Χ,M20.6
8.0,Μ32Χ,M21
8.0,Μ32Χ,M21.0
8.0,Μ32Χ,M21.1
8.0,Μ32Χ,M21.2
8.0,Μ32Χ,M21.3
8.0,Μ32Χ,M21.4
8.0,Μ32Χ,M21.5
8.0,Μ32Χ,M21.6
8.0,Μ32Χ,M21.7
8.0,Μ32Χ,M21.8
8.0,Μ32Χ,M21.9
8.0,Μ32Χ,M22
8.0,Μ32Χ,M22.0
8.0,Μ32Χ,M22.1
8.0,Μ32Χ,M22.2
8.0,Μ32Χ,M22.3
8.0,Μ32Χ,M22.4
8.0,Μ32Χ,M22.8
8.0,Μ32Χ,M22.9
8.0,Μ32Χ,M23
8.0,Μ32Χ,M23.0
8.0,Μ32Χ,M23.1
8.0,Μ32Χ,M23.2
8.0,Μ32Χ,M23.3
8.0,Μ32Χ,M23.4
8.0,Μ32Χ,M23.5
8.0,Μ32Χ,M23.6
8.0,Μ32Χ,M23.8
8.0,Μ32Χ,M23.9
8.0,Μ32Χ,M24
8.0,Μ32Χ,M24.0
8.0,Μ32Χ,M24.1
8.0,Μ32Χ,M24.2
8.0,Μ32Χ,M24.4
8.0,Μ32Χ,M24.5
8.0,Μ32Χ,M24.6
8.0,Μ32Χ,M24.7
8.0,Μ32Χ,M24.8
8.0,Μ32Χ,M25
8.0,Μ32Χ,S80
8.0,Μ32Χ,S80.0
8.0,Μ32Χ,S80.1
8.0,Μ32Χ,S80.7
8.0,Μ32Χ,S80.8
8.0,Μ32Χ,S80.9
8.0,Μ32Χ,S81
8.0,Μ32Χ,S81.0
8.0,Μ32Χ,S81.7
8.0,Μ32Χ,S81.8
8.0,Μ32Χ,S81.9
8.0,Μ32Χ,S82
8.0,Μ32Χ,S82.0
8.0,Μ32Χ,S82.2
8.0,Μ32Χ,S82.3
8.0,Μ32Χ,S82.4
8.0,Μ32Χ,S82.5
8.0,Μ32Χ,S82.6
8.0,Μ32Χ,S82.7
8.0,Μ32Χ,S82.8
8.0,Μ32Χ,S82.9
8.0,Μ32Χ,S83
8.0,Μ32Χ,S83.0
8.0,Μ32Χ,S83.1
8.0,Μ32Χ,S83.2
8.0,Μ32Χ,S83.3
8.0,Μ32Χ,S83.4
8.0,Μ32Χ,S83.5
8.0,Μ32Χ,S83.6
8.0,Μ32Χ,S83.7
8.0,Μ32Χ,S84
8.0,Μ32Χ,S84.0
8.0,Μ32Χ,S84.1
8.0,Μ32Χ,S84.2
8.0,Μ32Χ,S84.7
8.0,Μ32Χ,S84.8
8.0,Μ32Χ,S84.9
8.0,Μ32Χ,S85
8.0,Μ32Χ,S85.0
8.0,Μ32Χ,S85.1
8.0,Μ32Χ,S85.2
8.0,Μ32Χ,S85.3
8.0,Μ32Χ,S85.4
8.0,Μ32Χ,S85.5
8.0,Μ32Χ,S85.7
8.0,Μ32Χ,S85.8
8.0,Μ32Χ,S85.9
8.0,Μ32Χ,S86
8.0,Μ32Χ,S86.0
8.0,Μ32Χ,S86.1
8.0,Μ32Χ,S86.2
8.0,Μ32Χ,S86.3
8.0,Μ32Χ,S86.7
8.0,Μ32Χ,S86.8
8.0,Μ32Χ,S86.9
8.0,Μ32Χ,S87
8.0,Μ32Χ,S87.0
8.0,Μ32Χ,S87.8
8.0,Μ32Χ,S88
8.0,Μ32Χ,S88.0
8.0,Μ32Χ,S88.1
8.0,Μ32Χ,S88.9
8.0,Μ32Χ,S89
8.0,Μ32Χ,S89.7
8.0,Μ32Χ,S89.8
8.0,Μ32Χ,S89.9
8.0,Μ27Μ,M60
8.0,Μ27Μ,M60.0
8.0,Μ27Μ,M60.1
8.0,Μ27Μ,M60.2
8.0,Μ27Μ,M60.8
8.0,Μ27Μ,M60.9
8.0,Μ27Μ,M61
8.0,Μ27Μ,M61.0
8.0,Μ27Μ,M61.1
8.0,Μ27Μ,M61.2
8.0,Μ27Μ,M61.3
8.0,Μ27Μ,M61.4
8.0,Μ27Μ,M61.5
8.0,Μ27Μ,M61.9
8.0,Μ27Μ,M62
8.0,Μ27Μ,M62.0
8.0,Μ27Μ,M62.1
8.0,Μ27Μ,M62.2
8.0,Μ27Μ,M62.3
8.0,Μ27Μ,M62.4
8.0,Μ27Μ,M62.5
8.0,Μ27Μ,M62.6
8.0,Μ27Μ,M62.8
8.0,Μ27Μ,M62.9
8.0,Μ27Μ,M63*
8.0,Μ27Μ,M63.0*
8.0,Μ27Μ,M63.1*
8.0,Μ27Μ,M63.2*
8.0,Μ27Μ,M63.3*
8.0,Μ27Μ,M63.8*
8.0,Μ27Μ,M65
8.0,Μ27Μ,M65.0
8.0,Μ27Μ,M65.1
8.0,Μ27Μ,M65.2
8.0,Μ27Μ,M65.3
8.0,Μ27Μ,M65.4
8.0,Μ27Μ,M65.8
8.0,Μ27Μ,M65.9
8.0,Μ27Μ,M66
8.0,Μ27Μ,M66.0
8.0,Μ27Μ,M66.1
8.0,Μ27Μ,M66.2
8.0,Μ27Μ,M66.3
8.0,Μ27Μ,M66.4
8.0,Μ27Μ,M66.5
8.0,Μ27Μ,M67
8.0,Μ27Μ,M67.0
8.0,Μ27Μ,M67.1
8.0,Μ27Μ,M67.2
8.0,Μ27Μ,M67.3
8.0,Μ27Μ,M67.4
8.0,Μ27Μ,M67.8
8.0,Μ27Μ,M67.9
8.0,Μ27Μ,M68*
8.0,Μ27Μ,M68.0*
8.0,Μ27Μ,M68.8*
8.0,Μ27Μ,M70
8.0,Μ27Μ,M70.0
8.0,Μ27Μ,M70.1
8.0,Μ27Μ,M70.2
8.0,Μ27Μ,M70.3
8.0,Μ27Μ,M70.4
8.0,Μ27Μ,M70.5
8.0,Μ27Μ,M70.6
8.0,Μ27Μ,M70.7
8.0,Μ27Μ,M70.8
8.0,Μ27Μ,M70.9
8.0,Μ27Μ,M71
8.0,Μ27Μ,M71.0
8.0,Μ27Μ,M71.1
8.0,Μ27Μ,M71.2
8.0,Μ27Μ,M71.3
8.0,Μ27Μ,M71.4
8.0,Μ27Μ,M71.5
8.0,Μ27Μ,M71.8
8.0,Μ27Μ,M71.9
8.0,Μ27Μ,M72
8.0,Μ27Μ,M72.0
8.0,Μ27Μ,M72.1
8.0,Μ27Μ,M72.2
8.0,Μ27Μ,M72.3
8.0,Μ27Μ,M72.4
8.0,Μ27Μ,M72.5
8.0,Μ27Μ,M72.8
8.0,Μ27Μ,M72.9
8.0,Μ27Μ,M73*
8.0,Μ27Μ,M73.0*
8.0,Μ27Μ,M73.1*
8.0,Μ27Μ,M73.8*
8.0,Μ27Μ,M75
8.0,Μ27Μ,M75.0
8.0,Μ27Μ,M75.1
8.0,Μ27Μ,M75.2
8.0,Μ27Μ,M75.3
8.0,Μ27Μ,M75.4
8.0,Μ27Μ,M75.5
8.0,Μ27Μ,M75.8
8.0,Μ27Μ,M75.9
8.0,Μ27Μ,M76
8.0,Μ27Μ,M76.0
8.0,Μ27Μ,M76.1
8.0,Μ27Μ,M76.2
8.0,Μ27Μ,M76.3
8.0,Μ27Μ,M76.4
8.0,Μ27Μ,M76.5
8.0,Μ27Μ,M76.6
8.0,Μ27Μ,M76.7
8.0,Μ27Μ,M76.8
8.0,Μ27Μ,M76.9
8.0,Μ27Μ,M77
8.0,Μ27Μ,M77.1
8.0,Μ27Μ,M77.2
8.0,Μ27Μ,M77.3
8.0,Μ27Μ,M77.4
8.0,Μ27Μ,M77.5
8.0,Μ27Μ,M77.8
8.0,Μ27Μ,M77.9
8.0,Μ27Μ,M79
8.0,Μ27Μ,M79.0
8.0,Μ27Μ,M79.1
8.0,Μ27Μ,M79.2
8.0,Μ27Μ,M79.3
8.0,Μ27Μ,M79.4
8.0,Μ27Μ,M79.5
8.0,Μ27Μ,M79.6
8.0,Μ27Μ,M79.8
8.0,Μ27Μ,M79.9
8.0,Μ27Χ,M60
8.0,Μ27Χ,M60.0
8.0,Μ27Χ,M60.1
8.0,Μ27Χ,M60.2
8.0,Μ27Χ,M60.8
8.0,Μ27Χ,M60.9
8.0,Μ27Χ,M61
8.0,Μ27Χ,M61.0
8.0,Μ27Χ,M61.1
8.0,Μ27Χ,M61.2
8.0,Μ27Χ,M61.3
8.0,Μ27Χ,M61.4
8.0,Μ27Χ,M61.5
8.0,Μ27Χ,M61.9
8.0,Μ27Χ,M62
8.0,Μ27Χ,M62.0
8.0,Μ27Χ,M62.1
8.0,Μ27Χ,M62.2
8.0,Μ27Χ,M62.3
8.0,Μ27Χ,M62.4
8.0,Μ27Χ,M62.5
8.0,Μ27Χ,M62.6
8.0,Μ27Χ,M62.8
8.0,Μ27Χ,M62.9
8.0,Μ27Χ,M63*
8.0,Μ27Χ,M63.0*
8.0,Μ27Χ,M63.1*
8.0,Μ27Χ,M63.2*
8.0,Μ27Χ,M63.3*
8.0,Μ27Χ,M63.8*
8.0,Μ27Χ,M65
8.0,Μ27Χ,M65.0
8.0,Μ27Χ,M65.1
8.0,Μ27Χ,M65.2
8.0,Μ27Χ,M65.3
8.0,Μ27Χ,M65.4
8.0,Μ27Χ,M65.8
8.0,Μ27Χ,M65.9
8.0,Μ27Χ,M66
8.0,Μ27Χ,M66.0
8.0,Μ27Χ,M66.1
8.0,Μ27Χ,M66.2
8.0,Μ27Χ,M66.3
8.0,Μ27Χ,M66.4
8.0,Μ27Χ,M66.5
8.0,Μ27Χ,M67
8.0,Μ27Χ,M67.0
8.0,Μ27Χ,M67.1
8.0,Μ27Χ,M67.2
8.0,Μ27Χ,M67.3
8.0,Μ27Χ,M67.4
8.0,Μ27Χ,M67.8
8.0,Μ27Χ,M67.9
8.0,Μ27Χ,M68*
8.0,Μ27Χ,M68.0*
8.0,Μ27Χ,M68.8*
8.0,Μ27Χ,M70
8.0,Μ27Χ,M70.0
8.0,Μ27Χ,M70.1
8.0,Μ27Χ,M70.2
8.0,Μ27Χ,M70.3
8.0,Μ27Χ,M70.4
8.0,Μ27Χ,M70.5
8.0,Μ27Χ,M70.6
8.0,Μ27Χ,M70.7
8.0,Μ27Χ,M70.8
8.0,Μ27Χ,M70.9
8.0,Μ27Χ,M71
8.0,Μ27Χ,M71.0
8.0,Μ27Χ,M71.1
8.0,Μ27Χ,M71.2
8.0,Μ27Χ,M71.3
8.0,Μ27Χ,M71.4
8.0,Μ27Χ,M71.5
8.0,Μ27Χ,M71.8
8.0,Μ27Χ,M71.9
8.0,Μ27Χ,M72
8.0,Μ27Χ,M72.0
8.0,Μ27Χ,M72.1
8.0,Μ27Χ,M72.2
8.0,Μ27Χ,M72.3
8.0,Μ27Χ,M72.4
8.0,Μ27Χ,M72.5
8.0,Μ27Χ,M72.8
8.0,Μ27Χ,M72.9
8.0,Μ27Χ,M73*
8.0,Μ27Χ,M73.0*
8.0,Μ27Χ,M73.1*
8.0,Μ27Χ,M73.8*
8.0,Μ27Χ,M75
8.0,Μ27Χ,M75.0
8.0,Μ27Χ,M75.1
8.0,Μ27Χ,M75.2
8.0,Μ27Χ,M75.3
8.0,Μ27Χ,M75.4
8.0,Μ27Χ,M75.5
8.0,Μ27Χ,M75.8
8.0,Μ27Χ,M75.9
8.0,Μ27Χ,M76
8.0,Μ27Χ,M76.0
8.0,Μ27Χ,M76.1
8.0,Μ27Χ,M76.2
8.0,Μ27Χ,M76.3
8.0,Μ27Χ,M76.4
8.0,Μ27Χ,M76.5
8.0,Μ27Χ,M76.6
8.0,Μ27Χ,M76.7
8.0,Μ27Χ,M76.8
8.0,Μ27Χ,M76.9
8.0,Μ27Χ,M77
8.0,Μ27Χ,M77.1
8.0,Μ27Χ,M77.2
8.0,Μ27Χ,M77.3
8.0,Μ27Χ,M77.4
8.0,Μ27Χ,M77.5
8.0,Μ27Χ,M77.8
8.0,Μ27Χ,M77.9
8.0,Μ27Χ,M79
8.0,Μ27Χ,M79.0
8.0,Μ27Χ,M79.1
8.0,Μ27Χ,M79.2
8.0,Μ27Χ,M79.3
8.0,Μ27Χ,M79.4
8.0,Μ27Χ,M79.5
8.0,Μ27Χ,M79.6
8.0,Μ27Χ,M79.8
8.0,Μ27Χ,M79.9
8.0,Μ28Μ,M95
8.0,Μ28Μ,M95.5
8.0,Μ28Μ,M95.8
8.0,Μ28Μ,M95.9
8.0,Μ28Μ,M96
8.0,Μ28Μ,M96.0
8.0,Μ28Μ,M96.1
8.0,Μ28Μ,M96.2
8.0,Μ28Μ,M96.3
8.0,Μ28Μ,M96.4
8.0,Μ28Μ,M96.5
8.0,Μ28Μ,M96.6
8.0,Μ28Μ,M96.8
8.0,Μ28Μ,M96.9
8.0,Μ28Μ,M99
8.0,Μ28Μ,M99.0
8.0,Μ28Μ,M99.1
8.0,Μ28Μ,M99.2
8.0,Μ28Μ,M99.3
8.0,Μ28Μ,M99.4
8.0,Μ28Μ,M99.5
8.0,Μ28Μ,M99.6
8.0,Μ28Μ,M99.7
8.0,Μ28Μ,M99.8
8.0,Μ28Μ,M99.9
8.0,Μ28Χ,M95
8.0,Μ28Χ,M95.5
8.0,Μ28Χ,M95.8
8.0,Μ28Χ,M95.9
8.0,Μ28Χ,M96
8.0,Μ28Χ,M96.0
8.0,Μ28Χ,M96.1
8.0,Μ28Χ,M96.2
8.0,Μ28Χ,M96.3
8.0,Μ28Χ,M96.4
8.0,Μ28Χ,M96.5
8.0,Μ28Χ,M96.6
8.0,Μ28Χ,M96.8
8.0,Μ28Χ,M96.9
8.0,Μ28Χ,M99
8.0,Μ28Χ,M99.0
8.0,Μ28Χ,M99.1
8.0,Μ28Χ,M99.2
8.0,Μ28Χ,M99.3
8.0,Μ28Χ,M99.4
8.0,Μ28Χ,M99.5
8.0,Μ28Χ,M99.6
8.0,Μ28Χ,M99.7
8.0,Μ28Χ,M99.8
8.0,Μ28Χ,M99.9
8.0,Μ60Α,S72
8.0,Μ60Α,S72.0
8.0,Μ60Α,S72.1
8.0,Μ60Α,S72.2
8.0,Μ60Α,S72.3
8.0,Μ60Α,S72.4
8.0,Μ60Α,S72.7
8.0,Μ60Α,S72.8
8.0,Μ60Α,S72.9
8.0,Μ60Α,S70
8.0,Μ60Α,S70.1
8.0,Μ60Α,S70.7
8.0,Μ60Α,S70.8
8.0,Μ60Α,S70.9
8.0,Μ60Α,S71
8.0,Μ60Α,S71.1
8.0,Μ60Α,S71.7
8.0,Μ60Α,S71.8
8.0,Μ60Α,S74
8.0,Μ60Α,S74.7
8.0,Μ60Α,S74.8
8.0,Μ60Α,S74.9
8.0,Μ60Α,S75
8.0,Μ60Α,S75.0
8.0,Μ60Α,S75.1
8.0,Μ60Α,S75.2
8.0,Μ60Α,S75.7
8.0,Μ60Α,S75.8
8.0,Μ60Α,S75.9
8.0,Μ60Α,S76
8.0,Μ60Α,S76.2
8.0,Μ60Α,S76.3
8.0,Μ60Α,S76.4
8.0,Μ60Α,S76.7
8.0,Μ60Α,S77
8.0,Μ60Α,S77.1
8.0,Μ60Α,S77.2
8.0,Μ60Α,S78
8.0,Μ60Α,S78.9
8.0,Μ60Α,S79
8.0,Μ60Α,S79.7
8.0,Μ60Α,S79.8
8.0,Μ60Α,S79.9
8.0,Μ61Μ,S70
8.0,Μ61Μ,S70.1
8.0,Μ61Μ,S70.7
8.0,Μ61Μ,S70.8
8.0,Μ61Μ,S70.9
8.0,Μ61Μ,S71
8.0,Μ61Μ,S71.1
8.0,Μ61Μ,S71.7
8.0,Μ61Μ,S71.8
8.0,Μ61Μ,S72
8.0,Μ61Μ,S72.0
8.0,Μ61Μ,S72.1
8.0,Μ61Μ,S72.2
8.0,Μ61Μ,S72.3
8.0,Μ61Μ,S72.4
8.0,Μ61Μ,S72.7
8.0,Μ61Μ,S72.8
8.0,Μ61Μ,S72.9
8.0,Μ61Μ,S74
8.0,Μ61Μ,S74.7
8.0,Μ61Μ,S74.8
8.0,Μ61Μ,S74.9
8.0,Μ61Μ,S75
8.0,Μ61Μ,S75.0
8.0,Μ61Μ,S75.1
8.0,Μ61Μ,S75.2
8.0,Μ61Μ,S75.7
8.0,Μ61Μ,S75.8
8.0,Μ61Μ,S75.9
8.0,Μ61Μ,S76
8.0,Μ61Μ,S76.2
8.0,Μ61Μ,S76.3
8.0,Μ61Μ,S76.4
8.0,Μ61Μ,S76.7
8.0,Μ61Μ,S77
8.0,Μ61Μ,S77.1
8.0,Μ61Μ,S77.2
8.0,Μ61Μ,S78
8.0,Μ61Μ,S78.9
8.0,Μ61Μ,S79
8.0,Μ61Μ,S79.7
8.0,Μ61Μ,S79.8
8.0,Μ61Μ,S79.9
8.0,Μ61Χ,S70
8.0,Μ61Χ,S70.1
8.0,Μ61Χ,S70.7
8.0,Μ61Χ,S70.8
8.0,Μ61Χ,S70.9
8.0,Μ61Χ,S71
8.0,Μ61Χ,S71.1
8.0,Μ61Χ,S71.7
8.0,Μ61Χ,S71.8
8.0,Μ61Χ,S72
8.0,Μ61Χ,S72.0
8.0,Μ61Χ,S72.1
8.0,Μ61Χ,S72.2
8.0,Μ61Χ,S72.3
8.0,Μ61Χ,S72.4
8.0,Μ61Χ,S72.7
8.0,Μ61Χ,S72.8
8.0,Μ61Χ,S72.9
8.0,Μ61Χ,S74
8.0,Μ61Χ,S74.7
8.0,Μ61Χ,S74.8
8.0,Μ61Χ,S74.9
8.0,Μ61Χ,S75
8.0,Μ61Χ,S75.0
8.0,Μ61Χ,S75.1
8.0,Μ61Χ,S75.2
8.0,Μ61Χ,S75.7
8.0,Μ61Χ,S75.8
8.0,Μ61Χ,S75.9
8.0,Μ61Χ,S76
8.0,Μ61Χ,S76.2
8.0,Μ61Χ,S76.3
8.0,Μ61Χ,S76.4
8.0,Μ61Χ,S76.7
8.0,Μ61Χ,S77
8.0,Μ61Χ,S77.1
8.0,Μ61Χ,S77.2
8.0,Μ61Χ,S78
8.0,Μ61Χ,S78.9
8.0,Μ61Χ,S79
8.0,Μ61Χ,S79.7
8.0,Μ61Χ,S79.8
8.0,Μ61Χ,S79.9
8.0,Μ63Μ,S70
8.0,Μ63Μ,S70.0
8.0,Μ63Μ,S70.1
8.0,Μ63Μ,S70.7
8.0,Μ63Μ,S70.8
8.0,Μ63Μ,S70.9
8.0,Μ63Μ,S71
8.0,Μ63Μ,S71.0
8.0,Μ63Μ,S71.1
8.0,Μ63Μ,S71.7
8.0,Μ63Μ,S71.8
8.0,Μ63Μ,S73
8.0,Μ63Μ,S73.0
8.0,Μ63Μ,S73.1
8.0,Μ63Μ,S74
8.0,Μ63Μ,S74.0
8.0,Μ63Μ,S74.1
8.0,Μ63Μ,S74.2
8.0,Μ63Μ,S74.7
8.0,Μ63Μ,S74.8
8.0,Μ63Μ,S74.9
8.0,Μ63Μ,S75
8.0,Μ63Μ,S75.0
8.0,Μ63Μ,S75.1
8.0,Μ63Μ,S75.2
8.0,Μ63Μ,S75.7
8.0,Μ63Μ,S75.8
8.0,Μ63Μ,S75.9
8.0,Μ63Μ,S76
8.0,Μ63Μ,S76.0
8.0,Μ63Μ,S76.1
8.0,Μ63Μ,S76.2
8.0,Μ63Μ,S76.3
8.0,Μ63Μ,S76.4
8.0,Μ63Μ,S76.7
8.0,Μ63Μ,S77
8.0,Μ63Μ,S77.0
8.0,Μ63Μ,S77.1
8.0,Μ63Μ,S77.2
8.0,Μ63Μ,S78
8.0,Μ63Μ,S78.0
8.0,Μ63Μ,S78.1
8.0,Μ63Μ,S78.9
8.0,Μ63Μ,S79
8.0,Μ63Μ,S79.7
8.0,Μ63Μ,S79.8
8.0,Μ63Μ,S79.9
8.0,Μ63Χ,S70
8.0,Μ63Χ,S70.0
8.0,Μ63Χ,S70.1
8.0,Μ63Χ,S70.7
8.0,Μ63Χ,S70.8
8.0,Μ63Χ,S70.9
8.0,Μ63Χ,S71
8.0,Μ63Χ,S71.0
8.0,Μ63Χ,S71.1
8.0,Μ63Χ,S71.7
8.0,Μ63Χ,S71.8
8.0,Μ63Χ,S73
8.0,Μ63Χ,S73.0
8.0,Μ63Χ,S73.1
8.0,Μ63Χ,S74
8.0,Μ63Χ,S74.0
8.0,Μ63Χ,S74.1
8.0,Μ63Χ,S74.2
8.0,Μ63Χ,S74.7
8.0,Μ63Χ,S74.8
8.0,Μ63Χ,S74.9
8.0,Μ63Χ,S75
8.0,Μ63Χ,S75.0
8.0,Μ63Χ,S75.1
8.0,Μ63Χ,S75.2
8.0,Μ63Χ,S75.7
8.0,Μ63Χ,S75.8
8.0,Μ63Χ,S75.9
8.0,Μ63Χ,S76
8.0,Μ63Χ,S76.0
8.0,Μ63Χ,S76.1
8.0,Μ63Χ,S76.2
8.0,Μ63Χ,S76.3
8.0,Μ63Χ,S76.4
8.0,Μ63Χ,S76.7
8.0,Μ63Χ,S77
8.0,Μ63Χ,S77.0
8.0,Μ63Χ,S77.1
8.0,Μ63Χ,S77.2
8.0,Μ63Χ,S78
8.0,Μ63Χ,S78.0
8.0,Μ63Χ,S78.1
8.0,Μ63Χ,S78.9
8.0,Μ63Χ,S79
8.0,Μ63Χ,S79.7
8.0,Μ63Χ,S79.8
8.0,Μ63Χ,S79.9
8.0,Μ65Μ,C40
8.0,Μ65Μ,C41
8.0,Μ65Χ,C40
8.0,Μ65Χ,C41
8.0,Μ66Μ,M05
8.0,Μ66Μ,M05.0
8.0,Μ66Μ,M05.1
8.0,Μ66Μ,M05.2
8.0,Μ66Μ,M05.3
8.0,Μ66Μ,M05.8
8.0,Μ66Μ,M05.9
8.0,Μ66Μ,M06
8.0,Μ66Μ,M06.0
8.0,Μ66Μ,M06.1
8.0,Μ66Μ,M06.2
8.0,Μ66Μ,M06.3
8.0,Μ66Μ,M06.4
8.0,Μ66Μ,M06.8
8.0,Μ66Μ,M06.9
8.0,Μ66Μ,M07*
8.0,Μ66Μ,M07.0*
8.0,Μ66Μ,M07.1*
8.0,Μ66Μ,M07.2*
8.0,Μ66Μ,M07.3*
8.0,Μ66Μ,M07.4*
8.0,Μ66Μ,M07.5*
8.0,Μ66Μ,M07.6*
8.0,Μ66Μ,M08
8.0,Μ66Μ,M08.0
8.0,Μ66Μ,M08.1
8.0,Μ66Μ,M08.2
8.0,Μ66Μ,M08.3
8.0,Μ66Μ,M08.4
8.0,Μ66Μ,M08.8
8.0,Μ66Μ,M08.9
8.0,Μ66Μ,M09*
8.0,Μ66Μ,M09.0*
8.0,Μ66Μ,M09.1*
8.0,Μ66Μ,M09.2*
8.0,Μ66Μ,M09.8*
8.0,Μ66Μ,M10
8.0,Μ66Μ,M10.0
8.0,Μ66Μ,M10.1
8.0,Μ66Μ,M10.2
8.0,Μ66Μ,M10.3
8.0,Μ66Μ,M10.4
8.0,Μ66Μ,M10.9
8.0,Μ66Μ,M11
8.0,Μ66Μ,M11.0
8.0,Μ66Μ,M11.1
8.0,Μ66Μ,M11.2
8.0,Μ66Μ,M11.8
8.0,Μ66Μ,M11.9
8.0,Μ66Μ,M12
8.0,Μ66Μ,M12.0
8.0,Μ66Μ,M12.1
8.0,Μ66Μ,M12.2
8.0,Μ66Μ,M12.3
8.0,Μ66Μ,M12.4
8.0,Μ66Μ,M12.5
8.0,Μ66Μ,M12.8
8.0,Μ66Μ,M13
8.0,Μ66Μ,M13.0
8.0,Μ66Μ,M13.1
8.0,Μ66Μ,M13.8
8.0,Μ66Μ,M13.9
8.0,Μ66Μ,M14*
8.0,Μ66Μ,M14.0*
8.0,Μ66Μ,M14.1*
8.0,Μ66Μ,M14.2*
8.0,Μ66Μ,M14.3*
8.0,Μ66Μ,M14.4*
8.0,Μ66Μ,M14.5*
8.0,Μ66Μ,M14.6*
8.0,Μ66Μ,M14.8*
8.0,Μ66Χ,M05
8.0,Μ66Χ,M05.0
8.0,Μ66Χ,M05.1
8.0,Μ66Χ,M05.2
8.0,Μ66Χ,M05.3
8.0,Μ66Χ,M05.8
8.0,Μ66Χ,M05.9
8.0,Μ66Χ,M06
8.0,Μ66Χ,M06.0
8.0,Μ66Χ,M06.1
8.0,Μ66Χ,M06.2
8.0,Μ66Χ,M06.3
8.0,Μ66Χ,M06.4
8.0,Μ66Χ,M06.8
8.0,Μ66Χ,M06.9
8.0,Μ66Χ,M07*
8.0,Μ66Χ,M07.0*
8.0,Μ66Χ,M07.1*
8.0,Μ66Χ,M07.2*
8.0,Μ66Χ,M07.3*
8.0,Μ66Χ,M07.4*
8.0,Μ66Χ,M07.5*
8.0,Μ66Χ,M07.6*
8.0,Μ66Χ,M08
8.0,Μ66Χ,M08.0
8.0,Μ66Χ,M08.1
8.0,Μ66Χ,M08.2
8.0,Μ66Χ,M08.3
8.0,Μ66Χ,M08.4
8.0,Μ66Χ,M08.8
8.0,Μ66Χ,M08.9
8.0,Μ66Χ,M09*
8.0,Μ66Χ,M09.0*
8.0,Μ66Χ,M09.1*
8.0,Μ66Χ,M09.2*
8.0,Μ66Χ,M09.8*
8.0,Μ66Χ,M10
8.0,Μ66Χ,M10.0
8.0,Μ66Χ,M10.1
8.0,Μ66Χ,M10.2
8.0,Μ66Χ,M10.3
8.0,Μ66Χ,M10.4
8.0,Μ66Χ,M10.9
8.0,Μ66Χ,M11
8.0,Μ66Χ,M11.0
8.0,Μ66Χ,M11.1
8.0,Μ66Χ,M11.2
8.0,Μ66Χ,M11.8
8.0,Μ66Χ,M11.9
8.0,Μ66Χ,M12
8.0,Μ66Χ,M12.0
8.0,Μ66Χ,M12.1
8.0,Μ66Χ,M12.2
8.0,Μ66Χ,M12.3
8.0,Μ66Χ,M12.4
8.0,Μ66Χ,M12.5
8.0,Μ66Χ,M12.8
8.0,Μ66Χ,M13
8.0,Μ66Χ,M13.0
8.0,Μ66Χ,M13.1
8.0,Μ66Χ,M13.8
8.0,Μ66Χ,M13.9
8.0,Μ66Χ,M14*
8.0,Μ66Χ,M14.0*
8.0,Μ66Χ,M14.1*
8.0,Μ66Χ,M14.2*
8.0,Μ66Χ,M14.3*
8.0,Μ66Χ,M14.4*
8.0,Μ66Χ,M14.5*
8.0,Μ66Χ,M14.6*
8.0,Μ66Χ,M14.8*
8.0,Μ67Μ,M00
8.0,Μ67Μ,M00.0
8.0,Μ67Μ,M00.1
8.0,Μ67Μ,M00.2
8.0,Μ67Μ,M00.8
8.0,Μ67Μ,M00.9
8.0,Μ67Μ,M01*
8.0,Μ67Μ,M01.0*
8.0,Μ67Μ,M01.1*
8.0,Μ67Μ,M01.2*
8.0,Μ67Μ,M01.3*
8.0,Μ67Μ,M01.4*
8.0,Μ67Μ,M01.5*
8.0,Μ67Μ,M01.6*
8.0,Μ67Μ,M01.8*
8.0,Μ67Μ,M02
8.0,Μ67Μ,M02.0
8.0,Μ67Μ,M02.1
8.0,Μ67Μ,M02.2
8.0,Μ67Μ,M02.3
8.0,Μ67Μ,M02.8
8.0,Μ67Μ,M02.9
8.0,Μ67Μ,M03*
8.0,Μ67Μ,M03.0*
8.0,Μ67Μ,M03.1*
8.0,Μ67Μ,M03.2*
8.0,Μ67Μ,M03.6*
8.0,Μ67Χ,M00
8.0,Μ67Χ,M00.0
8.0,Μ67Χ,M00.1
8.0,Μ67Χ,M00.2
8.0,Μ67Χ,M00.8
8.0,Μ67Χ,M00.9
8.0,Μ67Χ,M01*
8.0,Μ67Χ,M01.0*
8.0,Μ67Χ,M01.1*
8.0,Μ67Χ,M01.2*
8.0,Μ67Χ,M01.3*
8.0,Μ67Χ,M01.4*
8.0,Μ67Χ,M01.5*
8.0,Μ67Χ,M01.6*
8.0,Μ67Χ,M01.8*
8.0,Μ67Χ,M02
8.0,Μ67Χ,M02.0
8.0,Μ67Χ,M02.1
8.0,Μ67Χ,M02.2
8.0,Μ67Χ,M02.3
8.0,Μ67Χ,M02.8
8.0,Μ67Χ,M02.9
8.0,Μ67Χ,M03*
8.0,Μ67Χ,M03.0*
8.0,Μ67Χ,M03.1*
8.0,Μ67Χ,M03.2*
8.0,Μ67Χ,M03.6*
8.0,Μ69Μ,M00
8.0,Μ69Μ,M00.0
8.0,Μ69Μ,M00.1
8.0,Μ69Μ,M00.2
8.0,Μ69Μ,M00.8
8.0,Μ69Μ,M00.9
8.0,Μ69Μ,M01*
8.0,Μ69Μ,M01.0*
8.0,Μ69Μ,M01.1*
8.0,Μ69Μ,M01.2*
8.0,Μ69Μ,M01.3*
8.0,Μ69Μ,M01.4*
8.0,Μ69Μ,M01.5*
8.0,Μ69Μ,M01.6*
8.0,Μ69Μ,M01.8*
8.0,Μ69Μ,M02
8.0,Μ69Μ,M02.0
8.0,Μ69Μ,M02.1
8.0,Μ69Μ,M02.2
8.0,Μ69Μ,M02.3
8.0,Μ69Μ,M02.8
8.0,Μ69Μ,M02.9
8.0,Μ69Μ,M03*
8.0,Μ69Μ,M03.0*
8.0,Μ69Μ,M03.1*
8.0,Μ69Μ,M03.2*
8.0,Μ69Μ,M03.6*
8.0,Μ69Μ,M05
8.0,Μ69Μ,M05.0
8.0,Μ69Μ,M05.1
8.0,Μ69Μ,M05.2
8.0,Μ69Μ,M05.3
8.0,Μ69Μ,M05.8
8.0,Μ69Μ,M05.9
8.0,Μ69Μ,M06
8.0,Μ69Μ,M06.0
8.0,Μ69Μ,M06.1
8.0,Μ69Μ,M06.2
8.0,Μ69Μ,M06.3
8.0,Μ69Μ,M06.4
8.0,Μ69Μ,M06.8
8.0,Μ69Μ,M06.9
8.0,Μ69Μ,M07*
8.0,Μ69Μ,M07.0*
8.0,Μ69Μ,M07.1*
8.0,Μ69Μ,M07.2*
8.0,Μ69Μ,M07.3*
8.0,Μ69Μ,M07.4*
8.0,Μ69Μ,M07.5*
8.0,Μ69Μ,M07.6*
8.0,Μ69Μ,M08
8.0,Μ69Μ,M08.0
8.0,Μ69Μ,M08.1
8.0,Μ69Μ,M08.2
8.0,Μ69Μ,M08.3
8.0,Μ69Μ,M08.4
8.0,Μ69Μ,M08.8
8.0,Μ69Μ,M08.9
8.0,Μ69Μ,M09*
8.0,Μ69Μ,M09.0*
8.0,Μ69Μ,M09.1*
8.0,Μ69Μ,M09.2*
8.0,Μ69Μ,M09.8*
8.0,Μ69Μ,M10
8.0,Μ69Μ,M10.0
8.0,Μ69Μ,M10.1
8.0,Μ69Μ,M10.2
8.0,Μ69Μ,M10.3
8.0,Μ69Μ,M10.4
8.0,Μ69Μ,M10.9
8.0,Μ69Μ,M11
8.0,Μ69Μ,M11.0
8.0,Μ69Μ,M11.1
8.0,Μ69Μ,M11.2
8.0,Μ69Μ,M11.8
8.0,Μ69Μ,M11.9
8.0,Μ69Μ,M12
8.0,Μ69Μ,M12.0
8.0,Μ69Μ,M12.1
8.0,Μ69Μ,M12.2
8.0,Μ69Μ,M12.3
8.0,Μ69Μ,M12.4
8.0,Μ69Μ,M12.5
8.0,Μ69Μ,M12.8
8.0,Μ69Μ,M13
8.0,Μ69Μ,M13.0
8.0,Μ69Μ,M13.1
8.0,Μ69Μ,M13.8
8.0,Μ69Μ,M13.9
8.0,Μ69Μ,M14*
8.0,Μ69Μ,M14.0*
8.0,Μ69Μ,M14.1*
8.0,Μ69Μ,M14.2*
8.0,Μ69Μ,M14.3*
8.0,Μ69Μ,M14.4*
8.0,Μ69Μ,M14.5*
8.0,Μ69Μ,M14.6*
8.0,Μ69Μ,M14.8*
8.0,Μ69Μ,M15
8.0,Μ69Μ,M15.0
8.0,Μ69Μ,M15.1
8.0,Μ69Μ,M15.2
8.0,Μ69Μ,M15.3
8.0,Μ69Μ,M15.4
8.0,Μ69Μ,M15.8
8.0,Μ69Μ,M15.9
8.0,Μ69Μ,M16
8.0,Μ69Μ,M16.0
8.0,Μ69Μ,M16.1
8.0,Μ69Μ,M16.2
8.0,Μ69Μ,M16.3
8.0,Μ69Μ,M16.4
8.0,Μ69Μ,M16.5
8.0,Μ69Μ,M16.6
8.0,Μ69Μ,M16.7
8.0,Μ69Μ,M16.9
8.0,Μ69Μ,M17
8.0,Μ69Μ,M17.0
8.0,Μ69Μ,M17.1
8.0,Μ69Μ,M17.2
8.0,Μ69Μ,M17.3
8.0,Μ69Μ,M17.4
8.0,Μ69Μ,M17.5
8.0,Μ69Μ,M17.9
8.0,Μ69Μ,M18
8.0,Μ69Μ,M18.0
8.0,Μ69Μ,M18.1
8.0,Μ69Μ,M18.2
8.0,Μ69Μ,M18.3
8.0,Μ69Μ,M18.4
8.0,Μ69Μ,M18.5
8.0,Μ69Μ,M18.9
8.0,Μ69Μ,M19
8.0,Μ69Μ,M19.0
8.0,Μ69Μ,M19.1
8.0,Μ69Μ,M19.2
8.0,Μ69Μ,M19.8
8.0,Μ69Μ,M19.9
8.0,Μ69Μ,M20
8.0,Μ69Μ,M20.0
8.0,Μ69Μ,M20.1
8.0,Μ69Μ,M20.2
8.0,Μ69Μ,M20.3
8.0,Μ69Μ,M20.4
8.0,Μ69Μ,M20.5
8.0,Μ69Μ,M20.6
8.0,Μ69Μ,M21
8.0,Μ69Μ,M21.0
8.0,Μ69Μ,M21.1
8.0,Μ69Μ,M21.2
8.0,Μ69Μ,M21.3
8.0,Μ69Μ,M21.4
8.0,Μ69Μ,M21.5
8.0,Μ69Μ,M21.6
8.0,Μ69Μ,M21.7
8.0,Μ69Μ,M21.8
8.0,Μ69Μ,M21.9
8.0,Μ69Μ,M22
8.0,Μ69Μ,M22.0
8.0,Μ69Μ,M22.1
8.0,Μ69Μ,M22.2
8.0,Μ69Μ,M22.3
8.0,Μ69Μ,M22.4
8.0,Μ69Μ,M22.8
8.0,Μ69Μ,M22.9
8.0,Μ69Μ,M23
8.0,Μ69Μ,M23.0
8.0,Μ69Μ,M23.1
8.0,Μ69Μ,M23.2
8.0,Μ69Μ,M23.3
8.0,Μ69Μ,M23.4
8.0,Μ69Μ,M23.5
8.0,Μ69Μ,M23.6
8.0,Μ69Μ,M23.8
8.0,Μ69Μ,M23.9
8.0,Μ69Μ,M24
8.0,Μ69Μ,M24.0
8.0,Μ69Μ,M24.1
8.0,Μ69Μ,M24.2
8.0,Μ69Μ,M24.4
8.0,Μ69Μ,M24.5
8.0,Μ69Μ,M24.6
8.0,Μ69Μ,M24.7
8.0,Μ69Μ,M24.8
8.0,Μ69Μ,M25
8.0,Μ69Χ,M00
8.0,Μ69Χ,M00.0
8.0,Μ69Χ,M00.1
8.0,Μ69Χ,M00.2
8.0,Μ69Χ,M00.8
8.0,Μ69Χ,M00.9
8.0,Μ69Χ,M01*
8.0,Μ69Χ,M01.0*
8.0,Μ69Χ,M01.1*
8.0,Μ69Χ,M01.2*
8.0,Μ69Χ,M01.3*
8.0,Μ69Χ,M01.4*
8.0,Μ69Χ,M01.5*
8.0,Μ69Χ,M01.6*
8.0,Μ69Χ,M01.8*
8.0,Μ69Χ,M02
8.0,Μ69Χ,M02.0
8.0,Μ69Χ,M02.1
8.0,Μ69Χ,M02.2
8.0,Μ69Χ,M02.3
8.0,Μ69Χ,M02.8
8.0,Μ69Χ,M02.9
8.0,Μ69Χ,M03*
8.0,Μ69Χ,M03.0*
8.0,Μ69Χ,M03.1*
8.0,Μ69Χ,M03.2*
8.0,Μ69Χ,M03.6*
8.0,Μ69Χ,M05
8.0,Μ69Χ,M05.0
8.0,Μ69Χ,M05.1
8.0,Μ69Χ,M05.2
8.0,Μ69Χ,M05.3
8.0,Μ69Χ,M05.8
8.0,Μ69Χ,M05.9
8.0,Μ69Χ,M06
8.0,Μ69Χ,M06.0
8.0,Μ69Χ,M06.1
8.0,Μ69Χ,M06.2
8.0,Μ69Χ,M06.3
8.0,Μ69Χ,M06.4
8.0,Μ69Χ,M06.8
8.0,Μ69Χ,M06.9
8.0,Μ69Χ,M07*
8.0,Μ69Χ,M07.0*
8.0,Μ69Χ,M07.1*
8.0,Μ69Χ,M07.2*
8.0,Μ69Χ,M07.3*
8.0,Μ69Χ,M07.4*
8.0,Μ69Χ,M07.5*
8.0,Μ69Χ,M07.6*
8.0,Μ69Χ,M08
8.0,Μ69Χ,M08.0
8.0,Μ69Χ,M08.1
8.0,Μ69Χ,M08.2
8.0,Μ69Χ,M08.3
8.0,Μ69Χ,M08.4
8.0,Μ69Χ,M08.8
8.0,Μ69Χ,M08.9
8.0,Μ69Χ,M09*
8.0,Μ69Χ,M09.0*
8.0,Μ69Χ,M09.1*
8.0,Μ69Χ,M09.2*
8.0,Μ69Χ,M09.8*
8.0,Μ69Χ,M10
8.0,Μ69Χ,M10.0
8.0,Μ69Χ,M10.1
8.0,Μ69Χ,M10.2
8.0,Μ69Χ,M10.3
8.0,Μ69Χ,M10.4
8.0,Μ69Χ,M10.9
8.0,Μ69Χ,M11
8.0,Μ69Χ,M11.0
8.0,Μ69Χ,M11.1
8.0,Μ69Χ,M11.2
8.0,Μ69Χ,M11.8
8.0,Μ69Χ,M11.9
8.0,Μ69Χ,M12
8.0,Μ69Χ,M12.0
8.0,Μ69Χ,M12.1
8.0,Μ69Χ,M12.2
8.0,Μ69Χ,M12.3
8.0,Μ69Χ,M12.4
8.0,Μ69Χ,M12.5
8.0,Μ69Χ,M12.8
8.0,Μ69Χ,M13
8.0,Μ69Χ,M13.0
8.0,Μ69Χ,M13.1
8.0,Μ69Χ,M13.8
8.0,Μ69Χ,M13.9
8.0,Μ69Χ,M14*
8.0,Μ69Χ,M14.0*
8.0,Μ69Χ,M14.1*
8.0,Μ69Χ,M14.2*
8.0,Μ69Χ,M14.3*
8.0,Μ69Χ,M14.4*
8.0,Μ69Χ,M14.5*
8.0,Μ69Χ,M14.6*
8.0,Μ69Χ,M14.8*
8.0,Μ69Χ,M15
8.0,Μ69Χ,M15.0
8.0,Μ69Χ,M15.1
8.0,Μ69Χ,M15.2
8.0,Μ69Χ,M15.3
8.0,Μ69Χ,M15.4
8.0,Μ69Χ,M15.8
8.0,Μ69Χ,M15.9
8.0,Μ69Χ,M16
8.0,Μ69Χ,M16.0
8.0,Μ69Χ,M16.1
8.0,Μ69Χ,M16.2
8.0,Μ69Χ,M16.3
8.0,Μ69Χ,M16.4
8.0,Μ69Χ,M16.5
8.0,Μ69Χ,M16.6
8.0,Μ69Χ,M16.7
8.0,Μ69Χ,M16.9
8.0,Μ69Χ,M17
8.0,Μ69Χ,M17.0
8.0,Μ69Χ,M17.1
8.0,Μ69Χ,M17.2
8.0,Μ69Χ,M17.3
8.0,Μ69Χ,M17.4
8.0,Μ69Χ,M17.5
8.0,Μ69Χ,M17.9
8.0,Μ69Χ,M18
8.0,Μ69Χ,M18.0
8.0,Μ69Χ,M18.1
8.0,Μ69Χ,M18.2
8.0,Μ69Χ,M18.3
8.0,Μ69Χ,M18.4
8.0,Μ69Χ,M18.5
8.0,Μ69Χ,M18.9
8.0,Μ69Χ,M19
8.0,Μ69Χ,M19.0
8.0,Μ69Χ,M19.1
8.0,Μ69Χ,M19.2
8.0,Μ69Χ,M19.8
8.0,Μ69Χ,M19.9
8.0,Μ69Χ,M20
8.0,Μ69Χ,M20.0
8.0,Μ69Χ,M20.1
8.0,Μ69Χ,M20.2
8.0,Μ69Χ,M20.3
8.0,Μ69Χ,M20.4
8.0,Μ69Χ,M20.5
8.0,Μ69Χ,M20.6
8.0,Μ69Χ,M21
8.0,Μ69Χ,M21.0
8.0,Μ69Χ,M21.1
8.0,Μ69Χ,M21.2
8.0,Μ69Χ,M21.3
8.0,Μ69Χ,M21.4
8.0,Μ69Χ,M21.5
8.0,Μ69Χ,M21.6
8.0,Μ69Χ,M21.7
8.0,Μ69Χ,M21.8
8.0,Μ69Χ,M21.9
8.0,Μ69Χ,M22
8.0,Μ69Χ,M22.0
8.0,Μ69Χ,M22.1
8.0,Μ69Χ,M22.2
8.0,Μ69Χ,M22.3
8.0,Μ69Χ,M22.4
8.0,Μ69Χ,M22.8
8.0,Μ69Χ,M22.9
8.0,Μ69Χ,M23
8.0,Μ69Χ,M23.0
8.0,Μ69Χ,M23.1
8.0,Μ69Χ,M23.2
8.0,Μ69Χ,M23.3
8.0,Μ69Χ,M23.4
8.0,Μ69Χ,M23.5
8.0,Μ69Χ,M23.6
8.0,Μ69Χ,M23.8
8.0,Μ69Χ,M23.9
8.0,Μ69Χ,M24
8.0,Μ69Χ,M24.0
8.0,Μ69Χ,M24.1
8.0,Μ69Χ,M24.2
8.0,Μ69Χ,M24.4
8.0,Μ69Χ,M24.5
8.0,Μ69Χ,M24.6
8.0,Μ69Χ,M24.7
8.0,Μ69Χ,M24.8
8.0,Μ69Χ,M25
8.0,Μ71Μ,M60
8.0,Μ71Μ,M60.0
8.0,Μ71Μ,M60.1
8.0,Μ71Μ,M60.2
8.0,Μ71Μ,M60.8
8.0,Μ71Μ,M60.9
8.0,Μ71Μ,M61
8.0,Μ71Μ,M61.0
8.0,Μ71Μ,M61.1
8.0,Μ71Μ,M61.2
8.0,Μ71Μ,M61.3
8.0,Μ71Μ,M61.4
8.0,Μ71Μ,M61.5
8.0,Μ71Μ,M61.9
8.0,Μ71Μ,M62
8.0,Μ71Μ,M62.0
8.0,Μ71Μ,M62.1
8.0,Μ71Μ,M62.2
8.0,Μ71Μ,M62.3
8.0,Μ71Μ,M62.4
8.0,Μ71Μ,M62.5
8.0,Μ71Μ,M62.6
8.0,Μ71Μ,M62.8
8.0,Μ71Μ,M62.9
8.0,Μ71Μ,M63*
8.0,Μ71Μ,M63.0*
8.0,Μ71Μ,M63.1*
8.0,Μ71Μ,M63.2*
8.0,Μ71Μ,M63.3*
8.0,Μ71Μ,M63.8*
8.0,Μ71Μ,M65
8.0,Μ71Μ,M65.0
8.0,Μ71Μ,M65.1
8.0,Μ71Μ,M65.2
8.0,Μ71Μ,M65.3
8.0,Μ71Μ,M65.4
8.0,Μ71Μ,M65.8
8.0,Μ71Μ,M65.9
8.0,Μ71Μ,M66
8.0,Μ71Μ,M66.0
8.0,Μ71Μ,M66.1
8.0,Μ71Μ,M66.2
8.0,Μ71Μ,M66.3
8.0,Μ71Μ,M66.4
8.0,Μ71Μ,M66.5
8.0,Μ71Μ,M67
8.0,Μ71Μ,M67.0
8.0,Μ71Μ,M67.1
8.0,Μ71Μ,M67.2
8.0,Μ71Μ,M67.3
8.0,Μ71Μ,M67.4
8.0,Μ71Μ,M67.8
8.0,Μ71Μ,M67.9
8.0,Μ71Μ,M68*
8.0,Μ71Μ,M68.0*
8.0,Μ71Μ,M68.8*
8.0,Μ71Μ,M70
8.0,Μ71Μ,M70.0
8.0,Μ71Μ,M70.1
8.0,Μ71Μ,M70.2
8.0,Μ71Μ,M70.3
8.0,Μ71Μ,M70.4
8.0,Μ71Μ,M70.5
8.0,Μ71Μ,M70.6
8.0,Μ71Μ,M70.7
8.0,Μ71Μ,M70.8
8.0,Μ71Μ,M70.9
8.0,Μ71Μ,M71
8.0,Μ71Μ,M71.0
8.0,Μ71Μ,M71.1
8.0,Μ71Μ,M71.2
8.0,Μ71Μ,M71.3
8.0,Μ71Μ,M71.4
8.0,Μ71Μ,M71.5
8.0,Μ71Μ,M71.8
8.0,Μ71Μ,M71.9
8.0,Μ71Μ,M72
8.0,Μ71Μ,M72.0
8.0,Μ71Μ,M72.1
8.0,Μ71Μ,M72.2
8.0,Μ71Μ,M72.3
8.0,Μ71Μ,M72.4
8.0,Μ71Μ,M72.5
8.0,Μ71Μ,M72.8
8.0,Μ71Μ,M72.9
8.0,Μ71Μ,M73*
8.0,Μ71Μ,M73.0*
8.0,Μ71Μ,M73.1*
8.0,Μ71Μ,M73.8*
8.0,Μ71Μ,M75
8.0,Μ71Μ,M75.0
8.0,Μ71Μ,M75.1
8.0,Μ71Μ,M75.2
8.0,Μ71Μ,M75.3
8.0,Μ71Μ,M75.4
8.0,Μ71Μ,M75.5
8.0,Μ71Μ,M75.8
8.0,Μ71Μ,M75.9
8.0,Μ71Μ,M76
8.0,Μ71Μ,M76.0
8.0,Μ71Μ,M76.1
8.0,Μ71Μ,M76.2
8.0,Μ71Μ,M76.3
8.0,Μ71Μ,M76.4
8.0,Μ71Μ,M76.5
8.0,Μ71Μ,M76.6
8.0,Μ71Μ,M76.7
8.0,Μ71Μ,M76.8
8.0,Μ71Μ,M76.9
8.0,Μ71Μ,M77
8.0,Μ71Μ,M77.1
8.0,Μ71Μ,M77.2
8.0,Μ71Μ,M77.3
8.0,Μ71Μ,M77.4
8.0,Μ71Μ,M77.5
8.0,Μ71Μ,M77.8
8.0,Μ71Μ,M77.9
8.0,Μ71Μ,M79
8.0,Μ71Μ,M79.0
8.0,Μ71Μ,M79.1
8.0,Μ71Μ,M79.2
8.0,Μ71Μ,M79.3
8.0,Μ71Μ,M79.4
8.0,Μ71Μ,M79.5
8.0,Μ71Μ,M79.6
8.0,Μ71Μ,M79.8
8.0,Μ71Μ,M79.9
8.0,Μ71Χ,M60
8.0,Μ71Χ,M60.0
8.0,Μ71Χ,M60.1
8.0,Μ71Χ,M60.2
8.0,Μ71Χ,M60.8
8.0,Μ71Χ,M60.9
8.0,Μ71Χ,M61
8.0,Μ71Χ,M61.0
8.0,Μ71Χ,M61.1
8.0,Μ71Χ,M61.2
8.0,Μ71Χ,M61.3
8.0,Μ71Χ,M61.4
8.0,Μ71Χ,M61.5
8.0,Μ71Χ,M61.9
8.0,Μ71Χ,M62
8.0,Μ71Χ,M62.0
8.0,Μ71Χ,M62.1
8.0,Μ71Χ,M62.2
8.0,Μ71Χ,M62.3
8.0,Μ71Χ,M62.4
8.0,Μ71Χ,M62.5
8.0,Μ71Χ,M62.6
8.0,Μ71Χ,M62.8
8.0,Μ71Χ,M62.9
8.0,Μ71Χ,M63
8.0,Μ71Χ,M63.0
8.0,Μ71Χ,M63.1
8.0,Μ71Χ,M63.2
8.0,Μ71Χ,M63.3
8.0,Μ71Χ,M63.8
8.0,Μ71Χ,M65
8.0,Μ71Χ,M65.0
8.0,Μ71Χ,M65.1
8.0,Μ71Χ,M65.2
8.0,Μ71Χ,M65.3
8.0,Μ71Χ,M65.4
8.0,Μ71Χ,M65.8
8.0,Μ71Χ,M65.9
8.0,Μ71Χ,M66
8.0,Μ71Χ,M66.0
8.0,Μ71Χ,M66.1
8.0,Μ71Χ,M66.2
8.0,Μ71Χ,M66.3
8.0,Μ71Χ,M66.4
8.0,Μ71Χ,M66.5
8.0,Μ71Χ,M67
8.0,Μ71Χ,M67.0
8.0,Μ71Χ,M67.1
8.0,Μ71Χ,M67.2
8.0,Μ71Χ,M67.3
8.0,Μ71Χ,M67.4
8.0,Μ71Χ,M67.8
8.0,Μ71Χ,M67.9
8.0,Μ71Χ,M68
8.0,Μ71Χ,M68.0
8.0,Μ71Χ,M68.8
8.0,Μ71Χ,M70
8.0,Μ71Χ,M70.0
8.0,Μ71Χ,M70.1
8.0,Μ71Χ,M70.2
8.0,Μ71Χ,M70.3
8.0,Μ71Χ,M70.4
8.0,Μ71Χ,M70.5
8.0,Μ71Χ,M70.6
8.0,Μ71Χ,M70.7
8.0,Μ71Χ,M70.8
8.0,Μ71Χ,M70.9
8.0,Μ71Χ,M71
8.0,Μ71Χ,M71.0
8.0,Μ71Χ,M71.1
8.0,Μ71Χ,M71.2
8.0,Μ71Χ,M71.3
8.0,Μ71Χ,M71.4
8.0,Μ71Χ,M71.5
8.0,Μ71Χ,M71.8
8.0,Μ71Χ,M71.9
8.0,Μ71Χ,M72
8.0,Μ71Χ,M72.0
8.0,Μ71Χ,M72.1
8.0,Μ71Χ,M72.2
8.0,Μ71Χ,M72.3
8.0,Μ71Χ,M72.4
8.0,Μ71Χ,M72.5
8.0,Μ71Χ,M72.8
8.0,Μ71Χ,M72.9
8.0,Μ71Χ,M73
8.0,Μ71Χ,M73.0
8.0,Μ71Χ,M73.1
8.0,Μ71Χ,M73.8
8.0,Μ71Χ,M75
8.0,Μ71Χ,M75.0
8.0,Μ71Χ,M75.1
8.0,Μ71Χ,M75.2
8.0,Μ71Χ,M75.3
8.0,Μ71Χ,M75.4
8.0,Μ71Χ,M75.5
8.0,Μ71Χ,M75.8
8.0,Μ71Χ,M75.9
8.0,Μ71Χ,M76
8.0,Μ71Χ,M76.0
8.0,Μ71Χ,M76.1
8.0,Μ71Χ,M76.2
8.0,Μ71Χ,M76.3
8.0,Μ71Χ,M76.4
8.0,Μ71Χ,M76.5
8.0,Μ71Χ,M76.6
8.0,Μ71Χ,M76.7
8.0,Μ71Χ,M76.8
8.0,Μ71Χ,M76.9
8.0,Μ71Χ,M77
8.0,Μ71Χ,M77.1
8.0,Μ71Χ,M77.2
8.0,Μ71Χ,M77.3
8.0,Μ71Χ,M77.4
8.0,Μ71Χ,M77.5
8.0,Μ71Χ,M77.8
8.0,Μ71Χ,M77.9
8.0,Μ71Χ,M79
8.0,Μ71Χ,M79.0
8.0,Μ71Χ,M79.1
8.0,Μ71Χ,M79.2
8.0,Μ71Χ,M79.3
8.0,Μ71Χ,M79.4
8.0,Μ71Χ,M79.5
8.0,Μ71Χ,M79.6
8.0,Μ71Χ,M79.8
8.0,Μ71Χ,M79.9
8.0,Μ72Μ,M61
8.0,Μ72Μ,M61.0
8.0,Μ72Μ,M61.1
8.0,Μ72Μ,M61.2
8.0,Μ72Μ,M61.3
8.0,Μ72Μ,M61.4
8.0,Μ72Μ,M61.5
8.0,Μ72Μ,M61.9
8.0,Μ72Μ,M62
8.0,Μ72Μ,M62.0
8.0,Μ72Μ,M62.1
8.0,Μ72Μ,M62.2
8.0,Μ72Μ,M62.3
8.0,Μ72Μ,M62.4
8.0,Μ72Μ,M62.5
8.0,Μ72Μ,M62.6
8.0,Μ72Μ,M62.8
8.0,Μ72Μ,M62.9
8.0,Μ72Μ,M63
8.0,Μ72Μ,M63.0
8.0,Μ72Μ,M63.1
8.0,Μ72Μ,M63.2
8.0,Μ72Μ,M63.3
8.0,Μ72Μ,M63.8
8.0,Μ72Μ,M65
8.0,Μ72Μ,M65.0
8.0,Μ72Μ,M65.1
8.0,Μ72Μ,M65.2
8.0,Μ72Μ,M65.3
8.0,Μ72Μ,M65.4
8.0,Μ72Μ,M65.8
8.0,Μ72Μ,M65.9
8.0,Μ72Μ,M66
8.0,Μ72Μ,M66.0
8.0,Μ72Μ,M66.1
8.0,Μ72Μ,M66.2
8.0,Μ72Μ,M66.3
8.0,Μ72Μ,M66.4
8.0,Μ72Μ,M66.5
8.0,Μ72Μ,M67
8.0,Μ72Μ,M67.0
8.0,Μ72Μ,M67.1
8.0,Μ72Μ,M67.2
8.0,Μ72Μ,M67.3
8.0,Μ72Μ,M67.4
8.0,Μ72Μ,M67.8
8.0,Μ72Μ,M67.9
8.0,Μ74Α,S60
8.0,Μ74Α,S60.0
8.0,Μ74Α,S60.1
8.0,Μ74Α,S60.2
8.0,Μ74Α,S60.7
8.0,Μ74Α,S60.8
8.0,Μ74Α,S60.9
8.0,Μ74Α,S61
8.0,Μ74Α,S61.0
8.0,Μ74Α,S61.1
8.0,Μ74Α,S61.7
8.0,Μ74Α,S61.8
8.0,Μ74Α,S61.9
8.0,Μ74Α,S62
8.0,Μ74Α,S62.0
8.0,Μ74Α,S62.1
8.0,Μ74Α,S62.2
8.0,Μ74Α,S62.3
8.0,Μ74Α,S62.4
8.0,Μ74Α,S62.5
8.0,Μ74Α,S62.6
8.0,Μ74Α,S62.7
8.0,Μ74Α,S62.8
8.0,Μ74Α,S63
8.0,Μ74Α,S63.0
8.0,Μ74Α,S63.1
8.0,Μ74Α,S63.2
8.0,Μ74Α,S63.3
8.0,Μ74Α,S63.4
8.0,Μ74Α,S63.5
8.0,Μ74Α,S63.6
8.0,Μ74Α,S63.7
8.0,Μ74Α,S64
8.0,Μ74Α,S64.0
8.0,Μ74Α,S64.1
8.0,Μ74Α,S64.2
8.0,Μ74Α,S64.3
8.0,Μ74Α,S64.4
8.0,Μ74Α,S64.7
8.0,Μ74Α,S64.8
8.0,Μ74Α,S64.9
8.0,Μ74Α,S65
8.0,Μ74Α,S65.0
8.0,Μ74Α,S65.1
8.0,Μ74Α,S65.2
8.0,Μ74Α,S65.3
8.0,Μ74Α,S65.4
8.0,Μ74Α,S65.5
8.0,Μ74Α,S65.7
8.0,Μ74Α,S65.8
8.0,Μ74Α,S65.9
8.0,Μ74Α,S66
8.0,Μ74Α,S66.0
8.0,Μ74Α,S66.1
8.0,Μ74Α,S66.2
8.0,Μ74Α,S66.3
8.0,Μ74Α,S66.4
8.0,Μ74Α,S66.5
8.0,Μ74Α,S66.6
8.0,Μ74Α,S66.7
8.0,Μ74Α,S66.8
8.0,Μ74Α,S66.9
8.0,Μ74Α,S67
8.0,Μ74Α,S67.0
8.0,Μ74Α,S67.8
8.0,Μ74Α,S68
8.0,Μ74Α,S68.0
8.0,Μ74Α,S68.1
8.0,Μ74Α,S68.2
8.0,Μ74Α,S68.3
8.0,Μ74Α,S68.4
8.0,Μ74Α,S68.8
8.0,Μ74Α,S68.9
8.0,Μ74Α,S69
8.0,Μ74Α,S69.7
8.0,Μ74Α,S69.8
8.0,Μ74Α,S69.9
8.0,Μ74Α,S50
8.0,Μ74Α,S50.1
8.0,Μ74Α,S50.7
8.0,Μ74Α,S50.8
8.0,Μ74Α,S51
8.0,Μ74Α,S51.7
8.0,Μ74Α,S51.8
8.0,Μ74Α,S51.9
8.0,Μ74Α,S52
8.0,Μ74Α,S52.7
8.0,Μ74Α,S52.8
8.0,Μ74Α,S52.9
8.0,Μ74Α,S53.0
8.0,Μ74Α,S53.1
8.0,Μ74Α,S54.0
8.0,Μ74Α,S54.1
8.0,Μ74Α,S54.2
8.0,Μ74Α,S54.3
8.0,Μ74Α,S54.7
8.0,Μ74Α,S54.8
8.0,Μ74Α,S54.9
8.0,Μ74Α,S55.0
8.0,Μ74Α,S55.1
8.0,Μ74Α,S55.2
8.0,Μ74Α,S55.7
8.0,Μ74Α,S55.8
8.0,Μ74Α,S55.9
8.0,Μ74Α,S56.0
8.0,Μ74Α,S56.1
8.0,Μ74Α,S56.2
8.0,Μ74Α,S56.3
8.0,Μ74Α,S56.4
8.0,Μ74Α,S56.5
8.0,Μ74Α,S56.7
8.0,Μ74Α,S56.8
8.0,Μ74Α,S56
8.0,Μ74Α,S57.8
8.0,Μ74Α,S57.9
8.0,Μ74Α,S58.9
8.0,Μ74Α,S59.7
8.0,Μ74Α,S59.8
8.0,Μ74Α,S59.9
8.0,Μ77Μ,S32
8.0,Μ77Μ,S32.0
8.0,Μ77Μ,S32.1
8.0,Μ77Μ,S32.2
8.0,Μ77Μ,S32.3
8.0,Μ77Μ,S32.4
8.0,Μ77Μ,S32.5
8.0,Μ77Μ,S32.7
8.0,Μ77Μ,S32.8
8.0,Μ77Μ,S33
8.0,Μ77Μ,S33.0
8.0,Μ77Μ,S33.1
8.0,Μ77Μ,S33.2
8.0,Μ77Μ,S33.3
8.0,Μ77Μ,S33.4
8.0,Μ77Μ,S33.5
8.0,Μ77Μ,S33.6
8.0,Μ77Μ,S33.7
8.0,Μ77Χ,S32
8.0,Μ77Χ,S32.0
8.0,Μ77Χ,S32.1
8.0,Μ77Χ,S32.2
8.0,Μ77Χ,S32.3
8.0,Μ77Χ,S32.4
8.0,Μ77Χ,S32.5
8.0,Μ77Χ,S32.7
8.0,Μ77Χ,S32.8
8.0,Μ77Χ,S33
8.0,Μ77Χ,S33.0
8.0,Μ77Χ,S33.1
8.0,Μ77Χ,S33.2
8.0,Μ77Χ,S33.3
8.0,Μ77Χ,S33.4
8.0,Μ77Χ,S33.5
8.0,Μ77Χ,S33.6
8.0,Μ77Χ,S33.7
8.0,Μ78Μ,S72
8.0,Μ78Μ,S72.0
8.0,Μ78Μ,S72.1
8.0,Μ78Μ,S72.2
8.0,Μ78Μ,S72.3
8.0,Μ78Μ,S72.4
8.0,Μ78Μ,S72.7
8.0,Μ78Μ,S72.8
8.0,Μ78Μ,S72.9
8.0,Μ78Χ,S72
8.0,Μ78Χ,S72.0
8.0,Μ78Χ,S72.1
8.0,Μ78Χ,S72.2
8.0,Μ78Χ,S72.3
8.0,Μ78Χ,S72.4
8.0,Μ78Χ,S72.7
8.0,Μ78Χ,S72.8
8.0,Μ78Χ,S72.9
8.0,Μ79Μ,C40
8.0,Μ79Μ,C41
8.0,Μ79Μ,M80
8.0,Μ79Μ,M80.0
8.0,Μ79Μ,M80.1
8.0,Μ79Μ,M80.2
8.0,Μ79Μ,M80.3
8.0,Μ79Μ,M80.4
8.0,Μ79Μ,M80.5
8.0,Μ79Μ,M80.8
8.0,Μ79Μ,M80.9
8.0,Μ79Μ,M82
8.0,Μ79Μ,M82.0
8.0,Μ79Μ,M82.1
8.0,Μ79Μ,M82.2
8.0,Μ79Μ,M83
8.0,Μ79Μ,M83.0
8.0,Μ79Μ,M83.1
8.0,Μ79Μ,M83.2
8.0,Μ79Μ,M83.3
8.0,Μ79Μ,M83.4
8.0,Μ79Μ,M83.5
8.0,Μ79Μ,M83.8
8.0,Μ79Μ,M83.9
8.0,Μ79Μ,M84
8.0,Μ79Μ,M84.0
8.0,Μ79Μ,M84.1
8.0,Μ79Μ,M84.2
8.0,Μ79Μ,M84.3
8.0,Μ79Μ,M84.4
8.0,Μ79Μ,M84.8
8.0,Μ79Μ,M84.9
8.0,Μ79Μ,M85
8.0,Μ79Μ,M85.0
8.0,Μ79Μ,M85.1
8.0,Μ79Μ,M85.2
8.0,Μ79Μ,M85.3
8.0,Μ79Μ,M85.4
8.0,Μ79Μ,M85.5
8.0,Μ79Μ,M85.6
8.0,Μ79Μ,M85.8
8.0,Μ79Μ,M85.9
8.0,Μ79Μ,M86
8.0,Μ79Μ,M86.0
8.0,Μ79Μ,M86.1
8.0,Μ79Μ,M86.2
8.0,Μ79Μ,M86.3
8.0,Μ79Μ,M86.4
8.0,Μ79Μ,M86.5
8.0,Μ79Μ,M86.6
8.0,Μ79Μ,M86.8
8.0,Μ79Μ,M86.9
8.0,Μ79Μ,M87
8.0,Μ79Μ,M87.0
8.0,Μ79Μ,M87.1
8.0,Μ79Μ,M87.2
8.0,Μ79Μ,M87.3
8.0,Μ79Μ,M87.8
8.0,Μ79Μ,M87.9
8.0,Μ79Μ,M88
8.0,Μ79Μ,M88.0
8.0,Μ79Μ,M88.8
8.0,Μ79Μ,M88.9
8.0,Μ79Μ,M89
8.0,Μ79Μ,M89.0
8.0,Μ79Μ,M89.1
8.0,Μ79Μ,M89.2
8.0,Μ79Μ,M89.3
8.0,Μ79Μ,M89.4
8.0,Μ79Μ,M89.6
8.0,Μ79Μ,M89.8
8.0,Μ79Μ,M89.9
8.0,Μ79Μ,M90
8.0,Μ79Μ,M90
8.0,Μ79Μ,M90.0
8.0,Μ79Μ,M90.1
8.0,Μ79Μ,M90.2
8.0,Μ79Μ,M90.3
8.0,Μ79Μ,M90.4
8.0,Μ79Μ,M90.5
8.0,Μ79Μ,M90.6
8.0,Μ79Μ,M90.7
8.0,Μ79Μ,M90.8
8.0,Μ79Χ,C40
8.0,Μ79Χ,C41
8.0,Μ79Χ,M80
8.0,Μ79Χ,M80.0
8.0,Μ79Χ,M80.1
8.0,Μ79Χ,M80.2
8.0,Μ79Χ,M80.3
8.0,Μ79Χ,M80.4
8.0,Μ79Χ,M80.5
8.0,Μ79Χ,M80.8
8.0,Μ79Χ,M80.9
8.0,Μ79Χ,M82
8.0,Μ79Χ,M82.0
8.0,Μ79Χ,M82.1
8.0,Μ79Χ,M82.2
8.0,Μ79Χ,M83
8.0,Μ79Χ,M83.0
8.0,Μ79Χ,M83.1
8.0,Μ79Χ,M83.2
8.0,Μ79Χ,M83.3
8.0,Μ79Χ,M83.4
8.0,Μ79Χ,M83.5
8.0,Μ79Χ,M83.8
8.0,Μ79Χ,M83.9
8.0,Μ79Χ,M84
8.0,Μ79Χ,M84.0
8.0,Μ79Χ,M84.1
8.0,Μ79Χ,M84.2
8.0,Μ79Χ,M84.3
8.0,Μ79Χ,M84.4
8.0,Μ79Χ,M84.8
8.0,Μ79Χ,M84.9
8.0,Μ79Χ,M85
8.0,Μ79Χ,M85.0
8.0,Μ79Χ,M85.1
8.0,Μ79Χ,M85.2
8.0,Μ79Χ,M85.3
8.0,Μ79Χ,M85.4
8.0,Μ79Χ,M85.5
8.0,Μ79Χ,M85.6
8.0,Μ79Χ,M85.8
8.0,Μ79Χ,M85.9
8.0,Μ79Χ,M86
8.0,Μ79Χ,M86.0
8.0,Μ79Χ,M86.1
8.0,Μ79Χ,M86.2
8.0,Μ79Χ,M86.3
8.0,Μ79Χ,M86.4
8.0,Μ79Χ,M86.5
8.0,Μ79Χ,M86.6
8.0,Μ79Χ,M86.8
8.0,Μ79Χ,M86.9
8.0,Μ79Χ,M87
8.0,Μ79Χ,M87.0
8.0,Μ79Χ,M87.1
8.0,Μ79Χ,M87.2
8.0,Μ79Χ,M87.3
8.0,Μ79Χ,M87.8
8.0,Μ79Χ,M87.9
8.0,Μ79Χ,M88
8.0,Μ79Χ,M88.0
8.0,Μ79Χ,M88.8
8.0,Μ79Χ,M88.9
8.0,Μ79Χ,M89
8.0,Μ79Χ,M89.0
8.0,Μ79Χ,M89.1
8.0,Μ79Χ,M89.2
8.0,Μ79Χ,M89.3
8.0,Μ79Χ,M89.4
8.0,Μ79Χ,M89.6
8.0,Μ79Χ,M89.8
8.0,Μ79Χ,M89.9
8.0,Μ79Χ,M90
8.0,Μ79Χ,M90
8.0,Μ79Χ,M90.0
8.0,Μ79Χ,M90.1
8.0,Μ79Χ,M90.2
8.0,Μ79Χ,M90.3
8.0,Μ79Χ,M90.4
8.0,Μ79Χ,M90.5
8.0,Μ79Χ,M90.6
8.0,Μ79Χ,M90.7
8.0,Μ79Χ,M90.8
8.0,Μ75Μ,S40
8.0,Μ75Μ,S40.0
8.0,Μ75Μ,S40.7
8.0,Μ75Μ,S40.8
8.0,Μ75Μ,S40.9
8.0,Μ75Μ,S41
8.0,Μ75Μ,S41.0
8.0,Μ75Μ,S41.1
8.0,Μ75Μ,S41.7
8.0,Μ75Μ,S41.8
8.0,Μ75Μ,S42
8.0,Μ75Μ,S42.0
8.0,Μ75Μ,S42.1
8.0,Μ75Μ,S42.2
8.0,Μ75Μ,S42.3
8.0,Μ75Μ,S42.4
8.0,Μ75Μ,S42.7
8.0,Μ75Μ,S42.8
8.0,Μ75Μ,S42.9
8.0,Μ75Μ,S43
8.0,Μ75Μ,S43.0
8.0,Μ75Μ,S43.1
8.0,Μ75Μ,S43.2
8.0,Μ75Μ,S43.3
8.0,Μ75Μ,S43.4
8.0,Μ75Μ,S43.5
8.0,Μ75Μ,S43.6
8.0,Μ75Μ,S43.6
8.0,Μ75Μ,S43.7
8.0,Μ75Μ,S44
8.0,Μ75Μ,S44.0
8.0,Μ75Μ,S44.1
8.0,Μ75Μ,S44.2
8.0,Μ75Μ,S44.3
8.0,Μ75Μ,S44.4
8.0,Μ75Μ,S44.5
8.0,Μ75Μ,S44.7
8.0,Μ75Μ,S44.8
8.0,Μ75Μ,S44.9
8.0,Μ75Μ,S45
8.0,Μ75Μ,S46
8.0,Μ75Μ,S46.0
8.0,Μ75Μ,S46.1
8.0,Μ75Μ,S46.2
8.0,Μ75Μ,S46.3
8.0,Μ75Μ,S46.7
8.0,Μ75Μ,S46.8
8.0,Μ75Μ,S46.9
8.0,Μ75Μ,S47
8.0,Μ75Μ,S48
8.0,Μ75Μ,S48.0
8.0,Μ75Μ,S48.1
8.0,Μ75Μ,S48.9
8.0,Μ75Μ,S49
8.0,Μ75Μ,S49.7
8.0,Μ75Μ,S49.8
8.0,Μ75Μ,S49.9
8.0,Μ75Μ,S50
8.0,Μ75Μ,S50.0
8.0,Μ75Μ,S51.0
8.0,Μ75Μ,S52.0
8.0,Μ75Μ,S53.4
8.0,Μ75Μ,S53
8.0,Μ75Μ,S57.0
8.0,Μ75Μ,S58.0
8.0,Μ75Μ,S58.1
8.0,Μ75Μ,S80.0
8.0,Μ75Μ,S81.0
8.0,Μ75Μ,S82
8.0,Μ75Μ,S82.0
8.0,Μ75Μ,S82.5
8.0,Μ75Μ,S82.6
8.0,Μ75Μ,S82.8
8.0,Μ75Μ,S83
8.0,Μ75Μ,S83.0
8.0,Μ75Μ,S83.1
8.0,Μ75Μ,S83.2
8.0,Μ75Μ,S83.3
8.0,Μ75Μ,S83.4
8.0,Μ75Μ,S83.5
8.0,Μ75Μ,S83.6
8.0,Μ75Μ,S83.7
8.0,Μ75Μ,S86.0
8.0,Μ75Μ,S87.0
8.0,Μ75Μ,S88.0
8.0,Μ75Μ,S88.1
8.0,Μ75Μ,S90
8.0,Μ75Μ,S90.0
8.0,Μ75Μ,S90.1
8.0,Μ75Μ,S90.2
8.0,Μ75Μ,S90.3
8.0,Μ75Μ,S90.7
8.0,Μ75Μ,S90.8
8.0,Μ75Μ,S90.9
8.0,Μ75Μ,S91
8.0,Μ75Μ,S91.0
8.0,Μ75Μ,S91.1
8.0,Μ75Μ,S91.2
8.0,Μ75Μ,S91.3
8.0,Μ75Μ,S91.7
8.0,Μ75Μ,S92
8.0,Μ75Μ,S92.0
8.0,Μ75Μ,S92.1
8.0,Μ75Μ,S92.2
8.0,Μ75Μ,S92.3
8.0,Μ75Μ,S92.4
8.0,Μ75Μ,S92.5
8.0,Μ75Μ,S92.7
8.0,Μ75Μ,S92.9
8.0,Μ75Μ,S93
8.0,Μ75Μ,S93.0
8.0,Μ75Μ,S93.1
8.0,Μ75Μ,S93.2
8.0,Μ75Μ,S93.3
8.0,Μ75Μ,S93.4
8.0,Μ75Μ,S93.5
8.0,Μ75Μ,S93.6
8.0,Μ75Μ,S94
8.0,Μ75Μ,S94.0
8.0,Μ75Μ,S94.1
8.0,Μ75Μ,S94.2
8.0,Μ75Μ,S94.3
8.0,Μ75Μ,S94.7
8.0,Μ75Μ,S94.9
8.0,Μ75Μ,S94.8
8.0,Μ75Μ,S95
8.0,Μ75Μ,S95.0
8.0,Μ75Μ,S95.1
8.0,Μ75Μ,S95.2
8.0,Μ75Μ,S95.7
8.0,Μ75Μ,S95.8
8.0,Μ75Μ,S95.9
8.0,Μ75Μ,S96
8.0,Μ75Μ,S96.0
8.0,Μ75Μ,S96.1
8.0,Μ75Μ,S96.2
8.0,Μ75Μ,S96.7
8.0,Μ75Μ,S96.8
8.0,Μ75Μ,S96.9
8.0,Μ75Μ,S97
8.0,Μ75Μ,S97.0
8.0,Μ75Μ,S97.1
8.0,Μ75Μ,S97.8
8.0,Μ75Μ,S98
8.0,Μ75Μ,S98.0
8.0,Μ75Μ,S98.1
8.0,Μ75Μ,S98.2
8.0,Μ75Μ,S98.3
8.0,Μ75Μ,S98.4
8.0,Μ75Μ,S99
8.0,Μ75Μ,S99.7
8.0,Μ75Μ,S99.8
8.0,Μ75Μ,S99.9
8.0,Μ75Χ,S40
8.0,Μ75Χ,S40.0
8.0,Μ75Χ,S40.7
8.0,Μ75Χ,S40.8
8.0,Μ75Χ,S40.9
8.0,Μ75Χ,S41
8.0,Μ75Χ,S41.0
8.0,Μ75Χ,S41.1
8.0,Μ75Χ,S41.7
8.0,Μ75Χ,S41.8
8.0,Μ75Χ,S42
8.0,Μ75Χ,S42.0
8.0,Μ75Χ,S42.1
8.0,Μ75Χ,S42.2
8.0,Μ75Χ,S42.3
8.0,Μ75Χ,S42.4
8.0,Μ75Χ,S42.7
8.0,Μ75Χ,S42.8
8.0,Μ75Χ,S42.9
8.0,Μ75Χ,S43
8.0,Μ75Χ,S43.0
8.0,Μ75Χ,S43.1
8.0,Μ75Χ,S43.2
8.0,Μ75Χ,S43.3
8.0,Μ75Χ,S43.4
8.0,Μ75Χ,S43.5
8.0,Μ75Χ,S43.6
8.0,Μ75Χ,S43.6)
8.0,Μ75Χ,S43.7
8.0,Μ75Χ,S44
8.0,Μ75Χ,S44.0
8.0,Μ75Χ,S44.1
8.0,Μ75Χ,S44.2
8.0,Μ75Χ,S44.3
8.0,Μ75Χ,S44.4
8.0,Μ75Χ,S44.5
8.0,Μ75Χ,S44.7
8.0,Μ75Χ,S44.8
8.0,Μ75Χ,S44.9
8.0,Μ75Χ,S45
8.0,Μ75Χ,S46
8.0,Μ75Χ,S46.0
8.0,Μ75Χ,S46.1
8.0,Μ75Χ,S46.2
8.0,Μ75Χ,S46.3
8.0,Μ75Χ,S46.7
8.0,Μ75Χ,S46.8
8.0,Μ75Χ,S46.9
8.0,Μ75Χ,S47
8.0,Μ75Χ,S48
8.0,Μ75Χ,S48.0
8.0,Μ75Χ,S48.1
8.0,Μ75Χ,S48.9
8.0,Μ75Χ,S49
8.0,Μ75Χ,S49.7
8.0,Μ75Χ,S49.8
8.0,Μ75Χ,S49.9
8.0,Μ75Χ,S50
8.0,Μ75Χ,S50.0
8.0,Μ75Χ,S51.0
8.0,Μ75Χ,S52.0
8.0,Μ75Χ,S53
8.0,Μ75Χ,S53.4
8.0,Μ75Χ,S57.0
8.0,Μ75Χ,S58.0
8.0,Μ75Χ,S58.1
8.0,Μ75Χ,S80.0
8.0,Μ75Χ,S81.0
8.0,Μ75Χ,S82
8.0,Μ75Χ,S82.0
8.0,Μ75Χ,S82.5
8.0,Μ75Χ,S82.6
8.0,Μ75Χ,S82.8
8.0,Μ75Χ,S83
8.0,Μ75Χ,S83.0
8.0,Μ75Χ,S83.1
8.0,Μ75Χ,S83.2
8.0,Μ75Χ,S83.3
8.0,Μ75Χ,S83.4
8.0,Μ75Χ,S83.5
8.0,Μ75Χ,S83.6
8.0,Μ75Χ,S83.7
8.0,Μ75Χ,S86.0
8.0,Μ75Χ,S87.0
8.0,Μ75Χ,S88.0
8.0,Μ75Χ,S88.1
8.0,Μ75Χ,S90
8.0,Μ75Χ,S90.0
8.0,Μ75Χ,S90.1
8.0,Μ75Χ,S90.2
8.0,Μ75Χ,S90.3
8.0,Μ75Χ,S90.7
8.0,Μ75Χ,S90.8
8.0,Μ75Χ,S90.9
8.0,Μ75Χ,S91
8.0,Μ75Χ,S91.0
8.0,Μ75Χ,S91.1
8.0,Μ75Χ,S91.2
8.0,Μ75Χ,S91.3
8.0,Μ75Χ,S91.7
8.0,Μ75Χ,S92
8.0,Μ75Χ,S92.0
8.0,Μ75Χ,S92.1
8.0,Μ75Χ,S92.2
8.0,Μ75Χ,S92.3
8.0,Μ75Χ,S92.4
8.0,Μ75Χ,S92.5
8.0,Μ75Χ,S92.7
8.0,Μ75Χ,S92.9
8.0,Μ75Χ,S93
8.0,Μ75Χ,S93.0
8.0,Μ75Χ,S93.1
8.0,Μ75Χ,S93.2
8.0,Μ75Χ,S93.3
8.0,Μ75Χ,S93.4
8.0,Μ75Χ,S93.5
8.0,Μ75Χ,S93.6
8.0,Μ75Χ,S94
8.0,Μ75Χ,S94.0
8.0,Μ75Χ,S94.1
8.0,Μ75Χ,S94.2
8.0,Μ75Χ,S94.3
8.0,Μ75Χ,S94.7
8.0,Μ75Χ,S94.8
8.0,Μ75Χ,S94.9
8.0,Μ75Χ,S95
8.0,Μ75Χ,S95.0
8.0,Μ75Χ,S95.1
8.0,Μ75Χ,S95.2
8.0,Μ75Χ,S95.7
8.0,Μ75Χ,S95.8
8.0,Μ75Χ,S95.9
8.0,Μ75Χ,S96
8.0,Μ75Χ,S96.0
8.0,Μ75Χ,S96.1
8.0,Μ75Χ,S96.2
8.0,Μ75Χ,S96.7
8.0,Μ75Χ,S96.8
8.0,Μ75Χ,S96.9
8.0,Μ75Χ,S97
8.0,Μ75Χ,S97.0
8.0,Μ75Χ,S97.1
8.0,Μ75Χ,S97.8
8.0,Μ75Χ,S98
8.0,Μ75Χ,S98.0
8.0,Μ75Χ,S98.1
8.0,Μ75Χ,S98.2
8.0,Μ75Χ,S98.3
8.0,Μ75Χ,S98.4
8.0,Μ75Χ,S99
8.0,Μ75Χ,S99.7
8.0,Μ75Χ,S99.8
8.0,Μ75Χ,S99.9
8.0,Μ76Μ,M21
8.0,Μ76Μ,M21.0
8.0,Μ76Μ,M21.1
8.0,Μ76Μ,M21.2
8.0,Μ76Μ,M21.3
8.0,Μ76Μ,M21.4
8.0,Μ76Μ,M21.5
8.0,Μ76Μ,M21.6
8.0,Μ76Μ,M21.7
8.0,Μ76Μ,M21.8
8.0,Μ76Μ,M21.9
8.0,Μ76Μ,M22
8.0,Μ76Μ,M22.0
8.0,Μ76Μ,M22.1
8.0,Μ76Μ,M22.2
8.0,Μ76Μ,M22.3
8.0,Μ76Μ,M22.4
8.0,Μ76Μ,M22.8
8.0,Μ76Μ,M22.9
8.0,Μ76Μ,M23
8.0,Μ76Μ,M23.0
8.0,Μ76Μ,M23.1
8.0,Μ76Μ,M23.2
8.0,Μ76Μ,M23.3
8.0,Μ76Μ,M23.4
8.0,Μ76Μ,M23.5
8.0,Μ76Μ,M23.6
8.0,Μ76Μ,M23.8
8.0,Μ76Μ,M23.9
8.0,Μ76Μ,M24
8.0,Μ76Μ,M24.0
8.0,Μ76Μ,M24.1
8.0,Μ76Μ,M24.2
8.0,Μ76Μ,M24.4
8.0,Μ76Μ,M24.5
8.0,Μ76Μ,M24.6
8.0,Μ76Μ,M24.7
8.0,Μ76Μ,M24.8
8.0,Μ76Μ,M30
8.0,Μ76Μ,M30.0
8.0,Μ76Μ,M30.1
8.0,Μ76Μ,M30.2
8.0,Μ76Μ,M30.3
8.0,Μ76Μ,M30.8
8.0,Μ76Μ,M31
8.0,Μ76Μ,M31.0
8.0,Μ76Μ,M31.1
8.0,Μ76Μ,M31.2
8.0,Μ76Μ,M31.3
8.0,Μ76Μ,M31.4
8.0,Μ76Μ,M31.5
8.0,Μ76Μ,M31.6
8.0,Μ76Μ,M31.8
8.0,Μ76Μ,M31.9
8.0,Μ76Μ,M32
8.0,Μ76Μ,M32.0
8.0,Μ76Μ,M32.1
8.0,Μ76Μ,M32.8
8.0,Μ76Μ,M32.9
8.0,Μ76Μ,M33
8.0,Μ76Μ,M33.0
8.0,Μ76Μ,M33.1
8.0,Μ76Μ,M33.2
8.0,Μ76Μ,M33.9
8.0,Μ76Μ,M34
8.0,Μ76Μ,M34.0
8.0,Μ76Μ,M34.1
8.0,Μ76Μ,M34.2
8.0,Μ76Μ,M34.8
8.0,Μ76Μ,M35
8.0,Μ76Μ,M36
8.0,Μ76Μ,M36.0
8.0,Μ76Μ,M36.1
8.0,Μ76Μ,M36.2
8.0,Μ76Μ,M36.3
8.0,Μ76Μ,M36.4
8.0,Μ76Μ,M36.8
8.0,Μ76Μ,M70
8.0,Μ76Μ,M70.0
8.0,Μ76Μ,M70.1
8.0,Μ76Μ,M70.2
8.0,Μ76Μ,M70.3
8.0,Μ76Μ,M70.4
8.0,Μ76Μ,M70.5
8.0,Μ76Μ,M70.6
8.0,Μ76Μ,M70.7
8.0,Μ76Μ,M70.8
8.0,Μ76Μ,M70.9
8.0,Μ76Μ,M71
8.0,Μ76Μ,M71.0
8.0,Μ76Μ,M71.1
8.0,Μ76Μ,M71.2
8.0,Μ76Μ,M71.3
8.0,Μ76Μ,M71.4
8.0,Μ76Μ,M71.5
8.0,Μ76Μ,M71.8
8.0,Μ76Μ,M71.9
8.0,Μ76Μ,M75
8.0,Μ76Μ,M75.0
8.0,Μ76Μ,M75.1
8.0,Μ76Μ,M75.2
8.0,Μ76Μ,M75.3
8.0,Μ76Μ,M75.4
8.0,Μ76Μ,M75.5
8.0,Μ76Μ,M75.8
8.0,Μ76Μ,M75.9
8.0,Μ76Μ,M76
8.0,Μ76Μ,M76.0
8.0,Μ76Μ,M76.1
8.0,Μ76Μ,M76.2
8.0,Μ76Μ,M76.3
8.0,Μ76Μ,M76.4
8.0,Μ76Μ,M76.5
8.0,Μ76Μ,M76.6
8.0,Μ76Μ,M76.7
8.0,Μ76Μ,M76.8
8.0,Μ76Μ,M76.9
8.0,Μ76Μ,M79
8.0,Μ76Μ,M79.0
8.0,Μ76Μ,M79.1
8.0,Μ76Μ,M79.2
8.0,Μ76Μ,M79.3
8.0,Μ76Μ,M79.4
8.0,Μ76Μ,M79.5
8.0,Μ76Μ,M79.6
8.0,Μ76Μ,M79.8
8.0,Μ76Μ,M79.9
8.0,Μ76Μ,M80
8.0,Μ76Μ,M80.0
8.0,Μ76Μ,M80.1
8.0,Μ76Μ,M80.2
8.0,Μ76Μ,M80.3
8.0,Μ76Μ,M80.4
8.0,Μ76Μ,M80.5
8.0,Μ76Μ,M80.8
8.0,Μ76Μ,M80.9
8.0,Μ76Μ,M81
8.0,Μ76Μ,M81.0
8.0,Μ76Μ,M81.1
8.0,Μ76Μ,M81.2
8.0,Μ76Μ,M81.3
8.0,Μ76Μ,M81.4
8.0,Μ76Μ,M81.5
8.0,Μ76Μ,M81.6
8.0,Μ76Μ,M81.8
8.0,Μ76Μ,M81.9
8.0,Μ76Μ,M82
8.0,Μ76Μ,M82.0
8.0,Μ76Μ,M82.1
8.0,Μ76Μ,M82.2
8.0,Μ76Μ,M85
8.0,Μ76Μ,M85.0
8.0,Μ76Μ,M85.1
8.0,Μ76Μ,M85.2
8.0,Μ76Μ,M85.3
8.0,Μ76Μ,M85.4
8.0,Μ76Μ,M85.5
8.0,Μ76Μ,M85.6
8.0,Μ76Μ,M85.8
8.0,Μ76Μ,M85.9
8.0,Μ76Μ,M87
8.0,Μ76Μ,M87.0
8.0,Μ76Μ,M87.1
8.0,Μ76Μ,M87.2
8.0,Μ76Μ,M87.3
8.0,Μ76Μ,M87.8
8.0,Μ76Μ,M87.9
8.0,Μ76Μ,M88
8.0,Μ76Μ,M88.0
8.0,Μ76Μ,M88.8
8.0,Μ76Μ,M88.9
8.0,Μ76Μ,M89
8.0,Μ76Μ,M89.0
8.0,Μ76Μ,M89.1
8.0,Μ76Μ,M89.2
8.0,Μ76Μ,M89.3
8.0,Μ76Μ,M89.4
8.0,Μ76Μ,M89.6
8.0,Μ76Μ,M89.8
8.0,Μ76Μ,M89.9
8.0,Μ76Μ,M91
8.0,Μ76Μ,M91.0
8.0,Μ76Μ,M91.1
8.0,Μ76Μ,M91.2
8.0,Μ76Μ,M91.3
8.0,Μ76Μ,M91.8
8.0,Μ76Μ,M91.9
8.0,Μ76Μ,M92
8.0,Μ76Μ,M92.0
8.0,Μ76Μ,M92.1
8.0,Μ76Μ,M92.2
8.0,Μ76Μ,M92.3
8.0,Μ76Μ,M92.4
8.0,Μ76Μ,M92.5
8.0,Μ76Μ,M92.6
8.0,Μ76Μ,M92.7
8.0,Μ76Μ,M92.8
8.0,Μ76Μ,M93
8.0,Μ76Μ,M93.0
8.0,Μ76Μ,M93.1
8.0,Μ76Μ,M93.2
8.0,Μ76Μ,M93.8
8.0,Μ76Μ,M94
8.0,Μ76Μ,M94.0
8.0,Μ76Μ,M94.1
8.0,Μ76Μ,M94.2
8.0,Μ76Μ,M94.3
8.0,Μ76Μ,M94.8
8.0,Μ76Μ,M94.9
8.0,Μ76Χ,M21
8.0,Μ76Χ,M21.0
8.0,Μ76Χ,M21.1
8.0,Μ76Χ,M21.2
8.0,Μ76Χ,M21.3
8.0,Μ76Χ,M21.4
8.0,Μ76Χ,M21.5
8.0,Μ76Χ,M21.6
8.0,Μ76Χ,M21.7
8.0,Μ76Χ,M21.8
8.0,Μ76Χ,M21.9
8.0,Μ76Χ,M22
8.0,Μ76Χ,M22.0
8.0,Μ76Χ,M22.1
8.0,Μ76Χ,M22.2
8.0,Μ76Χ,M22.3
8.0,Μ76Χ,M22.4
8.0,Μ76Χ,M22.8
8.0,Μ76Χ,M22.9
8.0,Μ76Χ,M23
8.0,Μ76Χ,M23.0
8.0,Μ76Χ,M23.1
8.0,Μ76Χ,M23.2
8.0,Μ76Χ,M23.3
8.0,Μ76Χ,M23.4
8.0,Μ76Χ,M23.5
8.0,Μ76Χ,M23.6
8.0,Μ76Χ,M23.8
8.0,Μ76Χ,M23.9
8.0,Μ76Χ,M24
8.0,Μ76Χ,M24.0
8.0,Μ76Χ,M24.1
8.0,Μ76Χ,M24.2
8.0,Μ76Χ,M24.4
8.0,Μ76Χ,M24.5
8.0,Μ76Χ,M24.6
8.0,Μ76Χ,M24.7
8.0,Μ76Χ,M24.8
8.0,Μ76Χ,M30
8.0,Μ76Χ,M30.0
8.0,Μ76Χ,M30.1
8.0,Μ76Χ,M30.2
8.0,Μ76Χ,M30.3
8.0,Μ76Χ,M30.8
8.0,Μ76Χ,M31
8.0,Μ76Χ,M31.0
8.0,Μ76Χ,M31.1
8.0,Μ76Χ,M31.2
8.0,Μ76Χ,M31.3
8.0,Μ76Χ,M31.4
8.0,Μ76Χ,M31.5
8.0,Μ76Χ,M31.6
8.0,Μ76Χ,M31.8
8.0,Μ76Χ,M31.9
8.0,Μ76Χ,M32
8.0,Μ76Χ,M32.0
8.0,Μ76Χ,M32.1
8.0,Μ76Χ,M32.8
8.0,Μ76Χ,M32.9
8.0,Μ76Χ,M33
8.0,Μ76Χ,M33.0
8.0,Μ76Χ,M33.1
8.0,Μ76Χ,M33.2
8.0,Μ76Χ,M33.9
8.0,Μ76Χ,M34
8.0,Μ76Χ,M34.0
8.0,Μ76Χ,M34.1
8.0,Μ76Χ,M34.2
8.0,Μ76Χ,M34.8
8.0,Μ76Χ,M35
8.0,Μ76Χ,M36
8.0,Μ76Χ,M36.0
8.0,Μ76Χ,M36.1
8.0,Μ76Χ,M36.2
8.0,Μ76Χ,M36.3
8.0,Μ76Χ,M36.4
8.0,Μ76Χ,M36.8
8.0,Μ76Χ,M70
8.0,Μ76Χ,M70.0
8.0,Μ76Χ,M70.1
8.0,Μ76Χ,M70.2
8.0,Μ76Χ,M70.3
8.0,Μ76Χ,M70.4
8.0,Μ76Χ,M70.5
8.0,Μ76Χ,M70.6
8.0,Μ76Χ,M70.7
8.0,Μ76Χ,M70.8
8.0,Μ76Χ,M70.9
8.0,Μ76Χ,M71
8.0,Μ76Χ,M71.0
8.0,Μ76Χ,M71.1
8.0,Μ76Χ,M71.2
8.0,Μ76Χ,M71.3
8.0,Μ76Χ,M71.4
8.0,Μ76Χ,M71.5
8.0,Μ76Χ,M71.8
8.0,Μ76Χ,M71.9
8.0,Μ76Χ,M75
8.0,Μ76Χ,M75.0
8.0,Μ76Χ,M75.1
8.0,Μ76Χ,M75.2
8.0,Μ76Χ,M75.3
8.0,Μ76Χ,M75.4
8.0,Μ76Χ,M75.5
8.0,Μ76Χ,M75.8
8.0,Μ76Χ,M75.9
8.0,Μ76Χ,M76
8.0,Μ76Χ,M76.0
8.0,Μ76Χ,M76.1
8.0,Μ76Χ,M76.2
8.0,Μ76Χ,M76.3
8.0,Μ76Χ,M76.4
8.0,Μ76Χ,M76.5
8.0,Μ76Χ,M76.6
8.0,Μ76Χ,M76.7
8.0,Μ76Χ,M76.8
8.0,Μ76Χ,M76.9
8.0,Μ76Χ,M79
8.0,Μ76Χ,M79.0
8.0,Μ76Χ,M79.1
8.0,Μ76Χ,M79.2
8.0,Μ76Χ,M79.3
8.0,Μ76Χ,M79.4
8.0,Μ76Χ,M79.5
8.0,Μ76Χ,M79.6
8.0,Μ76Χ,M79.8
8.0,Μ76Χ,M79.9
8.0,Μ76Χ,M80
8.0,Μ76Χ,M80.0
8.0,Μ76Χ,M80.1
8.0,Μ76Χ,M80.2
8.0,Μ76Χ,M80.3
8.0,Μ76Χ,M80.4
8.0,Μ76Χ,M80.5
8.0,Μ76Χ,M80.8
8.0,Μ76Χ,M80.9
8.0,Μ76Χ,M81
8.0,Μ76Χ,M81.0
8.0,Μ76Χ,M81.1
8.0,Μ76Χ,M81.2
8.0,Μ76Χ,M81.3
8.0,Μ76Χ,M81.4
8.0,Μ76Χ,M81.5
8.0,Μ76Χ,M81.6
8.0,Μ76Χ,M81.8
8.0,Μ76Χ,M81.9
8.0,Μ76Χ,M82
8.0,Μ76Χ,M82.0
8.0,Μ76Χ,M82.1
8.0,Μ76Χ,M82.2
8.0,Μ76Χ,M85
8.0,Μ76Χ,M85.0
8.0,Μ76Χ,M85.1
8.0,Μ76Χ,M85.2
8.0,Μ76Χ,M85.3
8.0,Μ76Χ,M85.4
8.0,Μ76Χ,M85.5
8.0,Μ76Χ,M85.6
8.0,Μ76Χ,M85.8
8.0,Μ76Χ,M85.9
8.0,Μ76Χ,M87
8.0,Μ76Χ,M87.0
8.0,Μ76Χ,M87.1
8.0,Μ76Χ,M87.2
8.0,Μ76Χ,M87.3
8.0,Μ76Χ,M87.8
8.0,Μ76Χ,M87.9
8.0,Μ76Χ,M88
8.0,Μ76Χ,M88.0
8.0,Μ76Χ,M88.8
8.0,Μ76Χ,M88.9
8.0,Μ76Χ,M89
8.0,Μ76Χ,M89.0
8.0,Μ76Χ,M89.1
8.0,Μ76Χ,M89.2
8.0,Μ76Χ,M89.3
8.0,Μ76Χ,M89.4
8.0,Μ76Χ,M89.6
8.0,Μ76Χ,M89.8
8.0,Μ76Χ,M89.9
8.0,Μ76Χ,M91
8.0,Μ76Χ,M91.0
8.0,Μ76Χ,M91.1
8.0,Μ76Χ,M91.2
8.0,Μ76Χ,M91.3
8.0,Μ76Χ,M91.8
8.0,Μ76Χ,M91.9
8.0,Μ76Χ,M92
8.0,Μ76Χ,M92.0
8.0,Μ76Χ,M92.1
8.0,Μ76Χ,M92.2
8.0,Μ76Χ,M92.3
8.0,Μ76Χ,M92.4
8.0,Μ76Χ,M92.5
8.0,Μ76Χ,M92.6
8.0,Μ76Χ,M92.7
8.0,Μ76Χ,M92.8
8.0,Μ76Χ,M93
8.0,Μ76Χ,M93.0
8.0,Μ76Χ,M93.1
8.0,Μ76Χ,M93.2
8.0,Μ76Χ,M93.8
8.0,Μ76Χ,M94
8.0,Μ76Χ,M94.0
8.0,Μ76Χ,M94.1
8.0,Μ76Χ,M94.2
8.0,Μ76Χ,M94.3
8.0,Μ76Χ,M94.8
8.0,Μ76Χ,M94.9
8.0,Μ73Μ,M00
8.0,Μ73Μ,M00.0
8.0,Μ73Μ,M00.1
8.0,Μ73Μ,M00.2
8.0,Μ73Μ,M00.8
8.0,Μ73Μ,M00.9
8.0,Μ73Μ,M01
8.0,Μ73Μ,M01.0
8.0,Μ73Μ,M01.1
8.0,Μ73Μ,M01.2
8.0,Μ73Μ,M01.3
8.0,Μ73Μ,M01.4
8.0,Μ73Μ,M01.5
8.0,Μ73Μ,M01.6
8.0,Μ73Μ,M01.8
8.0,Μ73Μ,M02
8.0,Μ73Μ,M02.0
8.0,Μ73Μ,M02.1
8.0,Μ73Μ,M02.2
8.0,Μ73Μ,M02.3
8.0,Μ73Μ,M12.3
8.0,Μ73Μ,M12.4
8.0,Μ73Μ,M12.5
8.0,Μ73Μ,M12.8
8.0,Μ73Μ,M13
8.0,Μ73Μ,M13.0
8.0,Μ73Μ,M13.1
8.0,Μ73Μ,M13.8
8.0,Μ73Μ,M13.9
8.0,Μ73Μ,M14
8.0,Μ73Μ,M14.0
8.0,Μ73Μ,M14.1
8.0,Μ73Μ,M14.2
8.0,Μ73Μ,M14.3
8.0,Μ73Μ,M14.4
8.0,Μ73Μ,M14.5
8.0,Μ73Μ,M14.6
8.0,Μ73Μ,M14.8
8.0,Μ73Μ,M15
8.0,Μ73Μ,M15.0
8.0,Μ73Μ,M02.8
8.0,Μ73Μ,M02.9
8.0,Μ73Μ,M03
8.0,Μ73Μ,M03.0
8.0,Μ73Μ,M03.1
8.0,Μ73Μ,M03.2
8.0,Μ73Μ,M03.6
8.0,Μ73Μ,M05
8.0,Μ73Μ,M05.0
8.0,Μ73Μ,M05.1
8.0,Μ73Μ,M05.2
8.0,Μ73Μ,M05.3
8.0,Μ73Μ,M05.8
8.0,Μ73Μ,M05.9
8.0,Μ73Μ,M06
8.0,Μ73Μ,M06.0
8.0,Μ73Μ,M06.1
8.0,Μ73Μ,M06.2
8.0,Μ73Μ,M06.3
8.0,Μ73Μ,M06.4
8.0,Μ73Μ,M09.1
8.0,Μ73Μ,M09.2
8.0,Μ73Μ,M09.8
8.0,Μ73Μ,M10
8.0,Μ73Μ,M10.0
8.0,Μ73Μ,M10.1
8.0,Μ73Μ,M10.2
8.0,Μ73Μ,M10.3
8.0,Μ73Μ,M10.4
8.0,Μ73Μ,M10.9
8.0,Μ73Μ,M11
8.0,Μ73Μ,M11.0
8.0,Μ73Μ,M11.1
8.0,Μ73Μ,M11.2
8.0,Μ73Μ,M11.8
8.0,Μ73Μ,M11.9
8.0,Μ73Μ,M12
8.0,Μ73Μ,M12.0
8.0,Μ73Μ,M12.1
8.0,Μ73Μ,M12.2
8.0,Μ73Μ,M15.1
8.0,Μ73Μ,M15.2
8.0,Μ73Μ,M15.3
8.0,Μ73Μ,M15.4
8.0,Μ73Μ,M15.8
8.0,Μ73Μ,M15.9
8.0,Μ73Μ,M16
8.0,Μ73Μ,M16.0
8.0,Μ73Μ,M16.1
8.0,Μ73Μ,M16.2
8.0,Μ73Μ,M16.3
8.0,Μ73Μ,M16.4
8.0,Μ73Μ,M16.5
8.0,Μ73Μ,M16.6
8.0,Μ73Μ,M16.7
8.0,Μ73Μ,M16.9
8.0,Μ73Μ,M17
8.0,Μ73Μ,M17.0
8.0,Μ73Μ,M17.1
8.0,Μ73Μ,M17.2
8.0,Μ73Μ,M17.3
8.0,Μ73Μ,M17.4
8.0,Μ73Μ,M17.5
8.0,Μ73Μ,M17.9
8.0,Μ73Μ,M18
8.0,Μ73Μ,M18.0
8.0,Μ73Μ,M18.1
8.0,Μ73Μ,M18.2
8.0,Μ73Μ,M18.3
8.0,Μ73Μ,M18.4
8.0,Μ73Μ,M18.5
8.0,Μ73Μ,M18.9
8.0,Μ73Μ,M19
8.0,Μ73Μ,M19.0
8.0,Μ73Μ,M19.1
8.0,Μ73Μ,M19.2
8.0,Μ73Μ,M19.8
8.0,Μ73Μ,M19.9
8.0,Μ73Μ,M20
8.0,Μ73Μ,M20.0
8.0,Μ73Μ,M20.2
8.0,Μ73Μ,M20.3
8.0,Μ73Μ,M20.4
8.0,Μ73Μ,M20.5
8.0,Μ73Μ,M20.6
8.0,Μ73Μ,M21
8.0,Μ73Μ,M21.0
8.0,Μ73Μ,M21.1
8.0,Μ73Μ,M21.2
8.0,Μ73Μ,M21.3
8.0,Μ73Μ,M21.4
8.0,Μ73Μ,M21.5
8.0,Μ73Μ,M21.6
8.0,Μ73Μ,M21.7
8.0,Μ73Μ,M21.8
8.0,Μ73Μ,M21.9
8.0,Μ73Μ,M22
8.0,Μ73Μ,M22.0
8.0,Μ73Μ,M22.1
8.0,Μ73Μ,M20.1
8.0,Μ73Μ,M22.2
8.0,Μ73Μ,M22.3
8.0,Μ73Μ,M22.4
8.0,Μ73Μ,M22.8
8.0,Μ73Μ,M22.9
8.0,Μ73Μ,M23
8.0,Μ73Μ,M23.0
8.0,Μ73Μ,M23.1
8.0,Μ73Μ,M23.2
8.0,Μ73Μ,M23.3
8.0,Μ73Μ,M23.4
8.0,Μ73Μ,M23.5
8.0,Μ73Μ,M23.6
8.0,Μ73Μ,M23.8
8.0,Μ73Μ,M23.9
8.0,Μ73Μ,M24
8.0,Μ73Μ,M24.0
8.0,Μ73Μ,M24.1
8.0,Μ73Μ,M24.2
8.0,Μ73Μ,M24.4
8.0,Μ73Μ,M24.5
8.0,Μ73Μ,M24.6
8.0,Μ73Μ,M24.7
8.0,Μ73Μ,M24.8
8.0,Μ73Μ,M25
8.0,Μ73Μ,M30
8.0,Μ73Μ,M30.0
8.0,Μ73Μ,M30.1
8.0,Μ73Μ,M30.2
8.0,Μ73Μ,M30.3
8.0,Μ73Μ,M30.8
8.0,Μ73Μ,M31
8.0,Μ73Μ,M31.0
8.0,Μ73Μ,M31.1
8.0,Μ73Μ,M31.2
8.0,Μ73Μ,M31.3
8.0,Μ73Μ,M31.4
8.0,Μ73Μ,M31.5
8.0,Μ73Μ,M31.6
8.0,Μ73Μ,M31.8
8.0,Μ73Μ,M31.9
8.0,Μ73Μ,M32
8.0,Μ73Μ,M32.0
8.0,Μ73Μ,M32.1
8.0,Μ73Μ,M32.8
8.0,Μ73Μ,M32.9
8.0,Μ73Μ,M33
8.0,Μ73Μ,M33.0
8.0,Μ73Μ,M33.1
8.0,Μ73Μ,M33.2
8.0,Μ73Μ,M33.9
8.0,Μ73Μ,M34
8.0,Μ73Μ,M34.0
8.0,Μ73Μ,M34.1
8.0,Μ73Μ,M34.2
8.0,Μ73Μ,M34.8
8.0,Μ73Μ,M35
8.0,Μ73Μ,M36
8.0,Μ73Μ,M36.0
8.0,Μ73Μ,M36.1
8.0,Μ73Μ,M36.2
8.0,Μ73Μ,M36.3
8.0,Μ73Μ,M36.4
8.0,Μ73Μ,M36.8
8.0,Μ73Μ,M40
8.0,Μ73Μ,M40.0
8.0,Μ73Μ,M40.1
8.0,Μ73Μ,M40.2
8.0,Μ73Μ,M40.3
8.0,Μ73Μ,M40.4
8.0,Μ73Μ,M40.5
8.0,Μ73Μ,M41
8.0,Μ73Μ,M41.0
8.0,Μ73Μ,M41.1
8.0,Μ73Μ,M41.2
8.0,Μ73Μ,M41.3
8.0,Μ73Μ,M41.4
8.0,Μ73Μ,M41.5
8.0,Μ73Μ,M41.8
8.0,Μ73Μ,M41.9
8.0,Μ73Μ,M42
8.0,Μ73Μ,M42.0
8.0,Μ73Μ,M42.1
8.0,Μ73Μ,M43
8.0,Μ73Μ,M45
8.0,Μ73Μ,M46
8.0,Μ73Μ,M46.0
8.0,Μ73Μ,M46.1
8.0,Μ73Μ,M46.2
8.0,Μ73Μ,M46.3
8.0,Μ73Μ,M46.4
8.0,Μ73Μ,M46.5
8.0,Μ73Μ,M46.8
8.0,Μ73Μ,M46.9
8.0,Μ73Μ,M47
8.0,Μ73Μ,M47.0
8.0,Μ73Μ,M47.1
8.0,Μ73Μ,M47.2
8.0,Μ73Μ,M47.8
8.0,Μ73Μ,M47.9
8.0,Μ73Μ,M48
8.0,Μ73Μ,M48.0
8.0,Μ73Μ,M48.1
8.0,Μ73Μ,M48.2
8.0,Μ73Μ,M48.3
8.0,Μ73Μ,M48.4
8.0,Μ73Μ,M48.5
8.0,Μ73Μ,M48.8
8.0,Μ73Μ,M48.9
8.0,Μ73Μ,M49
8.0,Μ73Μ,M49.0
8.0,Μ73Μ,M49.1
8.0,Μ73Μ,M49.2
8.0,Μ73Μ,M49.3
8.0,Μ73Μ,M49.4
8.0,Μ73Μ,M49.5
8.0,Μ73Μ,M49.8
8.0,Μ73Μ,M50
8.0,Μ73Μ,M50.0
8.0,Μ73Μ,M50.1
8.0,Μ73Μ,M50.2
8.0,Μ73Μ,M50.3
8.0,Μ73Μ,M50.8
8.0,Μ73Μ,M50.9
8.0,Μ73Μ,M51
8.0,Μ73Μ,M51.0
8.0,Μ73Μ,M51.1
8.0,Μ73Μ,M51.2
8.0,Μ73Μ,M51.3
8.0,Μ73Μ,M51.4
8.0,Μ73Μ,M51.8
8.0,Μ73Μ,M51.9
8.0,Μ73Μ,M53
8.0,Μ73Μ,M53.0
8.0,Μ73Μ,M53.1
8.0,Μ73Μ,M53.2
8.0,Μ73Μ,M53.3
8.0,Μ73Μ,M53.8
8.0,Μ73Μ,M54
8.0,Μ73Μ,M54.0
8.0,Μ73Μ,M54.1
8.0,Μ73Μ,M54.2
8.0,Μ73Μ,M54.3
8.0,Μ73Μ,M54.4
8.0,Μ73Μ,M54.5
8.0,Μ73Μ,M54.6
8.0,Μ73Μ,M54.8
8.0,Μ73Μ,M54.9
8.0,Μ73Μ,M60
8.0,Μ73Μ,M60.0
8.0,Μ73Μ,M60.1
8.0,Μ73Μ,M60.2
8.0,Μ73Μ,M60.8
8.0,Μ73Μ,M60.9
8.0,Μ73Μ,M61
8.0,Μ73Μ,M61.0
8.0,Μ73Μ,M61.1
8.0,Μ73Μ,M61.2
8.0,Μ73Μ,M61.3
8.0,Μ73Μ,M61.4
8.0,Μ73Μ,M61.5
8.0,Μ73Μ,M61.9
8.0,Μ73Μ,M62
8.0,Μ73Μ,M62.0
8.0,Μ73Μ,M62.1
8.0,Μ73Μ,M62.2
8.0,Μ73Μ,M62.3
8.0,Μ73Μ,M62.4
8.0,Μ73Μ,M62.5
8.0,Μ73Μ,M62.6
8.0,Μ73Μ,M62.8
8.0,Μ73Μ,M62.9
8.0,Μ73Μ,M63
8.0,Μ73Μ,M63.0
8.0,Μ73Μ,M63.1
8.0,Μ73Μ,M63.2
8.0,Μ73Μ,M63.3
8.0,Μ73Μ,M63.8
8.0,Μ73Μ,M65
8.0,Μ73Μ,M65.0
8.0,Μ73Μ,M65.1
8.0,Μ73Μ,M65.2
8.0,Μ73Μ,M65.3
8.0,Μ73Μ,M65.4
8.0,Μ73Μ,M65.8
8.0,Μ73Μ,M65.9
8.0,Μ73Μ,M66
8.0,Μ73Μ,M66.0
8.0,Μ73Μ,M66.1
8.0,Μ73Μ,M66.2
8.0,Μ73Μ,M66.3
8.0,Μ73Μ,M66.4
8.0,Μ73Μ,M66.5
8.0,Μ73Μ,M67
8.0,Μ73Μ,M67.0
8.0,Μ73Μ,M67.1
8.0,Μ73Μ,M67.2
8.0,Μ73Μ,M67.3
8.0,Μ73Μ,M67.4
8.0,Μ73Μ,M67.8
8.0,Μ73Μ,M67.9
8.0,Μ73Μ,M68
8.0,Μ73Μ,M68.0
8.0,Μ73Μ,M68.8
8.0,Μ73Μ,M70
8.0,Μ73Μ,M70.0
8.0,Μ73Μ,M70.1
8.0,Μ73Μ,M70.2
8.0,Μ73Μ,M70.3
8.0,Μ73Μ,M70.4
8.0,Μ73Μ,M70.5
8.0,Μ73Μ,M70.6
8.0,Μ73Μ,M70.7
8.0,Μ73Μ,M70.8
8.0,Μ73Μ,M70.9
8.0,Μ73Μ,M71
8.0,Μ73Μ,M71.0
8.0,Μ73Μ,M71.1
8.0,Μ73Μ,M71.2
8.0,Μ73Μ,M71.3
8.0,Μ73Μ,M71.4
8.0,Μ73Μ,M71.5
8.0,Μ73Μ,M71.8
8.0,Μ73Μ,M71.9
8.0,Μ73Μ,M72
8.0,Μ73Μ,M72.0
8.0,Μ73Μ,M72.1
8.0,Μ73Μ,M72.2
8.0,Μ73Μ,M72.3
8.0,Μ73Μ,M72.4
8.0,Μ73Μ,M72.5
8.0,Μ73Μ,M72.8
8.0,Μ73Μ,M72.9
8.0,Μ73Μ,M73
8.0,Μ73Μ,M73.0
8.0,Μ73Μ,M73.1
8.0,Μ73Μ,M73.8
8.0,Μ73Μ,M75
8.0,Μ73Μ,M75.0
8.0,Μ73Μ,M75.1
8.0,Μ73Μ,M75.2
8.0,Μ73Μ,M75.3
8.0,Μ73Μ,M75.4
8.0,Μ73Μ,M75.5
8.0,Μ73Μ,M75.8
8.0,Μ73Μ,M75.9
8.0,Μ73Μ,M76
8.0,Μ73Μ,M76.0
8.0,Μ73Μ,M76.1
8.0,Μ73Μ,M76.2
8.0,Μ73Μ,M76.3
8.0,Μ73Μ,M76.4
8.0,Μ73Μ,M76.5
8.0,Μ73Μ,M76.6
8.0,Μ73Μ,M76.7
8.0,Μ73Μ,M76.8
8.0,Μ73Μ,M76.9
8.0,Μ73Μ,M77
8.0,Μ73Μ,M77.1
8.0,Μ73Μ,M77.2
8.0,Μ73Μ,M77.3
8.0,Μ73Μ,M77.4
8.0,Μ73Μ,M77.5
8.0,Μ73Μ,M77.8
8.0,Μ73Μ,M77.9
8.0,Μ73Μ,M79
8.0,Μ73Μ,M79.0
8.0,Μ73Μ,M79.1
8.0,Μ73Μ,M79.2
8.0,Μ73Μ,M79.3
8.0,Μ73Μ,M79.4
8.0,Μ73Μ,M79.6
8.0,Μ73Μ,M79.8
8.0,Μ73Μ,M79.9
8.0,Μ73Μ,M80
8.0,Μ73Μ,M80.0
8.0,Μ73Μ,M80.1
8.0,Μ73Μ,M80.2
8.0,Μ73Μ,M80.3
8.0,Μ73Μ,M80.4
8.0,Μ73Μ,M80.5
8.0,Μ73Μ,M80.8
8.0,Μ73Μ,M80.9
8.0,Μ73Μ,M81
8.0,Μ73Μ,M81.0
8.0,Μ73Μ,M81.1
8.0,Μ73Μ,M81.2
8.0,Μ73Μ,M81.3
8.0,Μ73Μ,M81.4
8.0,Μ73Μ,M81.5
8.0,Μ73Μ,M81.6
8.0,Μ73Μ,M81.8
8.0,Μ73Μ,M81.9
8.0,Μ73Μ,M82
8.0,Μ73Μ,M82.0
8.0,Μ73Μ,M82.1
8.0,Μ73Μ,M82.2
8.0,Μ73Μ,M83
8.0,Μ73Μ,M83.0
8.0,Μ73Μ,M83.1
8.0,Μ73Μ,M83.2
8.0,Μ73Μ,M83.3
8.0,Μ73Μ,M83.4
8.0,Μ73Μ,M83.5
8.0,Μ73Μ,M83.8
8.0,Μ73Μ,M83.9
8.0,Μ73Μ,M84
8.0,Μ73Μ,M84.0
8.0,Μ73Μ,M84.1
8.0,Μ73Μ,M84.2
8.0,Μ73Μ,M84.3
8.0,Μ73Μ,M84.4
8.0,Μ73Μ,M84.8
8.0,Μ73Μ,M84.9
8.0,Μ73Μ,M85
8.0,Μ73Μ,M85.0
8.0,Μ73Μ,M85.1
8.0,Μ73Μ,M85.2
8.0,Μ73Μ,M85.3
8.0,Μ73Μ,M87.8
8.0,Μ73Μ,M87.9
8.0,Μ73Μ,M88
8.0,Μ73Μ,M88.0
8.0,Μ73Μ,M88.8
8.0,Μ73Μ,M88.9
8.0,Μ73Μ,M89
8.0,Μ73Μ,M89.0
8.0,Μ73Μ,M89.1
8.0,Μ73Μ,M89.2
8.0,Μ73Μ,M89.3
8.0,Μ73Μ,M89.4
8.0,Μ73Μ,M89.6
8.0,Μ73Μ,M89.8
8.0,Μ73Μ,M89.9
8.0,Μ73Μ,M90
8.0,Μ73Μ,M90
8.0,Μ73Μ,M90.0
8.0,Μ73Μ,M90.1
8.0,Μ73Μ,M90.2
8.0,Μ73Μ,M90.3
8.0,Μ73Μ,M90.4
8.0,Μ73Μ,M90.5
8.0,Μ73Μ,M90.6
8.0,Μ73Μ,M90.7
8.0,Μ73Μ,M90.8
8.0,Μ73Μ,M91
8.0,Μ73Μ,M91.0
8.0,Μ73Μ,M91.1
8.0,Μ73Μ,M91.2
8.0,Μ73Μ,M91.3
8.0,Μ73Μ,M91.8
8.0,Μ73Μ,M91.9
8.0,Μ73Μ,M92
8.0,Μ73Μ,M92.0
8.0,Μ73Μ,M92.1
8.0,Μ73Μ,M92.2
8.0,Μ73Μ,M92.3
8.0,Μ73Μ,M92.4
8.0,Μ73Μ,M92.5
8.0,Μ73Μ,M92.6
8.0,Μ73Μ,M92.7
8.0,Μ73Μ,M92.8
8.0,Μ73Μ,M93
8.0,Μ73Μ,M93.0
8.0,Μ73Μ,M93.1
8.0,Μ73Μ,M93.2
8.0,Μ73Μ,M93.8
8.0,Μ73Μ,M94
8.0,Μ73Μ,M94.0
8.0,Μ73Μ,M94.1
8.0,Μ73Μ,M94.2
8.0,Μ73Μ,M94.3
8.0,Μ73Μ,M94.8
8.0,Μ73Μ,M94.9
8.0,Μ73Μ,M95
8.0,Μ73Μ,M95.0
8.0,Μ73Μ,M95.1
8.0,Μ73Μ,M95.2
8.0,Μ73Μ,M95.3
8.0,Μ73Μ,M95.4
8.0,Μ73Μ,M95.5
8.0,Μ73Μ,M95.8
8.0,Μ73Μ,M95.9
8.0,Μ73Μ,M96
8.0,Μ73Μ,M96.0
8.0,Μ73Μ,M96.1
8.0,Μ73Μ,M96.2
8.0,Μ73Μ,M96.3
8.0,Μ73Μ,M96.4
8.0,Μ73Μ,M96.5
8.0,Μ73Μ,M96.6
8.0,Μ73Μ,M96.8
8.0,Μ73Μ,M96.9
8.0,Μ73Μ,M99
8.0,Μ73Μ,M99.0
8.0,Μ73Μ,M99.1
8.0,Μ73Μ,M99.2
8.0,Μ73Μ,M99.3
8.0,Μ73Μ,M99.4
8.0,Μ73Μ,M99.5
8.0,Μ73Μ,M99.6
8.0,Μ73Μ,M99.7
8.0,Μ73Μ,M99.8
8.0,Μ73Μ,M99.9
8.0,Μ73Μ,S00
8.0,Μ73Μ,S00.0
8.0,Μ73Μ,S00.1
8.0,Μ73Μ,S00.2
8.0,Μ73Μ,S00.3
8.0,Μ73Μ,S00.4
8.0,Μ73Μ,S00.5
8.0,Μ73Μ,S00.7
8.0,Μ73Μ,S00.8
8.0,Μ73Μ,S00.9
8.0,Μ73Μ,S01
8.0,Μ73Μ,S01.0
8.0,Μ73Μ,S01.1
8.0,Μ73Μ,S01.2
8.0,Μ73Μ,S01.3
8.0,Μ73Μ,S01.4
8.0,Μ73Μ,S01.5
8.0,Μ73Μ,S01.7
8.0,Μ73Μ,S01.8
8.0,Μ73Μ,S01.9
8.0,Μ73Μ,S02
8.0,Μ73Μ,S02.0
8.0,Μ73Μ,S02.1
8.0,Μ73Μ,S02.2
8.0,Μ73Μ,S02.3
8.0,Μ73Μ,S02.4
8.0,Μ73Μ,S02.5
8.0,Μ73Μ,S02.6
8.0,Μ73Μ,S02.7
8.0,Μ73Μ,S02.8
8.0,Μ73Μ,S02.9
8.0,Μ73Μ,S03
8.0,Μ73Μ,S03.0
8.0,Μ73Μ,S03.1
8.0,Μ73Μ,S03.2
8.0,Μ73Μ,S03.3
8.0,Μ73Μ,S03.4
8.0,Μ73Μ,S03.5
8.0,Μ73Μ,S04
8.0,Μ73Μ,S04.0
8.0,Μ73Μ,S04.1
8.0,Μ73Μ,S04.2
8.0,Μ73Μ,S04.3
8.0,Μ73Μ,S04.4
8.0,Μ73Μ,S04.5
8.0,Μ73Μ,S04.6
8.0,Μ73Μ,S04.7
8.0,Μ73Μ,S04.9
8.0,Μ73Μ,S05
8.0,Μ73Μ,S05.0
8.0,Μ73Μ,S05.1
8.0,Μ73Μ,S05.2
8.0,Μ73Μ,S05.3
8.0,Μ73Μ,S05.4
8.0,Μ73Μ,S05.5
8.0,Μ73Μ,S05.6
8.0,Μ73Μ,S05.7
8.0,Μ73Μ,S05.8
8.0,Μ73Μ,S05.9
8.0,Μ73Μ,S06
8.0,Μ73Μ,S09
8.0,Μ73Μ,S09.0
8.0,Μ73Μ,S09.1
8.0,Μ73Μ,S09.2
8.0,Μ73Μ,S09.7
8.0,Μ73Μ,S09.8
8.0,Μ73Μ,S09.9
8.0,Μ73Μ,S10
8.0,Μ73Μ,S10.0
8.0,Μ73Μ,S10.1
8.0,Μ73Μ,S10.7
8.0,Μ73Μ,S10.8
8.0,Μ73Μ,S10.9
8.0,Μ73Μ,S11
8.0,Μ73Μ,S11.0
8.0,Μ73Μ,S11.1
8.0,Μ73Μ,S11.2
8.0,Μ73Μ,S11.7
8.0,Μ73Μ,S11.8
8.0,Μ73Μ,S11.9
8.0,Μ73Μ,S12
8.0,Μ73Μ,S12.0
8.0,Μ73Μ,S12.1
8.0,Μ73Μ,S12.2
8.0,Μ73Μ,S12.7
8.0,Μ73Μ,S12.8
8.0,Μ73Μ,S12.9
8.0,Μ73Μ,S13
8.0,Μ73Μ,S13.0
8.0,Μ73Μ,S13.1
8.0,Μ73Μ,S13.2
8.0,Μ73Μ,S13.3
8.0,Μ73Μ,S13.4
8.0,Μ73Μ,S13.5
8.0,Μ73Μ,S13.6
8.0,Μ73Μ,S14
8.0,Μ73Μ,S14.0
8.0,Μ73Μ,S14.1
8.0,Μ73Μ,S14.2
8.0,Μ73Μ,S14.3
8.0,Μ73Μ,S14.4
8.0,Μ73Μ,S14.5
8.0,Μ73Μ,S14.6
8.0,Μ73Μ,S15
8.0,Μ73Μ,S15.0
8.0,Μ73Μ,S15.1
8.0,Μ73Μ,S15.2
8.0,Μ73Μ,S15.3
8.0,Μ73Μ,S15.7
8.0,Μ73Μ,S15.8
8.0,Μ73Μ,S15.9
8.0,Μ73Μ,S16
8.0,Μ73Μ,S17
8.0,Μ73Μ,S17.0
8.0,Μ73Μ,S17.8
8.0,Μ73Μ,S17.9
8.0,Μ73Μ,S18
8.0,Μ73Μ,S19
8.0,Μ73Μ,S19.7
8.0,Μ73Μ,S19.8
8.0,Μ73Μ,S19.9
8.0,Μ73Μ,S20
8.0,Μ73Μ,S20.0
8.0,Μ73Μ,S20.1
8.0,Μ73Μ,S20.2
8.0,Μ73Μ,S20.3
8.0,Μ73Μ,S20.4
8.0,Μ73Μ,S20.7
8.0,Μ73Μ,S20.8
8.0,Μ73Μ,S21
8.0,Μ73Μ,S21.0
8.0,Μ73Μ,S21.1
8.0,Μ73Μ,S21.2
8.0,Μ73Μ,S21.7
8.0,Μ73Μ,S21.8
8.0,Μ73Μ,S21.9
8.0,Μ73Μ,S22
8.0,Μ73Μ,S22.0
8.0,Μ73Μ,S22.1
8.0,Μ73Μ,S22.2
8.0,Μ73Μ,S22.3
8.0,Μ73Μ,S22.4
8.0,Μ73Μ,S22.5
8.0,Μ73Μ,S22.8
8.0,Μ73Μ,S22.9
8.0,Μ73Μ,S23
8.0,Μ73Μ,S23.0
8.0,Μ73Μ,S23.1
8.0,Μ73Μ,S23.2
8.0,Μ73Μ,S23.3
8.0,Μ73Μ,S23.4
8.0,Μ73Μ,S23.5
8.0,Μ73Μ,S24
8.0,Μ73Μ,S24.0
8.0,Μ73Μ,S24.1
8.0,Μ73Μ,S24.2
8.0,Μ73Μ,S24.3
8.0,Μ73Μ,S24.4
8.0,Μ73Μ,S24.5
8.0,Μ73Μ,S24.6
8.0,Μ73Μ,S25
8.0,Μ73Μ,S25.0
8.0,Μ73Μ,S25.1
8.0,Μ73Μ,S25.2
8.0,Μ73Μ,S25.3
8.0,Μ73Μ,S25.4
8.0,Μ73Μ,S25.5
8.0,Μ73Μ,S25.7
8.0,Μ73Μ,S25.8
8.0,Μ73Μ,S25.9
8.0,Μ73Μ,S26
8.0,Μ73Μ,S26.0
8.0,Μ73Μ,S26.8
8.0,Μ73Μ,S26.9
8.0,Μ73Μ,S27
8.0,Μ73Μ,S27.0
8.0,Μ73Μ,S27.1
8.0,Μ73Μ,S27.2
8.0,Μ73Μ,S27.4
8.0,Μ73Μ,S27.3
8.0,Μ73Μ,S27.5
8.0,Μ73Μ,S27.6
8.0,Μ73Μ,S27.7
8.0,Μ73Μ,S27.8
8.0,Μ73Μ,S27.9
8.0,Μ73Μ,S28
8.0,Μ73Μ,S28.0
8.0,Μ73Μ,S28.1
8.0,Μ73Μ,S29
8.0,Μ73Μ,S29.0
8.0,Μ73Μ,S29.7
8.0,Μ73Μ,S29.8
8.0,Μ73Μ,S29.9
8.0,Μ73Μ,S30
8.0,Μ73Μ,S30.0
8.0,Μ73Μ,S30.1
8.0,Μ73Μ,S30.2
8.0,Μ73Μ,S30.7
8.0,Μ73Μ,S30.8
8.0,Μ73Μ,S30.9
8.0,Μ73Μ,S31
8.0,Μ73Μ,S31.0
8.0,Μ73Μ,S31.1
8.0,Μ73Μ,S31.2
8.0,Μ73Μ,S31.3
8.0,Μ73Μ,S31.4
8.0,Μ73Μ,S31.5
8.0,Μ73Μ,S31.7
8.0,Μ73Μ,S31.8
8.0,Μ73Μ,S32
8.0,Μ73Μ,S32.0
8.0,Μ73Μ,S32.1
8.0,Μ73Μ,S32.2
8.0,Μ73Μ,S32.3
8.0,Μ73Μ,S32.4
8.0,Μ73Μ,S32.5
8.0,Μ73Μ,S32.7
8.0,Μ73Μ,S32.8
8.0,Μ73Μ,S33
8.0,Μ73Μ,S33.0
8.0,Μ73Μ,S33.1
8.0,Μ73Μ,S33.2
8.0,Μ73Μ,S33.3
8.0,Μ73Μ,S33.4
8.0,Μ73Μ,S33.5
8.0,Μ73Μ,S33.6
8.0,Μ73Μ,S33.7
8.0,Μ73Μ,S34
8.0,Μ73Μ,S34.0
8.0,Μ73Μ,S34.1
8.0,Μ73Μ,S34.2
8.0,Μ73Μ,S34.3
8.0,Μ73Μ,S34.4
8.0,Μ73Μ,S34.5
8.0,Μ73Μ,S34.6
8.0,Μ73Μ,S34.8
8.0,Μ73Μ,S35
8.0,Μ73Μ,"S35.-,"
8.0,Μ73Μ,S35.0
8.0,Μ73Μ,S35.1
8.0,Μ73Μ,S35.2
8.0,Μ73Μ,S35.3
8.0,Μ73Μ,S35.4
8.0,Μ73Μ,S35.5
8.0,Μ73Μ,S35.7
8.0,Μ73Μ,S35.8
8.0,Μ73Μ,S35.9
8.0,Μ73Μ,S36
8.0,Μ73Μ,S36.0
8.0,Μ73Μ,S36.1
8.0,Μ73Μ,S36.2
8.0,Μ73Μ,S36.3
8.0,Μ73Μ,S36.4
8.0,Μ73Μ,S36.5
8.0,Μ73Μ,S36.6
8.0,Μ73Μ,S36.7
8.0,Μ73Μ,S36.8
8.0,Μ73Μ,S36.9
8.0,Μ73Μ,S37
8.0,Μ73Μ,S37.0
8.0,Μ73Μ,S37.1
8.0,Μ73Μ,S37.2
8.0,Μ73Μ,S37.3
8.0,Μ73Μ,S37.4
8.0,Μ73Μ,S37.5
8.0,Μ73Μ,S37.6
8.0,Μ73Μ,S37.7
8.0,Μ73Μ,S37.8
8.0,Μ73Μ,S37.9
8.0,Μ73Μ,S38
8.0,Μ73Μ,S38.0
8.0,Μ73Μ,S38.1
8.0,Μ73Μ,S38.2
8.0,Μ73Μ,S38.3
8.0,Μ73Μ,S39
8.0,Μ73Μ,S39.0
8.0,Μ73Μ,S39.6
8.0,Μ73Μ,S39.7
8.0,Μ73Μ,S39.8
8.0,Μ73Μ,S39.9
8.0,Μ73Μ,S40
8.0,Μ73Μ,S40.0
8.0,Μ73Μ,S40.7
8.0,Μ73Μ,S40.8
8.0,Μ73Μ,S40.9
8.0,Μ73Μ,S41
8.0,Μ73Μ,S41.0
8.0,Μ73Μ,S41.1
8.0,Μ73Μ,S41.7
8.0,Μ73Μ,S41.8
8.0,Μ73Μ,S42
8.0,Μ73Μ,S42.0
8.0,Μ73Μ,S42.1
8.0,Μ73Μ,S42.2
8.0,Μ73Μ,S42.3
8.0,Μ73Μ,S42.4
8.0,Μ73Μ,S42.7
8.0,Μ73Μ,S42.8
8.0,Μ73Μ,S42.9
8.0,Μ73Μ,S43
8.0,Μ73Μ,S43.0
8.0,Μ73Μ,S43.1
8.0,Μ73Μ,S43.2
8.0,Μ73Μ,S43.3
8.0,Μ73Μ,S43.4
8.0,Μ73Μ,S43.5
8.0,Μ73Μ,S43.6
8.0,Μ73Μ,S43.6)
8.0,Μ73Μ,S43.7
8.0,Μ73Μ,S44
8.0,Μ73Μ,S44.0
8.0,Μ73Μ,S44.1
8.0,Μ73Μ,S44.2
8.0,Μ73Μ,S44.3
8.0,Μ73Μ,S44.4
8.0,Μ73Μ,S44.5
8.0,Μ73Μ,S44.7
8.0,Μ73Μ,S44.8
8.0,Μ73Μ,S44.9
8.0,Μ73Μ,S45
8.0,Μ73Μ,S46
8.0,Μ73Μ,S46.0
8.0,Μ73Μ,S46.1
8.0,Μ73Μ,S46.2
8.0,Μ73Μ,S46.3
8.0,Μ73Μ,S46.7
8.0,Μ73Μ,S46.8
8.0,Μ73Μ,S46.9
8.0,Μ73Μ,S47
8.0,Μ73Μ,S48
8.0,Μ73Μ,S48.0
8.0,Μ73Μ,S48.1
8.0,Μ73Μ,S48.9
8.0,Μ73Μ,S49
8.0,Μ73Μ,S49.7
8.0,Μ73Μ,S49.8
8.0,Μ73Μ,S49.9
8.0,Μ73Μ,S5.0
8.0,Μ73Μ,S50
8.0,Μ73Μ,S50.0
8.0,Μ73Μ,S50.1
8.0,Μ73Μ,S50.7
8.0,Μ73Μ,S50.8
8.0,Μ73Μ,S50.9
8.0,Μ73Μ,S51
8.0,Μ73Μ,S51.0
8.0,Μ73Μ,S51.7
8.0,Μ73Μ,S51.8
8.0,Μ73Μ,S51.9
8.0,Μ73Μ,S52
8.0,Μ73Μ,S52.0
8.0,Μ73Μ,S52.1
8.0,Μ73Μ,S52.2
8.0,Μ73Μ,S52.3
8.0,Μ73Μ,S52.4
8.0,Μ73Μ,S52.5
8.0,Μ73Μ,S52.6
8.0,Μ73Μ,S52.7
8.0,Μ73Μ,S52.8
8.0,Μ73Μ,S52.9
8.0,Μ73Μ,S53
8.0,Μ73Μ,S53.0
8.0,Μ73Μ,S53.1
8.0,Μ73Μ,S53.2
8.0,Μ73Μ,S53.4
8.0,Μ73Μ,S54
8.0,Μ73Μ,S54.0
8.0,Μ73Μ,S54.1
8.0,Μ73Μ,S54.2
8.0,Μ73Μ,S54.3
8.0,Μ73Μ,S54.7
8.0,Μ73Μ,S54.8
8.0,Μ73Μ,S54.9
8.0,Μ73Μ,S55
8.0,Μ73Μ,S55.0
8.0,Μ73Μ,S55.1
8.0,Μ73Μ,S55.2
8.0,Μ73Μ,S55.7
8.0,Μ73Μ,S55.8
8.0,Μ73Μ,S55.9
8.0,Μ73Μ,S56
8.0,Μ73Μ,S56.0
8.0,Μ73Μ,S56.1
8.0,Μ73Μ,S56.2
8.0,Μ73Μ,S56.3
8.0,Μ73Μ,S56.4
8.0,Μ73Μ,S56.5
8.0,Μ73Μ,S56.7
8.0,Μ73Μ,S56.8
8.0,Μ73Μ,S57
8.0,Μ73Μ,S57.0
8.0,Μ73Μ,S57.8
8.0,Μ73Μ,S57.9
8.0,Μ73Μ,S58
8.0,Μ73Μ,S58.0
8.0,Μ73Μ,S58.1
8.0,Μ73Μ,S58.9
8.0,Μ73Μ,S59
8.0,Μ73Μ,S59.7
8.0,Μ73Μ,S59.8
8.0,Μ73Μ,S59.9
8.0,Μ73Μ,S60
8.0,Μ73Μ,S60.0
8.0,Μ73Μ,S60.1
8.0,Μ73Μ,S60.2
8.0,Μ73Μ,S60.7
8.0,Μ73Μ,S60.8
8.0,Μ73Μ,S60.9
8.0,Μ73Μ,S61
8.0,Μ73Μ,S61.0
8.0,Μ73Μ,S61.1
8.0,Μ73Μ,S61.7
8.0,Μ73Μ,S61.8
8.0,Μ73Μ,S61.9
8.0,Μ73Μ,S62
8.0,Μ73Μ,S62.0
8.0,Μ73Μ,S62.1
8.0,Μ73Μ,S62.2
8.0,Μ73Μ,S62.3
8.0,Μ73Μ,S62.4
8.0,Μ73Μ,S62.5
8.0,Μ73Μ,S62.6
8.0,Μ73Μ,S62.7
8.0,Μ73Μ,S62.8
8.0,Μ73Μ,S63
8.0,Μ73Μ,S63.0
8.0,Μ73Μ,S63.1
8.0,Μ73Μ,S63.2
8.0,Μ73Μ,S63.3
8.0,Μ73Μ,S63.4
8.0,Μ73Μ,S63.5
8.0,Μ73Μ,S63.6
8.0,Μ73Μ,S63.7
8.0,Μ73Μ,S64
8.0,Μ73Μ,S64.0
8.0,Μ73Μ,S64.1
8.0,Μ73Μ,S64.2
8.0,Μ73Μ,S64.3
8.0,Μ73Μ,S64.4
8.0,Μ73Μ,S64.7
8.0,Μ73Μ,S64.8
8.0,Μ73Μ,S64.9
8.0,Μ73Μ,S65
8.0,Μ73Μ,S65.0
8.0,Μ73Μ,S65.1
8.0,Μ73Μ,S65.2
8.0,Μ73Μ,S65.3
8.0,Μ73Μ,S65.4
8.0,Μ73Μ,S65.5
8.0,Μ73Μ,S65.7
8.0,Μ73Μ,S65.8
8.0,Μ73Μ,S65.9
8.0,Μ73Μ,S66
8.0,Μ73Μ,S66.0
8.0,Μ73Μ,S66.1
8.0,Μ73Μ,S66.2
8.0,Μ73Μ,S66.3
8.0,Μ73Μ,S66.4
8.0,Μ73Μ,S66.5
8.0,Μ73Μ,S66.6
8.0,Μ73Μ,S66.7
8.0,Μ73Μ,S66.8
8.0,Μ73Μ,S66.9
8.0,Μ73Μ,S67
8.0,Μ73Μ,S67.0
8.0,Μ73Μ,S67.8
8.0,Μ73Μ,S68
8.0,Μ73Μ,S68.0
8.0,Μ73Μ,S68.1
8.0,Μ73Μ,S68.2
8.0,Μ73Μ,S68.3
8.0,Μ73Μ,S68.4
8.0,Μ73Μ,S68.8
8.0,Μ73Μ,S68.9
8.0,Μ73Μ,S69
8.0,Μ73Μ,S69.7
8.0,Μ73Μ,S69.8
8.0,Μ73Μ,S69.9
8.0,Μ73Μ,S70
8.0,Μ73Μ,S70.0
8.0,Μ73Μ,S70.1
8.0,Μ73Μ,S70.7
8.0,Μ73Μ,S70.8
8.0,Μ73Μ,S70.9
8.0,Μ73Μ,S71
8.0,Μ73Μ,S71.0
8.0,Μ73Μ,S71.1
8.0,Μ73Μ,S71.7
8.0,Μ73Μ,S71.8
8.0,Μ73Μ,S72
8.0,Μ73Μ,S72.0
8.0,Μ73Μ,S72.1
8.0,Μ73Μ,S72.2
8.0,Μ73Μ,S72.3
8.0,Μ73Μ,S72.4
8.0,Μ73Μ,S72.7
8.0,Μ73Μ,S72.8
8.0,Μ73Μ,S72.9
8.0,Μ73Μ,S73
8.0,Μ73Μ,S73.0
8.0,Μ73Μ,S73.1
8.0,Μ73Μ,S74
8.0,Μ73Μ,S74.0
8.0,Μ73Μ,S74.1
8.0,Μ73Μ,S74.2
8.0,Μ73Μ,S74.7
8.0,Μ73Μ,S74.8
8.0,Μ73Μ,S74.9
8.0,Μ73Μ,S75
8.0,Μ73Μ,S75.0
8.0,Μ73Μ,S75.1
8.0,Μ73Μ,S75.2
8.0,Μ73Μ,S75.7
8.0,Μ73Μ,S75.8
8.0,Μ73Μ,S75.9
8.0,Μ73Μ,S76
8.0,Μ73Μ,S76.0
8.0,Μ73Μ,S76.1
8.0,Μ73Μ,S76.2
8.0,Μ73Μ,S76.3
8.0,Μ73Μ,S76.4
8.0,Μ73Μ,S76.7
8.0,Μ73Μ,S77
8.0,Μ73Μ,S77.0
8.0,Μ73Μ,S77.1
8.0,Μ73Μ,S77.2
8.0,Μ73Μ,S78
8.0,Μ73Μ,S78.0
8.0,Μ73Μ,S78.1
8.0,Μ73Μ,S78.9
8.0,Μ73Μ,S79
8.0,Μ73Μ,S79.7
8.0,Μ73Μ,S79.8
8.0,Μ73Μ,S79.9
8.0,Μ73Μ,S80
8.0,Μ73Μ,S80.0
8.0,Μ73Μ,S80.1
8.0,Μ73Μ,S80.7
8.0,Μ73Μ,S80.9
8.0,Μ73Μ,S81
8.0,Μ73Μ,S81.0
8.0,Μ73Μ,S81.7
8.0,Μ73Μ,S81.8
8.0,Μ73Μ,S81.9
8.0,Μ73Μ,S82
8.0,Μ73Μ,S82.0
8.0,Μ73Μ,S82.2
8.0,Μ73Μ,S82.3
8.0,Μ73Μ,S82.4
8.0,Μ73Μ,S82.5
8.0,Μ73Μ,S82.6
8.0,Μ73Μ,S82.7
8.0,Μ73Μ,S82.8
8.0,Μ73Μ,S82.9
8.0,Μ73Μ,S83
8.0,Μ73Μ,S83.0
8.0,Μ73Μ,S83.1
8.0,Μ73Μ,S83.2
8.0,Μ73Μ,S83.3
8.0,Μ73Μ,S83.4
8.0,Μ73Μ,S83.5
8.0,Μ73Μ,S83.6
8.0,Μ73Μ,S83.7
8.0,Μ73Μ,S84
8.0,Μ73Μ,S84.0
8.0,Μ73Μ,S84.1
8.0,Μ73Μ,S84.2
8.0,Μ73Μ,S84.7
8.0,Μ73Μ,S84.8
8.0,Μ73Μ,S84.9
8.0,Μ73Μ,S85
8.0,Μ73Μ,S85.0
8.0,Μ73Μ,S85.1
8.0,Μ73Μ,S85.2
8.0,Μ73Μ,S85.3
8.0,Μ73Μ,S85.4
8.0,Μ73Μ,S85.5
8.0,Μ73Μ,S85.7
8.0,Μ73Μ,S85.8
8.0,Μ73Μ,S85.9
8.0,Μ73Μ,S86
8.0,Μ73Μ,S86.0
8.0,Μ73Μ,S86.1
8.0,Μ73Μ,S86.2
8.0,Μ73Μ,S86.3
8.0,Μ73Μ,S86.7
8.0,Μ73Μ,S86.8
8.0,Μ73Μ,S86.9
8.0,Μ73Μ,S87
8.0,Μ73Μ,S87.0
8.0,Μ73Μ,S87.8
8.0,Μ73Μ,S88
8.0,Μ73Μ,S88.0
8.0,Μ73Μ,S88.1
8.0,Μ73Μ,S88.9
8.0,Μ73Μ,S89
8.0,Μ73Μ,S89.7
8.0,Μ73Μ,S89.8
8.0,Μ73Μ,S89.9
8.0,Μ73Μ,S90
8.0,Μ73Μ,S90.0
8.0,Μ73Μ,S90.1
8.0,Μ73Μ,S90.2
8.0,Μ73Μ,S90.3
8.0,Μ73Μ,S90.7
8.0,Μ73Μ,S90.8
8.0,Μ73Μ,S90.9
8.0,Μ73Μ,S91
8.0,Μ73Μ,S91.0
8.0,Μ73Μ,S91.1
8.0,Μ73Μ,S91.2
8.0,Μ73Μ,S91.3
8.0,Μ73Μ,S91.7
8.0,Μ73Μ,S92
8.0,Μ73Μ,S92.0
8.0,Μ73Μ,S92.1
8.0,Μ73Μ,S92.2
8.0,Μ73Μ,S92.3
8.0,Μ73Μ,S92.4
8.0,Μ73Μ,S92.5
8.0,Μ73Μ,S92.7
8.0,Μ73Μ,S92.9
8.0,Μ73Μ,S93
8.0,Μ73Μ,S93.0
8.0,Μ73Μ,S93.1
8.0,Μ73Μ,S93.2
8.0,Μ73Μ,S93.3
8.0,Μ73Μ,S93.4
8.0,Μ73Μ,S93.5
8.0,Μ73Μ,S93.6
8.0,Μ73Μ,S94
8.0,Μ73Μ,S94.0
8.0,Μ73Μ,S94.1
8.0,Μ73Μ,S94.2
8.0,Μ73Μ,S94.3
8.0,Μ73Μ,S94.7
8.0,Μ73Μ,S94.8
8.0,Μ73Μ,S94.9
8.0,Μ73Μ,S95
8.0,Μ73Μ,S95.0
8.0,Μ73Μ,S95.1
8.0,Μ73Μ,S95.2
8.0,Μ73Μ,S95.7
8.0,Μ73Μ,S95.8
8.0,Μ73Μ,S95.9
8.0,Μ73Μ,S96
8.0,Μ73Μ,S96.0
8.0,Μ73Μ,S96.1
8.0,Μ73Μ,S96.2
8.0,Μ73Μ,S96.7
8.0,Μ73Μ,S96.8
8.0,Μ73Μ,S96.9
8.0,Μ73Μ,S97
8.0,Μ73Μ,S97.0
8.0,Μ73Μ,S97.1
8.0,Μ73Μ,S97.8
8.0,Μ73Μ,S98
8.0,Μ73Μ,S98.0
8.0,Μ73Μ,S98.1
8.0,Μ73Μ,S98.2
8.0,Μ73Μ,S98.3
8.0,Μ73Μ,S98.4
8.0,Μ73Μ,S99
8.0,Μ73Μ,S99.7
8.0,Μ73Μ,S99.8
8.0,Μ73Μ,S99.9
9.0,Δ01Χ,T85.4
9.0,Δ01Χ,Q83
9.0,Δ01Χ,Q83.0
9.0,Δ01Χ,Q83.1
9.0,Δ01Χ,Q83.2
9.0,Δ01Χ,Q83.3
9.0,Δ01Χ,Q83.9
9.0,Δ01Χ,Q83.8
9.0,Δ01Χ,C50
9.0,Δ01Χ,C50.0
9.0,Δ01Χ,C50.1
9.0,Δ01Χ,C50.2
9.0,Δ01Χ,C50.3
9.0,Δ01Χ,C50.4
9.0,Δ01Χ,C50.5
9.0,Δ01Χ,C50.6
9.0,Δ01Χ,C50.8
9.0,Δ01Χ,C50.9
9.0,Δ01Χ,Z44.3
9.0,Δ01Χ,Z41.1
9.0,Δ01Μ,C50
9.0,Δ01Μ,C50.0
9.0,Δ01Μ,C50.1
9.0,Δ01Μ,C50.2
9.0,Δ01Μ,C50.3
9.0,Δ01Μ,C50.4
9.0,Δ01Μ,C50.5
9.0,Δ01Μ,C50.6
9.0,Δ01Μ,C50.8
9.0,Δ01Μ,C50.9
9.0,Δ01Μ,Q83
9.0,Δ01Μ,Q83.0
9.0,Δ01Μ,Q83.1
9.0,Δ01Μ,Q83.2
9.0,Δ01Μ,Q83.3
9.0,Δ01Μ,Q83.8
9.0,Δ01Μ,Q83.9
9.0,Δ01Μ,T85.4
9.0,Δ01Μ,Z41.1
9.0,Δ01Μ,Z44.3
9.0,Δ06Α,Z90
9.0,Δ06Α,Z90.1
9.0,Δ06Α,Z90.0
9.0,Δ06Α,Z44.3
9.0,Δ06Α,Z44
9.0,Δ06Α,Z41.1
9.0,Δ06Α,T85.4
9.0,Δ06Α,T85
9.0,Δ06Α,Q83
9.0,Δ06Α,Q83.0
9.0,Δ06Α,Q83.1
9.0,Δ06Α,Q83.2
9.0,Δ06Α,Q83.3
9.0,Δ06Α,Q83.8
9.0,Δ06Α,Q83.9
9.0,Δ06Α,C50
9.0,Δ06Α,C50.0
9.0,Δ06Α,C50.1
9.0,Δ06Α,C50.2
9.0,Δ06Α,C50.3
9.0,Δ06Α,C50.4
9.0,Δ06Α,C50.5
9.0,Δ06Α,C50.6
9.0,Δ06Α,C50.8
9.0,Δ06Α,C50.9
9.0,Δ07Α,S20.0
9.0,Δ07Α,S21.0
9.0,Δ07Α,S21.9
9.0,Δ07Α,S20
9.0,Δ07Α,D24
9.0,Δ07Α,D03.5
9.0,Δ07Α,D03
9.0,Δ07Α,D05
9.0,Δ07Α,D05.7
9.0,Δ07Α,D05.9
9.0,Δ07Α,D04
9.0,Δ07Α,C50
9.0,Δ07Α,C50.0
9.0,Δ07Α,C50.1
9.0,Δ07Α,C50.2
9.0,Δ07Α,C50.3
9.0,Δ07Α,C50.4
9.0,Δ07Α,C50.5
9.0,Δ07Α,C50.6
9.0,Δ07Α,C50.8
9.0,Δ07Α,C50.9
9.0,Δ08Χ,T14
9.0,Δ08Χ,T14.1
9.0,Δ08Χ,T14.3
9.0,Δ08Χ,T14.8
9.0,Δ08Χ,T14.9
9.0,Δ08Μ,T14
9.0,Δ08Μ,T14.8
9.0,Δ08Μ,T14.9
9.0,Δ08Μ,T14.7
9.0,Δ09Α,L05
9.0,Δ09Α,L05.0
9.0,Δ09Α,L05.9
9.0,Δ10Α,N61
9.0,Δ10Α,D22
9.0,Δ10Α,D22.0
9.0,Δ10Α,D22.1
9.0,Δ10Α,D22.2
9.0,Δ10Α,D22.3
9.0,Δ10Α,D22.4
9.0,Δ10Α,D22.5
9.0,Δ10Α,D22.6
9.0,Δ10Α,D22.7
9.0,Δ10Α,D22.9
9.0,Δ10Α,D23
9.0,Δ10Α,D23.0
9.0,Δ10Α,D23.1
9.0,Δ10Α,D23.2
9.0,Δ10Α,D23.3
9.0,Δ10Α,D23.4
9.0,Δ10Α,D23.5
9.0,Δ10Α,D23.6
9.0,Δ10Α,D23.7
9.0,Δ10Α,D23.9
9.0,Δ10Α,D05
9.0,Δ10Α,D05.0
9.0,Δ10Α,D05.1
9.0,Δ10Α,D05.7
9.0,Δ10Α,D05.9
9.0,Δ10Α,D04
9.0,Δ10Α,D17
9.0,Δ10Α,D17.0
9.0,Δ10Α,D17.1
9.0,Δ10Α,D17.2
9.0,Δ10Α,D17.3
9.0,Δ10Α,D17.4
9.0,Δ10Α,D17.5
9.0,Δ10Α,D17.6
9.0,Δ10Α,D17.7
9.0,Δ10Α,D17.9
9.0,Δ10Α,D18
9.0,Δ10Α,D18.0
9.0,Δ10Α,D18.1
9.0,Δ10Α,D20
9.0,Δ10Α,E65
9.0,Δ10Α,L90
9.0,Δ10Α,L90.0
9.0,Δ10Α,L90.1
9.0,Δ10Α,L90.2
9.0,Δ10Α,L90.3
9.0,Δ10Α,L90.4
9.0,Δ10Α,L90.5
9.0,Δ10Α,L90.6
9.0,Δ10Α,L90.8
9.0,Δ10Α,L90.9
9.0,Δ10Α,E88
9.0,Δ10Α,E88.1
9.0,Δ10Α,E88.2
9.0,Δ10Α,E88.8
9.0,Δ10Α,E88.9
9.0,Δ10Α,E88.O
9.0,Δ11Α,D18
9.0,Δ11Α,D18.0
9.0,Δ11Α,D18.1
9.0,Δ11Α,D22.5
9.0,Δ11Α,D22
9.0,Δ11Α,D22.0
9.0,Δ11Α,D22.1
9.0,Δ11Α,D22.2
9.0,Δ11Α,D22.3
9.0,Δ11Α,D22.4
9.0,Δ11Α,D22.6
9.0,Δ11Α,D22.7
9.0,Δ11Α,D22.9
9.0,Δ11Α,L90.5
9.0,Δ11Α,E88
9.0,Δ11Α,E88.1
9.0,Δ11Α,E88.2
9.0,Δ11Α,E88.8
9.0,Δ11Α,E88.9
9.0,Δ11Α,E88.O
9.0,Δ12Χα,L89
9.0,Δ12Χα,L97
9.0,Δ12Χα,I83
9.0,Δ12Χα,I83.0
9.0,Δ12Χα,I83.1
9.0,Δ12Χα,I83.2
9.0,Δ12Χα,I83.9
9.0,Δ12Μ,L89
9.0,Δ12Μ,L97
9.0,Δ12Μ,I83
9.0,Δ12Μ,I83.0
9.0,Δ12Μ,I83.1
9.0,Δ12Μ,I83.2
9.0,Δ12Μ,I83.9
9.0,Δ12Χβ,L89
9.0,Δ12Χβ,L97
9.0,Δ12Χβ,I83
9.0,Δ12Χβ,I83.0
9.0,Δ12Χβ,I83.1
9.0,Δ12Χβ,I83.2
9.0,Δ12Χβ,I83.9
9.0,Δ13Μ,D20
9.0,Δ13Μ,D20.0
9.0,Δ13Μ,D20.1
9.0,Δ13Χ,D20
9.0,Δ13Χ,D20.0
9.0,Δ13Χ,D20.1
9.0,Δ13Χ,E65
9.0,Δ13Χ,E88
9.0,Δ13Χ,E88.1
9.0,Δ13Χ,E88.2
9.0,Δ13Χ,E88.8
9.0,Δ13Χ,E88.9
9.0,Δ13Χ,E88.O
9.0,Δ13Χ,D17
9.0,Δ13Χ,D17.0
9.0,Δ13Χ,D17.1
9.0,Δ13Χ,D17.2
9.0,Δ13Χ,D17.3
9.0,Δ13Χ,D17.4
9.0,Δ13Χ,D17.5
9.0,Δ13Χ,D17.6
9.0,Δ13Χ,D17.7
9.0,Δ13Χ,D17.9
9.0,Δ14Α,Z90
9.0,Δ14Α,Z90.1
9.0,Δ14Α,Z90.8
9.0,Δ14Α,Z44.3
9.0,Δ14Α,Z44
9.0,Δ14Α,Z44.9
9.0,Δ14Α,Z41.1
9.0,Δ14Α,Z41
9.0,Δ14Α,T85.4
9.0,Δ14Α,T85
9.0,Δ14Α,C50
9.0,Δ14Α,C50.0
9.0,Δ14Α,C50.1
9.0,Δ14Α,C50.2
9.0,Δ14Α,C50.3
9.0,Δ14Α,C50.4
9.0,Δ14Α,C50.5
9.0,Δ14Α,C50.6
9.0,Δ14Α,C50.8
9.0,Δ14Α,C50.9
9.0,Δ14Α,D05
9.0,Δ14Α,D05.0
9.0,Δ14Α,D05.1
9.0,Δ14Α,D05.7
9.0,Δ14Α,D05.9
9.0,Δ14Α,Q83
9.0,Δ14Α,Q83.0
9.0,Δ14Α,Q83.1
9.0,Δ14Α,Q83.2
9.0,Δ14Α,Q83.3
9.0,Δ14Α,Q83.8
9.0,Δ14Α,Q83.9
9.0,Δ20Α,L89
9.0,Δ20Α,L97
9.0,Δ20Μ,L89
9.0,Δ20Μ,L97
9.0,Δ20Χ,L89
9.0,Δ20Χ,L97
9.0,Δ22Μ,D05
9.0,Δ22Μ,D05.0
9.0,Δ22Μ,D05.1
9.0,Δ22Μ,D05.7
9.0,Δ22Μ,D05.9
9.0,Δ22Χ,D05
9.0,Δ22Χ,D05.0
9.0,Δ22Χ,D05.1
9.0,Δ22Χ,D05.7
9.0,Δ22Χ,D05.9
9.0,Δ23Μ,Q83
9.0,Δ23Μ,Q83.0
9.0,Δ23Μ,Q83.1
9.0,Δ23Μ,Q83.2
9.0,Δ23Μ,Q83.3
9.0,Δ23Μ,Q83.8
9.0,Δ23Μ,Q83.9
9.0,Δ23Μ,N64
9.0,Δ23Μ,N64.0
9.0,Δ23Μ,N64.1
9.0,Δ23Μ,N64.2
9.0,Δ23Μ,N64.3
9.0,Δ23Μ,N64.4
9.0,Δ23Μ,N64.5
9.0,Δ23Μ,N64.8
9.0,Δ23Μ,N64.9
9.0,Δ23Μ,N60.8
9.0,Δ23Μ,N60.9
9.0,Δ23Μ,N60
9.0,Δ23Μ,N60.0
9.0,Δ23Μ,N60.1
9.0,Δ23Μ,N60.2
9.0,Δ23Μ,N60.3
9.0,Δ23Μ,N60.4
9.0,Δ23Μ,N61
9.0,Δ23Μ,T85.4
9.0,Δ23Μ,T85
9.0,Δ23Χ,Q83
9.0,Δ23Χ,Q83.0
9.0,Δ23Χ,Q83.1
9.0,Δ23Χ,Q83.2
9.0,Δ23Χ,Q83.3
9.0,Δ23Χ,Q83.8
9.0,Δ23Χ,Q83.9
9.0,Δ23Χ,D24
9.0,Δ23Χ,S20.0
9.0,Δ23Χ,N60
9.0,Δ23Χ,N60.0
9.0,Δ23Χ,N60.1
9.0,Δ23Χ,N60.2
9.0,Δ23Χ,N60.3
9.0,Δ23Χ,N60.4
9.0,Δ23Χ,N60.8
9.0,Δ23Χ,N60.9
9.0,Δ23Χ,N61
9.0,Δ24Μ,L03
9.0,Δ24Μ,L03.0
9.0,Δ24Μ,L03.1
9.0,Δ24Μ,L03.2
9.0,Δ24Μ,L03.3
9.0,Δ24Μ,L03.8
9.0,Δ24Μ,L03.9
9.0,Δ24Χ,L03
9.0,Δ24Χ,L03.0
9.0,Δ24Χ,L03.1
9.0,Δ24Χ,L03.2
9.0,Δ24Χ,L03.3
9.0,Δ24Χ,L03.8
9.0,Δ24Χ,L03.9
9.0,Δ25Μ,T14
9.0,Δ25Μ,T14.1
9.0,Δ25Μ,T14.3
9.0,Δ25Μ,T14.4
9.0,Δ25Μ,T14.5
9.0,Δ25Μ,T14.7
9.0,Δ25Μ,T14.8
9.0,Δ25Μ,T14.9
9.0,Δ25Μ,S00
9.0,Δ25Μ,S00.0
9.0,Δ25Μ,S00.1
9.0,Δ25Μ,S00.2
9.0,Δ25Μ,S00.3
9.0,Δ25Μ,S00.4
9.0,Δ25Μ,S00.5
9.0,Δ25Μ,S00.7
9.0,Δ25Μ,S00.8
9.0,Δ25Μ,S00.9
9.0,Δ25Μ,S08
9.0,Δ25Μ,S08.1
9.0,Δ25Μ,S08.8
9.0,Δ25Μ,S08.9
9.0,Δ25Μ,S08.0
9.0,Δ25Μ,S11
9.0,Δ25Μ,S11.7
9.0,Δ25Μ,S11.8
9.0,Δ25Μ,S11.9
9.0,Δ25Μ,S11.0
9.0,Δ25Μ,S11.1
9.0,Δ25Μ,S11.2
9.0,Δ25Μ,S16
9.0,Δ25Μ,S20
9.0,Δ25Μ,S20.0
9.0,Δ25Μ,S20.1
9.0,Δ25Μ,S20.3
9.0,Δ25Μ,S20.4
9.0,Δ25Μ,S20.7
9.0,Δ25Μ,S20.8
9.0,Δ25Μ,S20.2
9.0,Δ25Μ,S21.0
9.0,Δ25Μ,S29.0
9.0,Δ25Μ,S38
9.0,Δ25Μ,S38.3
9.0,Δ25Μ,S38.2
9.0,Δ25Μ,S41
9.0,Δ25Μ,S50.7
9.0,Δ25Μ,S50.8
9.0,Δ25Μ,S50
9.0,Δ25Μ,S51
9.0,Δ25Μ,S51.7
9.0,Δ25Μ,S51.8
9.0,Δ25Μ,S51.9
9.0,Δ25Μ,S51.0
9.0,Δ25Μ,S60
9.0,Δ25Μ,S61
9.0,Δ25Μ,S61.9
9.0,Δ25Μ,S68
9.0,Δ25Μ,S68.8
9.0,Δ25Μ,S68.9
9.0,Δ25Μ,S69
9.0,Δ25Μ,S69.9
9.0,Δ25Μ,S70
9.0,Δ25Μ,S70.8
9.0,Δ25Μ,S70.9
9.0,Δ25Μ,S80
9.0,Δ25Μ,S80.8
9.0,Δ25Μ,S80.9
9.0,Δ25Μ,S90.7
9.0,Δ25Μ,S90.8
9.0,Δ25Μ,S90
9.0,Δ25Μ,S91.2
9.0,Δ25Χ,S00
9.0,Δ25Χ,S00.0
9.0,Δ25Χ,S00.1
9.0,Δ25Χ,S00.2
9.0,Δ25Χ,S00.3
9.0,Δ25Χ,S00.4
9.0,Δ25Χ,S00.5
9.0,Δ25Χ,S00.7
9.0,Δ25Χ,S00.8
9.0,Δ25Χ,S00.9
9.0,Δ25Χ,S08
9.0,Δ25Χ,S08.0
9.0,Δ25Χ,S08.1
9.0,Δ25Χ,S08.8
9.0,Δ25Χ,S08.9
9.0,Δ25Χ,S11
9.0,Δ25Χ,S11.0
9.0,Δ25Χ,S11.1
9.0,Δ25Χ,S11.2
9.0,Δ25Χ,S11.7
9.0,Δ25Χ,S11.8
9.0,Δ25Χ,S11.9
9.0,Δ25Χ,S16
9.0,Δ25Χ,S20
9.0,Δ25Χ,S20.0
9.0,Δ25Χ,S20.1
9.0,Δ25Χ,S20.2
9.0,Δ25Χ,S20.3
9.0,Δ25Χ,S20.4
9.0,Δ25Χ,S20.7
9.0,Δ25Χ,S20.8
9.0,Δ25Χ,S21.0
9.0,Δ25Χ,S29.0
9.0,Δ25Χ,S38
9.0,Δ25Χ,S38.2
9.0,Δ25Χ,S38.3
9.0,Δ25Χ,S41
9.0,Δ25Χ,S50
9.0,Δ25Χ,S50.7
9.0,Δ25Χ,S50.8
9.0,Δ25Χ,S51
9.0,Δ25Χ,S51.0
9.0,Δ25Χ,S51.7
9.0,Δ25Χ,S51.8
9.0,Δ25Χ,S51.9
9.0,Δ25Χ,S60
9.0,Δ25Χ,S61
9.0,Δ25Χ,S61.9
9.0,Δ25Χ,S68
9.0,Δ25Χ,S68.8
9.0,Δ25Χ,S68.9
9.0,Δ25Χ,S69
9.0,Δ25Χ,S69.9
9.0,Δ25Χ,S70
9.0,Δ25Χ,S70.8
9.0,Δ25Χ,S70.9
9.0,Δ25Χ,S80
9.0,Δ25Χ,S80.8
9.0,Δ25Χ,S80.9
9.0,Δ25Χ,S90
9.0,Δ25Χ,S90.7
9.0,Δ25Χ,S90.8
9.0,Δ25Χ,S91.2
9.0,Δ25Χ,T14
9.0,Δ25Χ,T14.1
9.0,Δ25Χ,T14.3
9.0,Δ25Χ,T14.4
9.0,Δ25Χ,T14.5
9.0,Δ25Χ,T14.7
9.0,Δ25Χ,T14.8
9.0,Δ25Χ,T14.9
9.0,Δ25Χ,S01
9.0,Δ25Χ,S10.1
9.0,Δ25Χ,S10.7
9.0,Δ25Χ,S10.9
9.0,Δ25Χ,S30.7
9.0,Δ25Χ,S30.8
9.0,Δ25Χ,S30.9
9.0,Δ25Χ,S30
9.0,Δ25Χ,S40.7
9.0,Δ25Χ,S40.8
9.0,Δ27Μ,D23
9.0,Δ27Μ,D23.0
9.0,Δ27Μ,D23.1
9.0,Δ27Μ,D23.2
9.0,Δ27Μ,D23.3
9.0,Δ27Μ,D23.4
9.0,Δ27Μ,D23.5
9.0,Δ27Μ,D23.6
9.0,Δ27Μ,D23.7
9.0,Δ27Μ,D23.9
9.0,Δ27Μ,L56
9.0,Δ27Μ,L56.0
9.0,Δ27Μ,L56.1
9.0,Δ27Μ,L56.2
9.0,Δ27Μ,L56.3
9.0,Δ27Μ,L56.4
9.0,Δ27Μ,L56.8
9.0,Δ27Μ,L56.9
9.0,Δ27Μ,L92
9.0,Δ27Μ,L92.3
9.0,Δ27Μ,L92.8
9.0,Δ27Μ,L92.9
9.0,Δ27Μ,L91
9.0,Δ27Μ,L91.8
9.0,Δ27Μ,L91.9
9.0,Δ27Μ,L90.5
9.0,Δ27Μ,L90
9.0,Δ27Μ,L81
9.0,Δ27Μ,L81.9
9.0,Δ27Μ,L74
9.0,Δ27Μ,L74.9
9.0,Δ27Μ,L71
9.0,Δ27Μ,L71.1
9.0,Δ27Μ,L05
9.0,Δ27Μ,L05.9
9.0,Δ27Μ,L01
9.0,Δ27Μ,T14.9
9.0,Δ27Μ,T14
9.0,Δ27Χ,D22
9.0,Δ27Χ,D23
9.0,Δ27Χ,D23.9
9.0,Δ27Χ,L82
9.0,Δ27Χ,L84
9.0,Δ27Χ,L85
9.0,Δ27Χ,L85.9
9.0,Δ27Χ,L56
9.0,Δ27Χ,L56.9
9.0,Δ27Χ,T14
9.0,Δ27Χ,T14.9
9.0,Δ27Χ,T14.8
9.0,Δ27Χ,L92
9.0,Δ27Χ,L92.9
9.0,Δ27Χ,L91
9.0,Δ27Χ,L91.9
9.0,Δ27Χ,L90
9.0,Δ27Χ,L90.5
9.0,Δ27Χ,L90.9
9.0,Δ27Χ,L81
9.0,Δ27Χ,L81.9
9.0,Δ27Χ,L74.9
9.0,Δ27Χ,L74
9.0,Δ27Χ,L72
9.0,Δ27Χ,L72.9
9.0,Δ27Χ,L71.1
9.0,Δ27Χ,L60
9.0,Δ27Χ,L57
9.0,Δ27Χ,L57.0
9.0,Δ27Χ,L05
9.0,Δ27Χ,L05.0
9.0,Δ27Χ,L05.9
9.0,Δ27Χ,L03
9.0,Δ27Χ,L03.0
9.0,Δ27Χ,L03.1
9.0,Δ27Χ,L03.2
9.0,Δ27Χ,L03.3
9.0,Δ27Χ,L03.8
9.0,Δ27Χ,L03.9
9.0,Δ28Α,D22
9.0,Δ28Α,D22.7
9.0,Δ28Α,D22.9
9.0,Δ28Α,L10
9.0,Δ28Α,L10.8
9.0,Δ28Α,L10.9
9.0,Δ28Α,Q82
9.0,Δ28Α,Q82.0
9.0,Δ28Α,Q82.1
9.0,Δ28Α,Q82.2
9.0,Δ28Α,Q82.3
9.0,Δ28Α,Q82.4
9.0,Δ28Α,Q82.5
9.0,Δ28Α,Q82.9
9.0,Δ28Μ,D22
9.0,Δ28Μ,D22.0
9.0,Δ28Μ,D22.1
9.0,Δ28Μ,D22.2
9.0,Δ28Μ,D22.3
9.0,Δ28Μ,D22.4
9.0,Δ28Μ,D22.5
9.0,Δ28Μ,D22.6
9.0,Δ28Μ,D22.7
9.0,Δ28Μ,D22.9
9.0,Δ28Μ,D23
9.0,Δ28Μ,D23.7
9.0,Δ28Μ,D23.9
9.0,Δ28Μ,D17
9.0,Δ28Χ,D17
9.0,Δ28Χ,D17.0
9.0,Δ28Χ,D17.1
9.0,Δ28Χ,D17.2
9.0,Δ28Χ,D17.3
9.0,Δ28Χ,D17.4
9.0,Δ28Χ,D17.5
9.0,Δ28Χ,D17.6
9.0,Δ28Χ,D17.7
9.0,Δ28Χ,D17.9
9.0,Δ28Χ,D22
9.0,Δ28Χ,D22.0
9.0,Δ28Χ,D22.1
9.0,Δ28Χ,D22.2
9.0,Δ28Χ,D22.3
9.0,Δ28Χ,D22.4
9.0,Δ28Χ,D22.5
9.0,Δ28Χ,D22.6
9.0,Δ28Χ,D22.7
9.0,Δ28Χ,D22.9
9.0,Δ28Χ,D23
9.0,Δ28Χ,D23.7
9.0,Δ28Χ,D23.9
9.0,Δ29Α,C43
9.0,Δ29Α,C43.0
9.0,Δ29Α,C43.1
9.0,Δ29Α,C43.2
9.0,Δ29Α,C43.3
9.0,Δ29Α,C43.4
9.0,Δ29Α,C43.5
9.0,Δ29Α,C43.6
9.0,Δ29Α,C43.7
9.0,Δ29Α,C43.8
9.0,Δ29Α,C43.9
9.0,Δ29Α,C44
9.0,Δ29Α,C44.0
9.0,Δ29Α,C44.1
9.0,Δ29Α,C44.2
9.0,Δ29Α,C44.3
9.0,Δ29Α,C44.4
9.0,Δ29Α,C44.5
9.0,Δ29Α,C44.6
9.0,Δ29Α,C44.7
9.0,Δ29Α,C44.8
9.0,Δ29Α,C44.9
9.0,Δ29Α,C79
9.0,Δ29Α,C79.0
9.0,Δ29Α,C79.1
9.0,Δ29Α,C79.2
9.0,Δ29Α,C79.3
9.0,Δ29Α,C79.4
9.0,Δ29Α,C79.5
9.0,Δ29Α,C79.6
9.0,Δ29Α,C79.7
9.0,Δ29Α,C79.8
9.0,Δ29Α,D03
9.0,Δ29Α,D03.0
9.0,Δ29Α,D03.1
9.0,Δ29Α,D03.2
9.0,Δ29Α,D03.3
9.0,Δ29Α,D03.4
9.0,Δ29Α,D03.5
9.0,Δ29Α,D03.6
9.0,Δ29Α,D03.7
9.0,Δ29Α,D03.8
9.0,Δ29Α,D04
9.0,Δ29Χ,C43
9.0,Δ29Χ,C43.0
9.0,Δ29Χ,C43.1
9.0,Δ29Χ,C43.2
9.0,Δ29Χ,C43.3
9.0,Δ29Χ,C43.4
9.0,Δ29Χ,C43.5
9.0,Δ29Χ,C43.6
9.0,Δ29Χ,C43.7
9.0,Δ29Χ,C43.8
9.0,Δ29Χ,C43.9
9.0,Δ29Χ,C44
9.0,Δ29Χ,C44.0
9.0,Δ29Χ,C44.1
9.0,Δ29Χ,C44.2
9.0,Δ29Χ,C44.3
9.0,Δ29Χ,C44.4
9.0,Δ29Χ,C44.5
9.0,Δ29Χ,C44.6
9.0,Δ29Χ,C44.7
9.0,Δ29Χ,C44.8
9.0,Δ29Χ,C44.9
9.0,Δ29Χ,C79
9.0,Δ29Χ,C79.0
9.0,Δ29Χ,C79.1
9.0,Δ29Χ,C79.2
9.0,Δ29Χ,C79.3
9.0,Δ29Χ,C79.4
9.0,Δ29Χ,C79.5
9.0,Δ29Χ,C79.6
9.0,Δ29Χ,C79.7
9.0,Δ29Χ,C79.8
9.0,Δ29Χ,D03
9.0,Δ29Χ,D03.0
9.0,Δ29Χ,D03.1
9.0,Δ29Χ,D03.2
9.0,Δ29Χ,D03.3
9.0,Δ29Χ,D03.4
9.0,Δ29Χ,D03.5
9.0,Δ29Χ,D03.6
9.0,Δ29Χ,D03.7
9.0,Δ29Χ,D03.8
9.0,Δ29Χ,D04
9.0,Δ29Μ,C43
9.0,Δ29Μ,C43.0
9.0,Δ29Μ,C43.1
9.0,Δ29Μ,C43.2
9.0,Δ29Μ,C43.3
9.0,Δ29Μ,C43.4
9.0,Δ29Μ,C43.5
9.0,Δ29Μ,C43.6
9.0,Δ29Μ,C43.7
9.0,Δ29Μ,C43.8
9.0,Δ29Μ,C43.9
9.0,Δ29Μ,C44
9.0,Δ29Μ,C44.0
9.0,Δ29Μ,C44.1
9.0,Δ29Μ,C44.2
9.0,Δ29Μ,C44.3
9.0,Δ29Μ,C44.4
9.0,Δ29Μ,C44.5
9.0,Δ29Μ,C44.6
9.0,Δ29Μ,C44.7
9.0,Δ29Μ,C44.8
9.0,Δ29Μ,C44.9
9.0,Δ29Μ,C79
9.0,Δ29Μ,C79.0
9.0,Δ29Μ,C79.1
9.0,Δ29Μ,C79.2
9.0,Δ29Μ,C79.3
9.0,Δ29Μ,C79.4
9.0,Δ29Μ,C79.5
9.0,Δ29Μ,C79.6
9.0,Δ29Μ,C79.7
9.0,Δ29Μ,C79.8
9.0,Δ29Μ,D03
9.0,Δ29Μ,D03.0
9.0,Δ29Μ,D03.1
9.0,Δ29Μ,D03.2
9.0,Δ29Μ,D03.3
9.0,Δ29Μ,D03.4
9.0,Δ29Μ,D03.5
9.0,Δ29Μ,D03.6
9.0,Δ29Μ,D03.7
9.0,Δ29Μ,D03.8
9.0,Δ29Μ,D04
10.0,Θ01Μ,E11
10.0,Θ01Μ,E12
10.0,Θ01Μ,E13
10.0,Θ01Μ,E14
10.0,Θ01Χ,E11
10.0,Θ01Χ,E12
10.0,Θ01Χ,E13
10.0,Θ01Χ,E14
10.0,Θ02Μ,E22.0
10.0,Θ02Μ,E22.1
10.0,Θ02Μ,E22.9
10.0,Θ02Μ,E24.0
10.0,Θ02Μ,E24.1
10.0,Θ02Μ,E24.8
10.0,Θ02Μ,E23.2
10.0,Θ02Μ,E23.6
10.0,Θ02Μ,E23.7
10.0,Θ02Χ,E22.0
10.0,Θ02Χ,E22.1
10.0,Θ02Χ,E22.9
10.0,Θ02Χ,E24.0
10.0,Θ02Χ,E24.1
10.0,Θ02Χ,E24.9
10.0,Θ03Α,E26.0
10.0,Θ03Α,E27.0
10.0,Θ03Α,E27.5
10.0,Θ03Α,E27.9
10.0,Θ04Μ,E66.2
10.0,Θ04Μ,E66.8
10.0,Θ04Χ,E66.0
10.0,Θ04Χ,E66.8
10.0,Θ04Χ,E66.9
10.0,Θ04Μ,E66.9
10.0,Θ05Μ,E21.0
10.0,Θ05Μ,E21.2
10.0,Θ05Μ,E21.3
10.0,Θ05Μ,G73.5
10.0,Θ05Χ,E21.0
10.0,Θ05Χ,E21.2
10.0,Θ05Χ,E21.3
10.0,Θ05Μ,E20.9
10.0,Θ06Μ,E05.0
10.0,Θ06Μ,E05.1
10.0,Θ06Μ,E05.2
10.0,Θ06Μ,E05.5
10.0,Θ06Μ,E05.9
10.0,Θ06Μ,E89.2
10.0,Θ02Μ,E89.3
10.0,Θ06Χ,E04.0
10.0,Θ06Χ,E04.2
10.0,Θ06Χ,E04.8
10.0,Θ06Χ,E04.9
10.0,Θ07Α,E65
10.0,Θ07Α,E66.8
10.0,Θ07Α,E66.9
10.0,Θ20Α,E10
10.0,Θ20Α,E11
10.0,Θ20Α,E34.0
10.0,Θ20Α,E34.2
10.0,Θ20Α,E07.0
10.0,Θ20Α,E34.1
10.0,Θ20Μ,E10
10.0,Θ20Μ,G99.0
10.0,Θ20Μ,E11
10.0,Θ20Μ,E07.0
10.0,Θ20Μ,E34.0
10.0,Θ20Μ,E34.1
10.0,Θ20Μ,E34.2
10.0,Θ20Μ,G63.2
10.0,Θ20Χ,E07.0
10.0,Θ20Χ,E11
10.0,Θ21Α,E66.0
10.0,Θ21Α,E66.1
10.0,Θ21Α,E66.2
10.0,Θ21Α,E66.8
10.0,Θ21Α,E41
10.0,Θ21Α,E42
10.0,Θ21Α,E43
10.0,Θ21Α,E45
10.0,Θ21Α,E50.0
10.0,Θ21Α,E50.1
10.0,Θ21Α,E50.2
10.0,Θ21Α,E50.3
10.0,Θ21Α,E50.4
10.0,Θ21Α,E50.5
10.0,Θ21Α,E50.6
10.0,Θ21Α,E50.7
10.0,Θ21Α,E50.8
10.0,Θ21Α,E50.9
10.0,Θ21Α,E51.1
10.0,Θ21Α,E51.2
10.0,Θ21Α,E51.8
10.0,Θ21Α,E51.9
10.0,Θ21Α,E52
10.0,Θ21Α,E53.0
10.0,Θ21Α,E53.1
10.0,Θ21Α,E53.8
10.0,Θ21Α,E53.9
10.0,Θ21Α,E54
10.0,Θ21Α,E55.9
10.0,Θ21Α,E56.0
10.0,Θ21Α,E56.1
10.0,Θ21Α,E56.8
10.0,Θ21Α,E56.9
10.0,Θ21Α,E58
10.0,Θ21Α,E59
10.0,Θ21Α,E60
10.0,Θ21Α,E61.0
10.0,Θ21Α,E61.1
10.0,Θ21Α,E61.2
10.0,Θ21Α,E61.3
10.0,Θ21Α,E61.4
10.0,Θ21Α,E61.5
10.0,Θ21Α,E61.6
10.0,Θ21Α,E61.7
10.0,Θ21Α,E61.8
10.0,Θ21Α,E61.9
10.0,Θ21Α,E63.9
10.0,Θ21Α,F50.4
10.0,Θ21Α,F50.8
10.0,Θ01Μ,G63.2
10.0,Θ01Μ,G73.0
10.0,Θ01Μ,H28.0
10.0,Θ01Μ,I79.2
10.0,Θ01Μ,M14.6
10.0,Θ01Μ,N08.3
10.0,Θ01Χ,G59.0
10.0,Θ01Χ,H28.0
10.0,Θ23Μ,E74.0
10.0,Θ23Μ,G73.6
10.0,Θ23Μ,N16.3
10.0,Θ23Μ,E74.2
10.0,Θ23Μ,E74.4
10.0,Θ23Χ,E74.1
10.0,Θ23Χ,E74.8
10.0,Θ09Μ,E24.3
10.0,Θ09Μ,E24.8
10.0,Θ09Μ,E25.9
10.0,Θ09Χα,E24.9
10.0,Θ24Μ,E27.1
10.0,Θ24Μ,E27.2
10.0,Θ24Μ,E27.3
10.0,Θ24Μ,E27.4
10.0,Θ24Μ,E27.5
10.0,Θ24Μ,E20.9
10.0,Θ24Μ,G73.5
10.0,Θ24Μ,H28.1
10.0,Θ24Μ,E21.0
10.0,Θ24Μ,E21.1
10.0,Θ24Μ,M14.1
10.0,Θ24Μ,E29.8
10.0,Θ24Μ,E28.9
10.0,Θ24Μ,E31.1
10.0,Θ06Μ,E05.3
10.0,Θ06Μ,G73.5
10.0,Θ05Μ,E21.1
10.0,Θ05Μ,E21.5
10.0,Θ01Μ,M14.2
10.0,Θ02Μ,E89.4
10.0,Θ02Μ,E89.8
10.0,Θ02Μ,E89.5
10.0,Θ02Μ,E89.6
10.0,Θ04Μ,E68
10.0,Θ04Μ,E67.8
10.0,Θ06Μ,E05.8
10.0,Θ06Μ,E89.8
10.0,Θ07Α,E66.0
10.0,Θ09Μ,E34.1
10.0,Θ09Μ,E34.2
10.0,Θ09Μ,E34.8
10.0,Θ09Χβ,E34
10.0,Θ23Μ,E70.0
10.0,Θ23Μ,E70.1
10.0,Θ23Μ,E70.2
10.0,Θ23Μ,E70.3
10.0,Θ23Μ,E70.8
10.0,Θ23Μ,E70.9
10.0,Θ23Μ,G63.3
10.0,Θ23Μ,M36.8
10.0,Θ23Μ,E71
10.0,Θ23Μ,E71.0
10.0,Θ23Μ,E71.1
10.0,Θ23Μ,E71.2
10.0,Θ23Μ,E71.3
10.0,Θ23Μ,E72.0
10.0,Θ23Μ,E72.1
10.0,Θ23Μ,E72.2
10.0,Θ23Μ,E72.3
10.0,Θ23Μ,E72.4
10.0,Θ23Μ,E72.5
10.0,Θ23Μ,E72.8
10.0,Θ23Μ,E72.9
10.0,Θ23Μ,H42.0
10.0,Θ23Μ,E73.0
10.0,Θ23Μ,E73.1
10.0,Θ23Μ,E73.8
10.0,Θ23Μ,E73.9
10.0,Θ23Μ,E75.0
10.0,Θ23Μ,E75.1
10.0,Θ23Μ,E75.2
10.0,Θ23Μ,E75.3
10.0,Θ23Μ,E75.4
10.0,Θ23Μ,E75.5
10.0,Θ23Μ,E75.6
10.0,Θ23Μ,N08.4
10.0,Θ23Μ,E76.0
10.0,Θ23Μ,E76.1
10.0,Θ23Μ,E76.2
10.0,Θ23Μ,E76.3
10.0,Θ23Μ,E76.8
10.0,Θ23Μ,E76.9
10.0,Θ23Μ,E77.0
10.0,Θ23Μ,E77.1
10.0,Θ23Μ,E77.8
10.0,Θ23Μ,E77.9
10.0,Θ23Μ,E78.0
10.0,Θ23Μ,E78.1
10.0,Θ23Μ,E78.3
10.0,Θ23Μ,E78.4
10.0,Θ23Μ,E78.6
10.0,Θ23Μ,E78.8
10.0,Θ23Μ,E78.5
10.0,Θ23Μ,E79.1
10.0,Θ23Μ,E79.8
10.0,Θ23Μ,E79.9
10.0,Θ23Μ,M14.0
10.0,Θ23Μ,E80.0
10.0,Θ23Μ,E80.1
10.0,Θ23Μ,E80.2
10.0,Θ23Μ,E80.3
10.0,Θ23Μ,E80.4
10.0,Θ23Μ,E80.5
10.0,Θ23Μ,E80.6
10.0,Θ23Μ,E80.7
10.0,Θ23Μ,E83.0
10.0,Θ23Μ,E83.1
10.0,Θ23Μ,E83.3
10.0,Θ23Μ,E84.0
10.0,Θ23Μ,E84.1
10.0,Θ23Μ,E84.8
10.0,Θ23Μ,E84.9
10.0,Θ23Μ,E85.0
10.0,Θ23Μ,E85.1
10.0,Θ23Μ,E85.2
10.0,Θ23Μ,G99.0
10.0,Θ23Μ,I43.1
10.0,Θ23Μ,I68.0
10.0,Θ23Μ,L99.0
10.0,Θ23Μ,M14.4
10.0,Θ23Χ,E73.0
10.0,Θ23Χ,E73.1
10.0,Θ23Χ,E73.8
10.0,Θ23Χ,E73.9
10.0,Θ23Χ,E71.0
10.0,Θ23Χ,E70.0
10.0,Θ23Χ,E70.1
10.0,Θ23Χ,E70.2
10.0,Θ23Χ,E70.3
10.0,Θ23Χ,E78.0
10.0,Θ23Χ,E78.1
10.0,Θ23Χ,E78.3
10.0,Θ23Χ,E78.5
10.0,Θ23Χ,E79.0
10.0,Θ23Χ,E79.8
10.0,Θ23Χ,E79.9
10.0,Θ23Χ,E80.1
10.0,Θ23Χ,E80.4
10.0,Θ23Χ,E80.5
10.0,Θ23Χ,E80.6
10.0,Θ23Χ,E83.5
10.0,Θ23Χ,E83.8
10.0,Θ23Χ,E85.4
10.0,Θ24Μ,E05.0
10.0,Θ24Μ,E05.1
10.0,Θ24Μ,E05.2
10.0,Θ24Μ,E05.3
10.0,Θ24Μ,E05.4
10.0,Θ24Μ,E05.5
10.0,Θ24Μ,E05.8
10.0,Θ24Μ,E05.9
10.0,Θ24Μ,G73.0
10.0,Θ24Μ,H06.2
10.0,Θ24Μ,I43.8
10.0,Θ24Μ,M14.5
10.0,Θ24Μ,E06.1
10.0,Θ24Μ,E06.5
10.0,Θ24Μ,E15
10.0,Θ24Μ,E16.3
10.0,Θ24Μ,E16.9
10.0,Θ24Μ,E22.0
10.0,Θ24Μ,E22.1
10.0,Θ24Μ,E22.2
10.0,Θ24Μ,E22.8
10.0,Θ24Μ,E23.1
10.0,Θ24Μ,E23.2
10.0,Θ24Μ,E23.3
10.0,Θ24Μ,E23.6
10.0,Θ24Μ,E23.7
10.0,Θ24Μ,E24.0
10.0,Θ24Μ,E24.1
10.0,Θ24Μ,E24.3
10.0,Θ24Μ,E24.8
10.0,Θ24Μ,E25.0
10.0,Θ24Μ,E25.9
10.0,Θ24Μ,E26.0
10.0,Θ24Μ,E26.1
10.0,Θ24Μ,E26.8
10.0,Θ24Μ,E26.9
10.0,Θ24Μ,E28.0
10.0,Θ24Μ,E28.1
10.0,Θ24Μ,E29.0
10.0,Θ24Μ,E31.0
10.0,Θ24Μ,E31.8
10.0,Θ24Μ,E31.9
10.0,Θ24Μ,E32.1
10.0,Θ24Μ,E32.8
10.0,Θ24Μ,E34.0
10.0,Θ24Μ,E34.1
10.0,Θ24Μ,E34.2
10.0,Θ24Μ,E34.4
10.0,Θ24Μ,E34.5
10.0,Θ24Μ,E34.8
10.0,Θ24Μ,E34.9
10.0,Θ24Μ,G63.3
10.0,Θ24Μ,A18.7
10.0,Θ24Μ,A18.8
10.0,Θ24Μ,A39.1
10.0,Θ24Μ,E35.0
10.0,Θ24Μ,E35.1
10.0,Θ24Μ,E35.8
10.0,Θ24Μ,E87.0
10.0,Θ24Μ,E87.1
10.0,Θ24Μ,E87.2
10.0,Θ24Μ,E87.3
10.0,Θ24Μ,E87.4
10.0,Θ24Μ,E87.5
10.0,Θ24Μ,E87.6
10.0,Θ24Μ,E87.8
10.0,Θ24Χ,E01
10.0,Θ24Χ,E01.0
10.0,Θ24Χ,E01.1
10.0,Θ24Χ,E01.2
10.0,Θ24Χ,E01.8
10.0,Θ24Χ,E02
10.0,Θ24Μ,E03.0
10.0,Θ24Μ,E03.1
10.0,Θ24Μ,E03.5
10.0,Θ24Μ,E03.9
10.0,Θ24Χ,E03.2
10.0,Θ24Χ,E03.3
10.0,Θ24Χ,E03.4
10.0,Θ24Χ,E03.8
10.0,Θ24Χ,E04.0
10.0,Θ24Χ,E04.2
10.0,Θ24Χ,E04.8
10.0,Θ24Χ,E04.9
10.0,Θ24Χ,E06.2
10.0,Θ24Χ,E06.3
10.0,Θ24Χ,E06.4
10.0,Θ24Χ,E06.9
10.0,Θ24Χ,E07.1
10.0,Θ24Χ,E07.8
10.0,Θ24Χ,E07.9
10.0,Θ24Χ,E20.0
10.0,Θ24Χ,E20.8
10.0,Θ24Χ,E22.1
10.0,Θ24Χ,E22.8
10.0,Θ24Χ,E23.1
10.0,Θ24Χ,E24.2
10.0,Θ24Χ,E24.4
10.0,Θ24Χ,E25.8
10.0,Θ24Χ,E26.8
10.0,Θ24Χ,E26.1
10.0,Θ24Χ,E27.0
10.0,Θ24Χ,E27.1
10.0,Θ24Χ,E27.3
10.0,Θ24Χ,E27.8
10.0,Θ24Χ,E27.9
10.0,Θ24Χ,E28.2
10.0,Θ24Χ,E28.3
10.0,Θ24Χ,E28.8
10.0,Θ24Χ,E29.9
10.0,Θ24Χ,E30.0
10.0,Θ24Χ,E30.1
10.0,Θ24Χ,E30.8
10.0,Θ24Χ,E30.9
10.0,Θ24Χ,E32.0
10.0,Θ24Χ,E34.4
10.0,Θ24Χ,E34.9
10.0,Θ24Χ,E35.8
10.0,Θ24Χ,E87.5
10.0,Θ24Χ,E87.6
10.0,Θ24Χ,E88.1
10.0,Θ24Χ,E88.2
10.0,Θ24Χ,E89.0
10.0,Θ24Χ,E89.3
10.0,Θ24Χ,E89.4
10.0,Θ24Χ,E89.5
10.0,Θ24Χ,E89.6
10.0,Θ24Χ,E89.8
10.0,Θ24Χ,E90
10.0,Θ01Μ,G59.0
10.0,Θ01Μ,H36.0
10.0,Θ01Χ,Z83.3
10.0,Θ02Μ,C75.1
10.0,Θ03Α,C74.0
10.0,Θ03Α,C74.1
10.0,Θ03Α,C74.9
10.0,Θ03Α,C79.7
10.0,Θ05Μ,C75.0
10.0,Θ06Μ,C73
10.0,Θ03Α,D35.0
10.0,Θ08Α,D35.9
10.0,Θ02Μ,D35.3
10.0,Θ06Χ,D34
10.0,Θ09Μ,D35.4
10.0,Θ09Μ,D35.5
10.0,Θ09Μ,D35.6
10.0,Θ09Μ,D35.7
10.0,Θ09Μ,D35.9
10.0,Θ09Μ,D35.8
10.0,Θ09Χα,D35.5
10.0,Θ09Χα,D35.7
10.0,Θ09Χα,D35.8
10.0,Θ09Χα,D35.9
10.0,Θ20Χ,G99.0
10.0,Θ22Μ,E89
10.0,Θ22Μ,E89.3
10.0,Θ22Μ,E89.2
10.0,Θ22Μ,E89.6
10.0,Θ22Μ,E89.9
10.0,Θ22Μ,E87.0
10.0,Θ22Μ,E87.1
10.0,Θ22Μ,E87.2
10.0,Θ22Μ,E87.3
10.0,Θ22Μ,E87.4
10.0,Θ22Μ,E87.5
10.0,Θ22Μ,E87.6
10.0,Θ22Μ,E87.7
10.0,Θ22Μ,E87.8
10.0,Θ22Μ,E85.3
10.0,Θ22Μ,E85.4
10.0,Θ22Μ,E85.9
10.0,Θ22Μ,E85.8
10.0,Θ22Μ,E89.1
10.0,Θ22Χ,E89.4
10.0,Θ22Χ,E89.0
10.0,Θ22Χ,E89.6
10.0,Θ22Χ,E89.9
10.0,Θ22Χ,E89.1
10.0,Θ22Χ,E88.2
10.0,Θ22Χ,E87.0
10.0,Θ22Χ,E87.1
10.0,Θ22Χ,E87.2
10.0,Θ22Χ,E87.3
10.0,Θ22Χ,E87.4
10.0,Θ22Χ,E87.5
10.0,Θ22Χ,E87.6
10.0,Θ22Χ,E87.7
10.0,Θ22Χ,E87.8
10.0,Θ22Χ,E85.4
10.0,Θ22Χ,E86
10.0,Θ22Χ,E83.4
10.0,Θ22Χ,E83.5
10.0,Θ22Χ,E83.2
10.0,Θ22Μ,E86
10.0,Θ22Μ,E83.1
10.0,Θ24Μ,C73
10.0,Θ24Μ,C74.0
10.0,Θ24Μ,C74.1
10.0,Θ24Μ,C74.9
10.0,Θ24Μ,C75.0
10.0,Θ24Μ,C75.1
10.0,Θ24Μ,C75.2
10.0,Θ24Μ,C75.3
10.0,Θ24Μ,C75.4
10.0,Θ24Μ,C75.5
10.0,Θ24Μ,C75.8
10.0,Θ24Μ,C75.9
10.0,Θ24Χ,D34
10.0,Θ24Χ,D35
10.0,Θ24Χ,D35.0
10.0,Θ24Χ,D35.1
10.0,Θ24Χ,D35.2
10.0,Θ24Χ,D35.3
10.0,Θ24Χ,D35.4
10.0,Θ24Χ,D35.5
10.0,Θ24Χ,D35.6
10.0,Θ24Χ,D35.7
10.0,Θ24Χ,D35.8
10.0,Θ24Χ,D35.9
11.0,Υ02Χ,N00
11.0,Υ02Χ,N01
11.0,Υ02Χ,N03
11.0,Υ02Χ,N04
11.0,Υ02Χ,N05
11.0,Υ02Χ,N07
11.0,Υ02Χ,N08
11.0,Υ02Χ,N08.0
11.0,Υ02Χ,N08.1
11.0,Υ02Χ,N08.2
11.0,Υ02Χ,N08.3
11.0,Υ02Χ,N08.4
11.0,Υ02Χ,N08.5
11.0,Υ02Χ,N08.8
11.0,Υ02Χ,N10
11.0,Υ02Χ,N11
11.0,Υ02Χ,N11.8
11.0,Υ02Χ,N11.9
11.0,Υ02Χ,N14
11.0,Υ02Χ,N14.0
11.0,Υ02Χ,N14.1
11.0,Υ02Χ,N14.2
11.0,Υ02Χ,N14.3
11.0,Υ02Χ,N14.4
11.0,Υ02Χ,N15
11.0,Υ02Χ,N15.0
11.0,Υ02Χ,N15.1
11.0,Υ02Χ,N15.8
11.0,Υ02Χ,N15.9
11.0,Υ02Χ,N16
11.0,Υ02Χ,N16.0
11.0,Υ02Χ,N16.1
11.0,Υ02Χ,N16.2
11.0,Υ02Χ,N16.3
11.0,Υ02Χ,N16.4
11.0,Υ02Χ,N16.5
11.0,Υ02Χ,N16.8
11.0,Υ02Χ,N17
11.0,Υ02Χ,N17.0
11.0,Υ02Χ,N17.1
11.0,Υ02Χ,N17.2
11.0,Υ02Χ,N17.8
11.0,Υ02Χ,N17.9
11.0,Υ02Χ,N18
11.0,Υ02Χ,N18.0
11.0,Υ02Χ,N18.8
11.0,Υ02Χ,N18.9
11.0,Υ02Χ,N19
11.0,Υ02Χ,N25
11.0,Υ02Χ,N25.0
11.0,Υ02Χ,N25.1
11.0,Υ02Χ,N25.8
11.0,Υ02Χ,N26
11.0,Υ02Χ,N27.1
11.0,Υ03Χ,C64
11.0,Υ03Χ,C65
11.0,Υ03Χ,C66
11.0,Υ03Χ,C67
11.0,Υ03Χ,C67.0
11.0,Υ03Χ,C67.1
11.0,Υ03Χ,C67.2
11.0,Υ03Χ,C67.3
11.0,Υ03Χ,C67.4
11.0,Υ03Χ,C67.5
11.0,Υ03Χ,C67.6
11.0,Υ03Χ,C67.7
11.0,Υ03Χ,C67.8
11.0,Υ03Χ,C67.9
11.0,Υ04Χβ,N13.0
11.0,Υ04Χβ,N13.1
11.0,Υ04Χβ,N13.2
11.0,Υ04Χβ,N13.3
11.0,Υ04Χβ,N13.4
11.0,Υ04Χβ,N13.5
11.0,Υ04Χβ,N13.6
11.0,Υ04Χβ,N20.0
11.0,Υ04Χβ,N20.1
11.0,Υ04Χβ,N20.2
11.0,Υ04Χβ,N20.9
11.0,Υ04Χβ,N32.1
11.0,Υ04Χβ,N32.2
11.0,Υ04Χβ,N32.3
11.0,Υ04Χβ,N32.4
11.0,Υ04Χβ,N32.8
11.0,Υ04Χβ,N32.9
11.0,Υ06Χ,N31.2
11.0,Υ06Χ,N31.8
11.0,Υ06Χ,N31.9
11.0,Υ06Χ,N32
11.0,Υ06Χ,N32.0
11.0,Υ06Χ,N32.1
11.0,Υ06Χ,N32.2
11.0,Υ06Χ,N32.3
11.0,Υ06Χ,N32.4
11.0,Υ06Χ,N32.8
11.0,Υ06Χ,N32.9
11.0,Υ07Χ,N13.0
11.0,Υ07Χ,N13.1
11.0,Υ07Χ,N13.2
11.0,Υ07Χ,N13.3
11.0,Υ07Χ,N13.4
11.0,Υ07Χ,N13.5
11.0,Υ07Χ,N13.6
11.0,Υ07Χ,N20.1
11.0,Υ07Χ,N20.2
11.0,Υ07Χ,N30.1
11.0,Υ07Χ,N30.4
11.0,Υ07Χ,N30.8
11.0,Υ07Χ,N30.9
11.0,Υ07Χ,N32.0
11.0,Υ07Χ,C64
11.0,Υ07Χ,C65
11.0,Υ07Χ,C66
11.0,Υ07Χ,C67
11.0,Υ07Χ,C67.0
11.0,Υ07Χ,C67.1
11.0,Υ07Χ,C67.2
11.0,Υ07Χ,C67.3
11.0,Υ07Χ,C67.4
11.0,Υ07Χ,C67.5
11.0,Υ07Χ,C67.6
11.0,Υ07Χ,N21
11.0,Υ07Χ,N21.0
11.0,Υ07Χ,N21.8
11.0,Υ07Χ,N21.9
11.0,Υ08Χ,N21.1
11.0,Υ08Χ,N34.0
11.0,Υ08Χ,N34.2
11.0,Υ08Χ,N35
11.0,Υ08Χ,N35.0
11.0,Υ08Χ,N35.1
11.0,Υ08Χ,N35.8
11.0,Υ08Χ,N35.9
11.0,Υ08Χ,N36
11.0,Υ08Χ,N36.0
11.0,Υ08Χ,N36.1
11.0,Υ08Χ,N36.2
11.0,Υ08Χ,N36.3
11.0,Υ08Χ,N36.8
11.0,Υ08Χ,N36.9
11.0,Υ08Χ,N37
11.0,Υ08Χ,N37.0
11.0,Υ08Χ,N37.8
11.0,Υ09Χβ,N15.1
11.0,Υ20Α,C67.6
11.0,Υ20Α,C68
11.0,Υ20Α,C68.0
11.0,Υ20Α,C68.1
11.0,Υ21Α,N37
11.0,Υ21Α,N37.8
11.0,Υ21Α,C67.6
11.0,Υ21Α,C68
11.0,Υ21Α,C68.0
11.0,Υ21Α,C68.1
11.0,Υ22Α,N20.1
11.0,Υ22Α,N20.2
11.0,Υ22Α,N20.9
11.0,Υ20Χ,N00
11.0,Υ20Χ,N01
11.0,Υ20Χ,N03
11.0,Υ20Χ,N04
11.0,Υ20Χ,N05
11.0,Υ20Χ,N07
11.0,Υ20Χ,N08
11.0,Υ20Χ,N08.0
11.0,Υ20Χ,N08.1
11.0,Υ20Χ,N08.2
11.0,Υ20Χ,N08.3
11.0,Υ20Χ,N08.4
11.0,Υ20Χ,N08.5
11.0,Υ20Χ,N08.8
11.0,Υ20Χ,N10
11.0,Υ20Χ,N11
11.0,Υ20Χ,N11.8
11.0,Υ20Χ,N11.9
11.0,Υ20Χ,N14
11.0,Υ20Χ,N14.0
11.0,Υ20Χ,N14.1
11.0,Υ20Χ,N14.2
11.0,Υ20Χ,N14.3
11.0,Υ20Χ,N14.4
11.0,Υ20Χ,N15
11.0,Υ20Χ,N15.0
11.0,Υ20Χ,N15.8
11.0,Υ20Χ,N15.9
11.0,Υ20Χ,N16
11.0,Υ20Χ,N16.0
11.0,Υ20Χ,N16.1
11.0,Υ20Χ,N16.2
11.0,Υ20Χ,N16.3
11.0,Υ20Χ,N16.4
11.0,Υ20Χ,N16.5
11.0,Υ20Χ,N16.8
11.0,Υ20Χ,N17
11.0,Υ20Χ,N17.0
11.0,Υ20Χ,N17.1
11.0,Υ20Χ,N17.2
11.0,Υ20Χ,N17.8
11.0,Υ20Χ,N17.9
11.0,Υ20Χ,N18
11.0,Υ20Χ,N18.0
11.0,Υ20Χ,N18.8
11.0,Υ20Χ,N18.9
11.0,Υ20Χ,N19
11.0,Υ20Χ,N25
11.0,Υ20Χ,N25.0
11.0,Υ20Χ,N25.1
11.0,Υ20Χ,N25.8
11.0,Υ20Χ,N26
11.0,Υ20Χ,N27.1
11.0,Υ21Α,N00
11.0,Υ21Α,N01
11.0,Υ21Α,N03
11.0,Υ21Α,N04
11.0,Υ21Α,N05
11.0,Υ21Α,N07
11.0,Υ21Α,N08
11.0,Υ21Α,N08.0
11.0,Υ21Α,N08.1
11.0,Υ21Α,N08.2
11.0,Υ21Α,N08.3
11.0,Υ21Α,N08.4
11.0,Υ21Α,N08.5
11.0,Υ21Α,N08.8
11.0,Υ21Α,N10
11.0,Υ21Α,N11
11.0,Υ21Α,N11.8
11.0,Υ21Α,N11.9
11.0,Υ21Α,N14
11.0,Υ21Α,N14.0
11.0,Υ21Α,N14.1
11.0,Υ21Α,N14.2
11.0,Υ21Α,N14.3
11.0,Υ21Α,N14.4
11.0,Υ21Α,N15
11.0,Υ21Α,N15.0
11.0,Υ21Α,N15.8
11.0,Υ21Α,N15.9
11.0,Υ21Α,N16
11.0,Υ21Α,N16.0
11.0,Υ21Α,N16.1
11.0,Υ21Α,N16.2
11.0,Υ21Α,N16.3
11.0,Υ21Α,N16.4
11.0,Υ21Α,N16.5
11.0,Υ21Α,N16.8
11.0,Υ21Α,N17
11.0,Υ21Α,N17.0
11.0,Υ21Α,N17.1
11.0,Υ21Α,N17.2
11.0,Υ21Α,N17.8
11.0,Υ21Α,N17.9
11.0,Υ21Α,N18
11.0,Υ21Α,N18.0
11.0,Υ21Α,N18.8
11.0,Υ21Α,N18.9
11.0,Υ21Α,N19
11.0,Υ21Α,N25
11.0,Υ21Α,N25.0
11.0,Υ21Α,N25.1
11.0,Υ21Α,N25.8
11.0,Υ21Α,N26
11.0,Υ21Α,N27.1
11.0,Υ22Χ,C64
11.0,Υ22Χ,C65
11.0,Υ22Χ,C66
11.0,Υ22Χ,C67
11.0,Υ22Χ,C67.0
11.0,Υ22Χ,C67.1
11.0,Υ22Χ,C67.2
11.0,Υ22Χ,C67.3
11.0,Υ22Χ,C67.4
11.0,Υ22Χ,C67.5
11.0,Υ22Χ,C67.6
11.0,Υ22Χ,C67.7
11.0,Υ22Χ,C67.8
11.0,Υ22Χ,C67.9
11.0,Υ23Χ,N11.0
11.0,Υ23Χ,N11.1
11.0,Υ23Χ,N13.2
11.0,Υ23Χ,N13.3
11.0,Υ23Χ,N13.4
11.0,Υ23Χ,N13.5
11.0,Υ23Χ,N13.7
11.0,Υ23Χ,N13.8
11.0,Υ23Χ,N13.9
11.0,Υ23Χ,N15.1
11.0,Υ23Χ,N27
11.0,Υ23Χ,N27.0
11.0,Υ23Χ,N27.1
11.0,Υ23Χ,N27.9
11.0,Υ23Χ,N29.0
11.0,Υ23Χ,N30
11.0,Υ23Χ,N30.0
11.0,Υ23Χ,N30.1
11.0,Υ23Χ,N30.2
11.0,Υ23Χ,N30.3
11.0,Υ23Χ,N30.4
11.0,Υ23Χ,N30.8
11.0,Υ23Χ,N30.9
11.0,Υ23Χ,N33.0
11.0,Υ23Χ,N33.8
11.0,Υ23Χ,N34
11.0,Υ23Χ,N34.0
11.0,Υ23Χ,N34.1
11.0,Υ23Χ,N34.2
11.0,Υ23Χ,N34.3
11.0,Υ23Χ,N39.0
11.0,Υ24Α,N13.0
11.0,Υ24Α,N13.1
11.0,Υ24Α,N13.2
11.0,Υ24Α,N13.3
11.0,Υ24Α,N13.4
11.0,Υ24Α,N13.5
11.0,Υ24Α,N13.6
11.0,Υ24Α,N13.7
11.0,Υ24Α,N13.8
11.0,Υ24Α,N13.9
11.0,Υ24Α,N20.1
11.0,Υ24Α,N20.2
11.0,Υ24Α,N20.9
11.0,Υ24Α,N22
11.0,Υ24Α,N22.0
11.0,Υ24Α,N22.8
11.0,Υ24Α,N23
11.0,Υ25Χ,N02
11.0,Υ25Χ,N06
11.0,Υ25Χ,N31
11.0,Υ25Χ,N31.0
11.0,Υ25Χ,N31.1
11.0,Υ25Χ,N31.2
11.0,Υ25Χ,N31.8
11.0,Υ25Χ,N31.9
11.0,Υ25Χ,N39.1
11.0,Υ25Χ,N39.2
11.0,Υ25Χ,N39.3
11.0,Υ25Χ,N39.4
11.0,Υ25Χ,N39.8
11.0,Υ25Χ,N39.9
11.0,Υ27Χ,N28
11.0,Υ27Χ,N28.0
11.0,Υ27Χ,N28.1
11.0,Υ27Χ,N28.8
11.0,Υ27Χ,N28.9
11.0,Υ27Χ,N29
11.0,Υ27Χ,N29.0
11.0,Υ27Χ,N29.1
11.0,Υ27Χ,N29.8
11.0,Υ28Α,N00
11.0,Υ28Α,N01
11.0,Υ28Α,N03
11.0,Υ28Α,N04
11.0,Υ28Α,N05
11.0,Υ28Α,N07
11.0,Υ28Α,N08
11.0,Υ28Α,N08.0
11.0,Υ28Α,N08.1
11.0,Υ28Α,N08.2
11.0,Υ28Α,N08.3
11.0,Υ28Α,N08.4
11.0,Υ28Α,N08.5
11.0,Υ28Α,N08.8
11.0,Υ28Α,N10
11.0,Υ28Α,N11
11.0,Υ28Α,N11.8
11.0,Υ28Α,N11.9
11.0,Υ28Α,N14
11.0,Υ28Α,N14.0
11.0,Υ28Α,N14.1
11.0,Υ28Α,N14.2
11.0,Υ28Α,N14.3
11.0,Υ28Α,N14.4
11.0,Υ28Α,N15
11.0,Υ28Α,N15.0
11.0,Υ28Α,N15.8
11.0,Υ28Α,N15.9
11.0,Υ28Α,N16
11.0,Υ28Α,N16.0
11.0,Υ28Α,N16.1
11.0,Υ28Α,N16.2
11.0,Υ28Α,N16.3
11.0,Υ28Α,N16.4
11.0,Υ28Α,N16.5
11.0,Υ28Α,N16.8
11.0,Υ28Α,N17
11.0,Υ28Α,N17.0
11.0,Υ28Α,N17.1
11.0,Υ28Α,N17.2
11.0,Υ28Α,N17.8
11.0,Υ28Α,N17.9
11.0,Υ28Α,N18
11.0,Υ28Α,N18.0
11.0,Υ28Α,N18.8
11.0,Υ28Α,N18.9
11.0,Υ28Α,N19
11.0,Υ28Α,N25
11.0,Υ28Α,N25.0
11.0,Υ28Α,N25.1
11.0,Υ28Α,N25.8
11.0,Υ28Α,N26
11.0,Υ28Α,N27.1
12.0,Β03Α,N48.9
12.0,Β05Α,N47
12.0,Β05Α,N48
12.0,Β05Α,N48.6
12.0,Β05Α,N48
12.0,Β05Α,N48.3
12.0,Β04Α,N43
12.0,Β04Α,N50.9
12.0,Β04Α,N44
12.0,Β04Α,C62.0
12.0,Β04Α,C62.1
12.0,Β23Α,N46
12.0,Β20Χ,C61
12.0,Β20Χ,C60
12.0,Β20Χ,C62
13.0,Γ04Χ,N70.1
13.0,Γ04Χ,N70.9
13.0,Γ04Χ,N71
13.0,Γ04Χ,N71.0
13.0,Γ04Χ,N71.1
13.0,Γ04Χ,N71.9
13.0,Γ04Χ,N73
13.0,Γ04Χ,N73.0
13.0,Γ04Χ,N73.1
13.0,Γ04Χ,N73.2
13.0,Γ04Χ,N73.3
13.0,Γ04Χ,N73.4
13.0,Γ04Χ,N73.5
13.0,Γ04Χ,N73.6
13.0,Γ04Χ,N73.8
13.0,Γ04Χ,N73.9
13.0,Γ04Χ,N74
13.0,Γ04Χ,N80
13.0,Γ04Χ,N80.0
13.0,Γ04Χ,N80.1
13.0,Γ04Χ,N80.2
13.0,Γ04Χ,N80.3
13.0,Γ04Χ,N80.4
13.0,Γ04Χ,N80.5
13.0,Γ04Χ,N80.6
13.0,Γ04Χ,N80.8
13.0,Γ04Χ,N80.9
13.0,Γ04Χ,N81
13.0,Γ04Χ,N81.0
13.0,Γ04Χ,N81.1
13.0,Γ04Χ,N81.2
13.0,Γ04Χ,N81.3
13.0,Γ04Χ,N81.4
13.0,Γ04Χ,N81.5
13.0,Γ04Χ,N81.6
13.0,Γ04Χ,N81.8
13.0,Γ04Χ,N81.9
13.0,Γ04Χ,N82.4
13.0,Γ04Χ,N82.5
13.0,Γ04Χ,N82.8
13.0,Γ04Χ,N82.9
13.0,Γ04Χ,N83.9
13.0,Γ04Χ,N83.8
13.0,Γ04Χ,N85.1
13.0,Γ04Χ,N85.0
13.0,Γ04Χ,N85.2
13.0,Γ04Χ,N87.1
13.0,Γ04Χ,N87.2
13.0,Γ04Χ,N87.9
13.0,Γ04Χ,N88.9
13.0,Γ04Χ,N88.8
13.0,Γ04Χ,N92
13.0,Γ04Χ,N92.0
13.0,Γ04Χ,N92.4
13.0,Γ04Χ,N92.5
13.0,Γ04Χ,N92.6
13.0,Γ04Χ,N93.9
13.0,Γ04Χ,N94.9
13.0,Γ04Χ,N95.0
13.0,Γ04Χ,N95.8
13.0,Γ04Χ,N95.9
13.0,Γ05Χ,N70
13.0,Γ05Χ,N70.0
13.0,Γ05Χ,N70.1
13.0,Γ05Χ,N70.9
13.0,Γ05Χ,N73.8
13.0,Γ05Χ,N73.9
13.0,Γ05Χ,N74.1
13.0,Γ05Χ,N74.2
13.0,Γ05Χ,N74.4
13.0,Γ05Χ,N74.8
13.0,Γ05Χ,N80.1
13.0,Γ05Χ,N80.2
13.0,Γ05Χ,N80.9
13.0,Γ05Χ,N83
13.0,Γ05Χ,N83.0
13.0,Γ05Χ,N83.1
13.0,Γ05Χ,N83.2
13.0,Γ05Χ,N83.3
13.0,Γ05Χ,N83.4
13.0,Γ05Χ,N83.5
13.0,Γ05Χ,N83.6
13.0,Γ05Χ,N83.8
13.0,Γ05Χ,N83.9
13.0,Γ21Α,N70
13.0,Γ21Α,N70.0
13.0,Γ21Α,N70.1
13.0,Γ21Α,N70.9
13.0,Γ21Α,N71
13.0,Γ21Α,N71.0
13.0,Γ21Α,N71.1
13.0,Γ21Α,N71.9
13.0,Γ21Α,N72
13.0,Γ21Α,N73
13.0,Γ21Α,N73.0
13.0,Γ21Α,N73.1
13.0,Γ21Α,N73.2
13.0,Γ21Α,N73.3
13.0,Γ21Α,N73.4
13.0,Γ21Α,N73.5
13.0,Γ21Α,N73.6
13.0,Γ21Α,N73.8
13.0,Γ21Α,N73.9
13.0,Γ21Α,N74
13.0,Γ21Α,N74.0
13.0,Γ21Α,N74.1
13.0,Γ21Α,N74.2
13.0,Γ21Α,N74.3
13.0,Γ21Α,N74.4
13.0,Γ21Α,N74.8
13.0,Γ21Α,N75.1
13.0,Γ21Α,N76
13.0,Γ21Α,N76.0
13.0,Γ21Α,N76.1
13.0,Γ21Α,N76.2
13.0,Γ21Α,N76.3
13.0,Γ21Α,N76.4
13.0,Γ21Α,N76.5
13.0,Γ21Α,N76.6
13.0,Γ21Α,N77
13.0,Γ21Α,N77.0
13.0,Γ21Α,N77.8
13.0,Γ21Α,N82
13.0,Γ21Α,N82.0
13.0,Γ21Α,N82.1
13.0,Γ21Α,N82.2
13.0,Γ21Α,N82.3
13.0,Γ21Α,N82.4
13.0,Γ21Α,N82.5
13.0,Γ21Α,N82.8
13.0,Γ21Α,N82.9
13.0,Γ21Α,N97.8
13.0,Γ21Α,N98.0
13.0,Γ09Α,N72
13.0,Γ09Α,N74.0
13.0,Γ09Α,N75
13.0,Γ09Α,N75.0
13.0,Γ09Α,N75.1
13.0,Γ09Α,N75.8
13.0,Γ09Α,N75.9
13.0,Γ09Α,N76
13.0,Γ09Α,N76.0
13.0,Γ09Α,N76.1
13.0,Γ09Α,N76.2
13.0,Γ09Α,N76.3
13.0,Γ09Α,N76.4
13.0,Γ09Α,N76.5
13.0,Γ09Α,N76.6
13.0,Γ09Α,N76.8
13.0,Γ09Α,N77
13.0,Γ09Α,N77.0
13.0,Γ09Α,N77.8
13.0,Γ09Α,N81.0
13.0,Γ09Α,N81.1
13.0,Γ09Α,N81.2
13.0,Γ09Α,N81.3
13.0,Γ09Α,N81.4
13.0,Γ09Α,N81.5
13.0,Γ09Α,N81.6
13.0,Γ09Α,N81.8
13.0,Γ09Α,N81.9
13.0,Γ09Α,N82.0
13.0,Γ09Α,N82.1
13.0,Γ09Α,N82.2
13.0,Γ09Α,N82.3
13.0,Γ09Α,N82.5
13.0,Γ09Α,N84
13.0,Γ09Α,N84.1
13.0,Γ09Α,N84.2
13.0,Γ09Α,N84.3
13.0,Γ09Α,N86
13.0,Γ09Α,N87
13.0,Γ09Α,N87.0
13.0,Γ09Α,N87.1
13.0,Γ09Α,N87.2
13.0,Γ09Α,N87.9
13.0,Γ09Α,N88
13.0,Γ09Α,N88.1
13.0,Γ09Α,N88.2
13.0,Γ09Α,N88.3
13.0,Γ09Α,N88.4
13.0,Γ09Α,N88.8
13.0,Γ09Α,N88.9
13.0,Γ09Α,N89
13.0,Γ09Α,N89.0
13.0,Γ09Α,N89.2
13.0,Γ09Α,N89.3
13.0,Γ09Α,N89.4
13.0,Γ09Α,N89.5
13.0,Γ09Α,N89.6
13.0,Γ09Α,N89.7
13.0,Γ09Α,N89.8
13.0,Γ09Α,N89.9
13.0,Γ09Α,N90
13.0,Γ09Α,N90.3
13.0,Γ09Α,N90.4
13.0,Γ09Α,N90.5
13.0,Γ09Α,N90.6
13.0,Γ09Α,N90.7
13.0,Γ09Α,N90.8
13.0,Γ09Α,N90.9
13.0,Γ09Α,N94.1
13.0,Γ09Α,N96
13.0,Γ09Α,N99.1
13.0,Γ09Α,N99.2
13.0,Γ09Α,N99.3
13.0,Γ09Α,N99.5
13.0,Γ09Α,N99.9
13.0,Γ10Α,N71
13.0,Γ10Α,N71.1
13.0,Γ10Α,N71.9
13.0,Γ10Α,N72
13.0,Γ10Α,N74.1
13.0,Γ10Α,N74
13.0,Γ10Α,N80.0
13.0,Γ10Α,N80
13.0,Γ10Α,N82.1
13.0,Γ10Α,N82.4
13.0,Γ10Α,N82.5
13.0,Γ10Α,N82.8
13.0,Γ10Α,N84
13.0,Γ10Α,N84.0
13.0,Γ10Α,N84.1
13.0,Γ10Α,N84.9
13.0,Γ10Α,N85
13.0,Γ10Α,N85.0
13.0,Γ10Α,N85.1
13.0,Γ10Α,N85.2
13.0,Γ10Α,N85.4
13.0,Γ10Α,N85.6
13.0,Γ10Α,N85.7
13.0,Γ10Α,N85.8
13.0,Γ10Α,N85.9
13.0,Γ10Α,N86
13.0,Γ10Α,N88.8
13.0,Γ10Α,N88.3
13.0,Γ10Α,N91
13.0,Γ10Α,N91.0
13.0,Γ10Α,N91.1
13.0,Γ10Α,N91.2
13.0,Γ10Α,N91.3
13.0,Γ10Α,N91.4
13.0,Γ10Α,N91.5
13.0,Γ10Α,N92
13.0,Γ10Α,N92.0
13.0,Γ10Α,N92.4
13.0,Γ10Α,N92.5
13.0,Γ10Α,N92.6
13.0,Γ10Α,N93
13.0,Γ10Α,N93.0
13.0,Γ10Α,N93.8
13.0,Γ10Α,N93.9
13.0,Γ10Α,N94.5
13.0,Γ10Α,N94.4
13.0,Γ10Α,N94.6
13.0,Γ10Α,N94.8
13.0,Γ10Α,N94.9
13.0,Γ10Α,N95.0
13.0,Γ10Α,N95.9
13.0,Γ10Α,N96
13.0,Γ10Α,N97
13.0,Γ10Α,N97.1
13.0,Γ10Α,N97.2
13.0,Γ10Α,N97.3
13.0,Γ10Α,N97.9
13.0,Γ10Α,N98.2
13.0,Γ10Α,N99
13.0,Γ10Α,N99.9
13.0,Γ08Α,N70
13.0,Γ08Α,N70.0
13.0,Γ08Α,N70.1
13.0,Γ08Α,N70.9
13.0,Γ08Α,N71.1
13.0,Γ08Α,N71.9
13.0,Γ08Α,N72
13.0,Γ08Α,N73
13.0,Γ08Α,N73.0
13.0,Γ08Α,N73.1
13.0,Γ08Α,N73.2
13.0,Γ08Α,N73.4
13.0,Γ08Α,N73.5
13.0,Γ08Α,N73.6
13.0,Γ08Α,N73.8
13.0,Γ08Α,N73.9
13.0,Γ08Α,N74
13.0,Γ08Α,N80
13.0,Γ08Α,N80.0
13.0,Γ08Α,N80.1
13.0,Γ08Α,N80.2
13.0,Γ08Α,N80.3
13.0,Γ08Α,N80.4
13.0,Γ08Α,N80.5
13.0,Γ08Α,N80.6
13.0,Γ08Α,N80.8
13.0,Γ08Α,N80.9
13.0,Γ08Α,N82.9
13.0,Γ08Α,N83.0
13.0,Γ08Α,N83.1
13.0,Γ08Α,N83.2
13.0,Γ08Α,N83.3
13.0,Γ08Α,N83
13.0,Γ08Α,N83.4
13.0,Γ08Α,N83.5
13.0,Γ08Α,N83.6
13.0,Γ08Α,N83.7
13.0,Γ08Α,N83.8
13.0,Γ08Α,N83.9
13.0,Γ08Α,N84.9
13.0,Γ08Α,N85.0
13.0,Γ08Α,N85.1
13.0,Γ08Α,N85.2
13.0,Γ08Α,N85.3
13.0,Γ08Α,N85.4
13.0,Γ08Α,N85.5
13.0,Γ08Α,N85.7
13.0,Γ08Α,N85.8
13.0,Γ08Α,N85.9
13.0,Γ08Α,N91
13.0,Γ08Α,N91.0
13.0,Γ08Α,N93.9
13.0,Γ08Α,N94
13.0,Γ08Α,N94.3
13.0,Γ08Α,N94.8
13.0,Γ08Α,N94.9
13.0,Γ08Α,N95.9
13.0,Γ08Α,N96
13.0,Γ08Α,N97
13.0,Γ08Α,N97.1
13.0,Γ08Α,N97.2
13.0,Γ08Α,N97.9
13.0,Γ08Α,N98
13.0,Γ08Α,N99
13.0,Γ08Α,N99.4
13.0,Γ08Α,N99.8
13.0,Γ08Α,N99.9
13.0,Γ08Α,D07
13.0,Γ06Χ,N81
13.0,Γ06Χ,N81.0
13.0,Γ06Χ,N81.1
13.0,Γ06Χ,N81.2
13.0,Γ06Χ,N81.3
13.0,Γ06Χ,N81.4
13.0,Γ06Χ,N81.5
13.0,Γ06Χ,N81.6
13.0,Γ06Χ,N81.8
13.0,Γ06Χ,N81.9
13.0,Γ06Χ,N89.6
13.0,Γ06Χ,N89.5
13.0,Γ06Χ,N97.2
13.0,Γ06Χ,N99.3
13.0,Γ06Χ,N99.5
13.0,Γ06Χ,Q50.2
13.0,Γ06Χ,Q51
13.0,Γ06Χ,Q51.0
13.0,Γ06Χ,Q51.5
13.0,Γ06Χ,Q51.7
13.0,Γ06Χ,Q51.8
13.0,Γ06Χ,Q51.9
13.0,Γ06Χ,Q52
13.0,Γ06Χ,Q52.0
13.0,Γ06Χ,Q52.2
13.0,Γ06Χ,Q52.4
13.0,Γ06Χ,Q52.6
13.0,Γ06Χ,Q52.7
13.0,Γ06Χ,Q52.8
13.0,Γ06Χ,Q52.9
13.0,Γ06Μ,N81
13.0,Γ06Μ,N81.0
13.0,Γ06Μ,N81.1
13.0,Γ06Μ,N81.2
13.0,Γ06Μ,N81.3
13.0,Γ06Μ,N81.4
13.0,Γ06Μ,N81.5
13.0,Γ06Μ,N81.6
13.0,Γ06Μ,N81.8
13.0,Γ06Μ,N81.9
13.0,Γ06Μ,N89.5
13.0,Γ06Μ,N89.6
13.0,Γ06Μ,N97.2
13.0,Γ06Μ,N99.3
13.0,Γ06Μ,N99.5
13.0,Γ06Μ,Q50.2
13.0,Γ06Μ,Q51
13.0,Γ06Μ,Q51.0
13.0,Γ06Μ,Q51.5
13.0,Γ06Μ,Q51.7
13.0,Γ06Μ,Q51.8
13.0,Γ06Μ,Q51.9
13.0,Γ06Μ,Q52
13.0,Γ06Μ,Q52.0
13.0,Γ06Μ,Q52.2
13.0,Γ06Μ,Q52.4
13.0,Γ06Μ,Q52.6
13.0,Γ06Μ,Q52.7
13.0,Γ06Μ,Q52.8
13.0,Γ06Μ,Q52.9
13.0,Γ06Μ,N81
13.0,Γ06Μ,N81.0
13.0,Γ06Μ,N81.1
13.0,Γ06Μ,N81.2
13.0,Γ06Μ,N81.3
13.0,Γ06Μ,N81.4
13.0,Γ06Μ,N81.5
13.0,Γ06Μ,N81.6
13.0,Γ06Μ,N81.8
13.0,Γ06Μ,N81.9
13.0,Γ06Μ,N89.5
13.0,Γ06Μ,N89.6
13.0,Γ06Μ,N97.2
13.0,Γ06Μ,N99.3
13.0,Γ06Μ,N99.5
13.0,Γ06Μ,Q50.2
13.0,Γ06Μ,Q51
13.0,Γ06Μ,Q51.0
13.0,Γ06Μ,Q51.5
13.0,Γ06Μ,Q51.7
13.0,Γ06Μ,Q51.8
13.0,Γ06Μ,Q51.9
13.0,Γ06Μ,Q52
13.0,Γ06Μ,Q52.0
13.0,Γ06Μ,Q52.2
13.0,Γ06Μ,Q52.4
13.0,Γ06Μ,Q52.6
13.0,Γ06Μ,Q52.7
13.0,Γ06Μ,Q52.8
13.0,Γ06Μ,Q52.9
13.0,Γ04Μ,N70.1
13.0,Γ04Μ,N70.9
13.0,Γ04Μ,N71
13.0,Γ04Μ,N71.0
13.0,Γ04Μ,N71.1
13.0,Γ04Μ,N71.9
13.0,Γ04Μ,N73
13.0,Γ04Μ,N73.0
13.0,Γ04Μ,N73.1
13.0,Γ04Μ,N73.2
13.0,Γ04Μ,N73.3
13.0,Γ04Μ,N73.4
13.0,Γ04Μ,N73.5
13.0,Γ04Μ,N73.6
13.0,Γ04Μ,N73.8
13.0,Γ04Μ,N73.9
13.0,Γ04Μ,N74
13.0,Γ04Μ,N80
13.0,Γ04Μ,N80.0
13.0,Γ04Μ,N80.1
13.0,Γ04Μ,N80.2
13.0,Γ04Μ,N80.3
13.0,Γ04Μ,N80.4
13.0,Γ04Μ,N80.5
13.0,Γ04Μ,N80.6
13.0,Γ04Μ,N80.8
13.0,Γ04Μ,N80.9
13.0,Γ04Μ,N81
13.0,Γ04Μ,N81.0
13.0,Γ04Μ,N81.1
13.0,Γ04Μ,N81.2
13.0,Γ04Μ,N81.3
13.0,Γ04Μ,N81.4
13.0,Γ04Μ,N81.5
13.0,Γ04Μ,N81.6
13.0,Γ04Μ,N81.8
13.0,Γ04Μ,N81.9
13.0,Γ04Μ,N82.4
13.0,Γ04Μ,N82.5
13.0,Γ04Μ,N82.8
13.0,Γ04Μ,N82.9
13.0,Γ04Μ,N83.8
13.0,Γ04Μ,N83.9
13.0,Γ04Μ,N85.0
13.0,Γ04Μ,N85.1
13.0,Γ04Μ,N85.2
13.0,Γ04Μ,N87.1
13.0,Γ04Μ,N87.2
13.0,Γ04Μ,N87.9
13.0,Γ04Μ,N88.8
13.0,Γ04Μ,N88.9
13.0,Γ04Μ,N92
13.0,Γ04Μ,N92.0
13.0,Γ04Μ,N92.4
13.0,Γ04Μ,N92.5
13.0,Γ04Μ,N92.6
13.0,Γ04Μ,N93.9
13.0,Γ04Μ,N94.9
13.0,Γ04Μ,N95.0
13.0,Γ04Μ,N95.8
13.0,Γ04Μ,N95.9
13.0,Γ04Μ,N70.1
13.0,Γ04Μ,N70.9
13.0,Γ04Μ,N71
13.0,Γ04Μ,N71.0
13.0,Γ04Μ,N71.1
13.0,Γ04Μ,N71.9
13.0,Γ04Μ,N73
13.0,Γ04Μ,N73.0
13.0,Γ04Μ,N73.1
13.0,Γ04Μ,N73.2
13.0,Γ04Μ,N73.3
13.0,Γ04Μ,N73.4
13.0,Γ04Μ,N73.5
13.0,Γ04Μ,N73.6
13.0,Γ04Μ,N73.8
13.0,Γ04Μ,N73.9
13.0,Γ04Μ,N74
13.0,Γ04Μ,N80
13.0,Γ04Μ,N80.0
13.0,Γ04Μ,N80.1
13.0,Γ04Μ,N80.2
13.0,Γ04Μ,N80.3
13.0,Γ04Μ,N80.4
13.0,Γ04Μ,N80.5
13.0,Γ04Μ,N80.6
13.0,Γ04Μ,N80.8
13.0,Γ04Μ,N80.9
13.0,Γ04Μ,N81
13.0,Γ04Μ,N81.0
13.0,Γ04Μ,N81.1
13.0,Γ04Μ,N81.2
13.0,Γ04Μ,N81.3
13.0,Γ04Μ,N81.4
13.0,Γ04Μ,N81.5
13.0,Γ04Μ,N81.6
13.0,Γ04Μ,N81.8
13.0,Γ04Μ,N81.9
13.0,Γ04Μ,N82.4
13.0,Γ04Μ,N82.5
13.0,Γ04Μ,N82.8
13.0,Γ04Μ,N82.9
13.0,Γ04Μ,N83.8
13.0,Γ04Μ,N83.9
13.0,Γ04Μ,N85.0
13.0,Γ04Μ,N85.1
13.0,Γ04Μ,N85.2
13.0,Γ04Μ,N87.1
13.0,Γ04Μ,N87.2
13.0,Γ04Μ,N87.9
13.0,Γ04Μ,N88.8
13.0,Γ04Μ,N88.9
13.0,Γ04Μ,N92
13.0,Γ04Μ,N92.0
13.0,Γ04Μ,N92.4
13.0,Γ04Μ,N92.5
13.0,Γ04Μ,N92.6
13.0,Γ04Μ,N93.9
13.0,Γ04Μ,N94.9
13.0,Γ04Μ,N95.0
13.0,Γ04Μ,N95.8
13.0,Γ04Μ,N95.9
13.0,Γ04Μ,S35.5
13.0,Γ04Μ,N99.9
13.0,Γ04Μ,N99.0
13.0,Γ04Μ,N99.8
13.0,Γ05Μ,N70
13.0,Γ05Μ,N70.0
13.0,Γ05Μ,N70.1
13.0,Γ05Μ,N70.9
13.0,Γ05Μ,N73.8
13.0,Γ05Μ,N73.9
13.0,Γ05Μ,N74.1
13.0,Γ05Μ,N74.2
13.0,Γ05Μ,N74.3
13.0,Γ05Μ,N74.4
13.0,Γ05Μ,N74.8
13.0,Γ05Μ,N80.1
13.0,Γ05Μ,N80.2
13.0,Γ05Μ,N80.9
13.0,Γ05Μ,N83
13.0,Γ05Μ,N83.0
13.0,Γ05Μ,N83.1
13.0,Γ05Μ,N83.2
13.0,Γ05Μ,N83.3
13.0,Γ05Μ,N83.4
13.0,Γ05Μ,N83.5
13.0,Γ05Μ,N83.6
13.0,Γ05Μ,N83.8
13.0,Γ05Μ,N83.9
13.0,Γ05Μ,N70
13.0,Γ05Μ,N70.0
13.0,Γ05Μ,N70.1
13.0,Γ05Μ,N70.9
13.0,Γ05Μ,N73.8
13.0,Γ05Μ,N73.9
13.0,Γ05Μ,N74.1
13.0,Γ05Μ,N74.2
13.0,Γ05Μ,N74.3
13.0,Γ05Μ,N74.4
13.0,Γ05Μ,N74.8
13.0,Γ05Μ,N80.1
13.0,Γ05Μ,N80.2
13.0,Γ05Μ,N80.9
13.0,Γ05Μ,N83
13.0,Γ05Μ,N83.0
13.0,Γ05Μ,N83.1
13.0,Γ05Μ,N83.2
13.0,Γ05Μ,N83.3
13.0,Γ05Μ,N83.4
13.0,Γ05Μ,N83.5
13.0,Γ05Μ,N83.6
13.0,Γ05Μ,N83.8
13.0,Γ05Μ,N83.9
13.0,Γ05Μ,S35.5
13.0,Γ05Μ,N99.9
13.0,Γ05Μ,N99.8
13.0,Γ05Μ,N99.0
13.0,Γ20Χ,C52
13.0,Γ20Χ,C51
13.0,Γ20Χ,C51.0
13.0,Γ20Χ,C51.1
13.0,Γ20Χ,C51.2
13.0,Γ20Χ,C51.8
13.0,Γ20Χ,C51.9
13.0,Γ20Χ,C53
13.0,Γ20Χ,C53.0
13.0,Γ20Χ,C53.1
13.0,Γ20Χ,C53.8
13.0,Γ20Χ,C53.9
13.0,Γ20Χ,C54
13.0,Γ20Χ,C54.0
13.0,Γ20Χ,C54.1
13.0,Γ20Χ,C54.2
13.0,Γ20Χ,C54.3
13.0,Γ20Χ,C54.8
13.0,Γ20Χ,C54.9
13.0,Γ20Χ,C55
13.0,Γ20Χ,C56
13.0,Γ20Χ,C57
13.0,Γ20Χ,C57.0
13.0,Γ20Χ,C57.1
13.0,Γ20Χ,C57.2
13.0,Γ20Χ,C57.3
13.0,Γ20Χ,C57.4
13.0,Γ20Χ,C57.7
13.0,Γ20Χ,C57.8
13.0,Γ20Χ,C57.9
13.0,Γ20Χ,C58
13.0,Γ20Μ,C51
13.0,Γ20Μ,C51.0
13.0,Γ20Μ,C51.1
13.0,Γ20Μ,C51.2
13.0,Γ20Μ,C51.8
13.0,Γ20Μ,C51.9
13.0,Γ20Μ,C52
13.0,Γ20Μ,C53
13.0,Γ20Μ,C53.0
13.0,Γ20Μ,C53.1
13.0,Γ20Μ,C53.8
13.0,Γ20Μ,C53.9
13.0,Γ20Μ,C54
13.0,Γ20Μ,C54.0
13.0,Γ20Μ,C54.1
13.0,Γ20Μ,C54.2
13.0,Γ20Μ,C54.3
13.0,Γ20Μ,C54.8
13.0,Γ20Μ,C54.9
13.0,Γ20Μ,C55
13.0,Γ20Μ,C56
13.0,Γ20Μ,C57
13.0,Γ20Μ,C57.0
13.0,Γ20Μ,C57.1
13.0,Γ20Μ,C57.2
13.0,Γ20Μ,C57.3
13.0,Γ20Μ,C57.4
13.0,Γ20Μ,C57.7
13.0,Γ20Μ,C57.8
13.0,Γ20Μ,C57.9
13.0,Γ20Μ,C58
13.0,Γ20Μ,C51
13.0,Γ20Μ,C51.0
13.0,Γ20Μ,C51.1
13.0,Γ20Μ,C51.2
13.0,Γ20Μ,C51.8
13.0,Γ20Μ,C51.9
13.0,Γ20Μ,C52
13.0,Γ20Μ,C53
13.0,Γ20Μ,C53.0
13.0,Γ20Μ,C53.1
13.0,Γ20Μ,C53.8
13.0,Γ20Μ,C53.9
13.0,Γ20Μ,C54
13.0,Γ20Μ,C54.0
13.0,Γ20Μ,C54.1
13.0,Γ20Μ,C54.2
13.0,Γ20Μ,C54.3
13.0,Γ20Μ,C54.8
13.0,Γ20Μ,C54.9
13.0,Γ20Μ,C55
13.0,Γ20Μ,C56
13.0,Γ20Μ,C57
13.0,Γ20Μ,C57.0
13.0,Γ20Μ,C57.1
13.0,Γ20Μ,C57.2
13.0,Γ20Μ,C57.3
13.0,Γ20Μ,C57.4
13.0,Γ20Μ,C57.7
13.0,Γ20Μ,C57.8
13.0,Γ20Μ,C57.9
13.0,Γ20Μ,C58
13.0,Γ20Μ,S35.5
13.0,Γ20Μ,N99
13.0,Γ20Μ,K56.5
13.0,Γ20Μ,N82.4
13.0,Γ12Χ,C53
13.0,Γ12Χ,C53.0
13.0,Γ12Χ,C53.1
13.0,Γ12Χ,C53.8
13.0,Γ12Χ,C53.9
13.0,Γ12Χ,C54
13.0,Γ12Χ,C54.1
13.0,Γ12Χ,C54.2
13.0,Γ12Χ,C54.3
13.0,Γ12Χ,C54.8
13.0,Γ12Χ,C54.9
13.0,Γ12Χ,C55
13.0,Γ12Χ,C57.0
13.0,Γ12Χ,C57.1
13.0,Γ12Χ,C57.2
13.0,Γ12Χ,C57.3
13.0,Γ12Χ,C57.4
13.0,Γ12Χ,C57.7
13.0,Γ12Χ,C58
13.0,Γ12Μ,C53
13.0,Γ12Μ,C53.0
13.0,Γ12Μ,C53.1
13.0,Γ12Μ,C53.8
13.0,Γ12Μ,C53.9
13.0,Γ12Μ,C54
13.0,Γ12Μ,C54.1
13.0,Γ12Μ,C54.2
13.0,Γ12Μ,C54.3
13.0,Γ12Μ,C54.8
13.0,Γ12Μ,C54.9
13.0,Γ12Μ,C55
13.0,Γ12Μ,C57.0
13.0,Γ12Μ,C57.1
13.0,Γ12Μ,C57.2
13.0,Γ12Μ,C57.3
13.0,Γ12Μ,C57.4
13.0,Γ12Μ,C57.7
13.0,Γ12Μ,C58
13.0,Γ12Μ,S35.5
13.0,Γ12Μ,N99
13.0,Γ12Μ,N99.9
13.0,Γ12Μ,N99.8
13.0,Γ12Μ,N99.0
13.0,Γ12Μ,N99.5
13.0,Γ12Μ,N82.4
13.0,Γ01Α,C51
13.0,Γ01Α,C51.0
13.0,Γ01Α,C51.1
13.0,Γ01Α,C51.2
13.0,Γ01Α,C51.8
13.0,Γ01Α,C51.9
13.0,Γ01Α,N89.2
13.0,Γ01Α,C53
13.0,Γ01Α,C54
13.0,Γ01Α,C54.1
13.0,Γ01Α,C54.2
13.0,Γ01Α,C55
13.0,Γ01Α,C56
13.0,Γ01Α,C57.9
13.0,Γ07Α,N72
13.0,Γ07Α,N73.6
13.0,Γ07Α,N75
13.0,Γ07Α,N75.0
13.0,Γ07Α,N75.1
13.0,Γ07Α,N76.3
13.0,Γ07Α,N76.4
13.0,Γ07Α,N77
13.0,Γ07Α,N83.0
13.0,Γ07Α,N83.1
13.0,Γ07Α,N83.2
13.0,Γ07Α,N84.3
13.0,Γ07Α,N84.2
13.0,Γ07Α,N87
13.0,Γ07Α,N87.0
13.0,Γ07Α,N88.2
13.0,Γ07Α,N90.7
13.0,Γ07Α,N96
13.0,Γ07Α,N97
13.0,Γ07Α,N98
13.0,Γ07Α,N97.1
13.0,Γ07Α,N97.2
13.0,Γ07Α,N97.4
14.0,Λ01Μ,O90.0
14.0,Λ01Μ,P03.4
14.0,Λ01Μ,O82.2
14.0,Λ01Μ,O34.2
14.0,Λ01Μ,O82.0
14.0,Λ01Μ,O86.0
14.0,Λ01Χ,O66.4
14.0,Λ01Χ,O66.5
14.0,Λ01Χ,O82
14.0,Λ01Χ,O82.0
14.0,Λ01Χ,O82.1
14.0,Λ01Χ,O82.8
14.0,Λ01Χ,O82.9
14.0,Λ01Χ,O84.2
14.0,Λ01Χ,O84.8
14.0,Λ01Χ,Z39.0
14.0,Λ02Μ,N35.0
14.0,Λ02Μ,O08.9
14.0,Λ02Μ,O10
14.0,Λ02Μ,O10.0
14.0,Λ02Μ,O10.1
14.0,Λ02Μ,O10.2
14.0,Λ02Μ,O10.4
14.0,Λ02Μ,O10.9
14.0,Λ02Μ,O22.3
14.0,Λ02Μ,O26.6
14.0,Λ02Μ,O26.7
14.0,Λ02Μ,O28
14.0,Λ02Μ,O29.9
14.0,Λ02Μ,O42.0
14.0,Λ02Μ,O42.1
14.0,Λ02Μ,O42.2
14.0,Λ02Μ,O46
14.0,Λ02Μ,O46.0
14.0,Λ02Μ,O46.8
14.0,Λ02Μ,O46.9
14.0,Λ02Μ,O60
14.0,Λ02Μ,O66.4
14.0,Λ02Μ,O67
14.0,Λ02Μ,O67.0
14.0,Λ02Μ,O67.8
14.0,Λ02Μ,O67.9
14.0,Λ02Μ,O69.0
14.0,Λ02Μ,O69.4
14.0,Λ02Μ,O70.3
14.0,Λ02Μ,O71.0
14.0,Λ02Μ,O71.1
14.0,Λ02Μ,O71.2
14.0,Λ02Μ,O72
14.0,Λ02Μ,O72.1
14.0,Λ02Μ,O72.2
14.0,Λ02Μ,O72.3
14.0,Λ02Μ,O73.1
14.0,Λ02Μ,O74
14.0,Λ02Μ,O74.1
14.0,Λ02Μ,O74.2
14.0,Λ02Μ,O74.3
14.0,Λ02Μ,O74.4
14.0,Λ02Μ,O74.5
14.0,Λ02Μ,O74.6
14.0,Λ02Μ,O74.8
14.0,Λ02Μ,O74.9
14.0,Λ02Μ,O75
14.0,Λ02Μ,O75.1
14.0,Λ02Μ,O75.2
14.0,Λ02Μ,O75.3
14.0,Λ02Μ,O75.7
14.0,Λ02Μ,O75.8
14.0,Λ02Μ,O75.9
14.0,Λ02Μ,O83.2
14.0,Λ02Μ,O83.4
14.0,Λ02Μ,O84.0
14.0,Λ02Μ,O84.1
14.0,Λ02Μ,O86.0
14.0,Λ02Μ,O86.3
14.0,Λ02Μ,O86.4
14.0,Λ02Μ,O87.1
14.0,Λ02Μ,O90.4
14.0,Λ02Μ,O90.5
14.0,Λ02Μ,O91
14.0,Λ02Μ,O91.0
14.0,Λ02Μ,O91.1
14.0,Λ02Μ,O98
14.0,Λ02Μ,O98.0
14.0,Λ02Μ,O98.1
14.0,Λ02Μ,O98.2
14.0,Λ02Μ,O98.3
14.0,Λ02Μ,O98.4
14.0,Λ02Μ,O98.5
14.0,Λ02Μ,O98.9
14.0,Λ02Μ,O99
14.0,Λ02Μ,O99.1
14.0,Λ02Μ,O99.2
14.0,Λ02Μ,O99.3
14.0,Λ02Μ,O99.4
14.0,Λ02Μ,O99.5
14.0,Λ02Μ,O99.6
14.0,Λ02Μ,O99.7
14.0,Λ02Μ,P07.2
14.0,Λ02Μ,P07.3
14.0,Λ02Μ,Z37.3
14.0,Λ02Μ,Z37.5
14.0,Λ02Μ,Z37.6
14.0,Λ02Μ,Z37.9
14.0,Λ02Χ,O42.0
14.0,Λ02Χ,O42.1
14.0,Λ02Χ,O42.2
14.0,Λ02Χ,O47.0
14.0,Λ02Χ,O47.1
14.0,Λ02Χ,O47.9
14.0,Λ02Χ,O61
14.0,Λ02Χ,O61.0
14.0,Λ02Χ,O61.1
14.0,Λ02Χ,O61.8
14.0,Λ02Χ,O61.9
14.0,Λ02Χ,O62.1
14.0,Λ02Χ,O62.3
14.0,Λ02Χ,O62.8
14.0,Λ02Χ,O62.9
14.0,Λ02Χ,O63
14.0,Λ02Χ,O63.0
14.0,Λ02Χ,O63.1
14.0,Λ02Χ,O63.9
14.0,Λ02Χ,O66.4
14.0,Λ02Χ,O68
14.0,Λ02Χ,O68.0
14.0,Λ02Χ,O68.1
14.0,Λ02Χ,O68.2
14.0,Λ02Χ,O68.3
14.0,Λ02Χ,O68.8
14.0,Λ02Χ,O68.9
14.0,Λ02Χ,O69
14.0,Λ02Χ,O69.1
14.0,Λ02Χ,O69.2
14.0,Λ02Χ,O69.3
14.0,Λ02Χ,O69.8
14.0,Λ02Χ,O69.9
14.0,Λ02Χ,O70
14.0,Λ02Χ,O70.9
14.0,Λ02Χ,O75.5
14.0,Λ02Χ,O75.6
14.0,Λ02Χ,O75.8
14.0,Λ02Χ,O75.9
14.0,Λ02Χ,O80
14.0,Λ02Χ,O80.0
14.0,Λ02Χ,O80.1
14.0,Λ02Χ,O80.8
14.0,Λ02Χ,O80.9
14.0,Λ02Χ,O81
14.0,Λ02Χ,O81.0
14.0,Λ02Χ,O81.3
14.0,Λ02Χ,O81.4
14.0,Λ02Χ,O81.5
14.0,Λ02Χ,O83.1
14.0,Λ02Χ,O83.8
14.0,Λ02Χ,O83.9
14.0,Λ02Χ,O84.0
14.0,Λ02Χ,O84.1
14.0,Λ02Χ,O84.9
14.0,Λ02Χ,O86.1
14.0,Λ02Χ,O86.2
14.0,Λ02Χ,O91
14.0,Λ02Χ,O92.0
14.0,Λ02Χ,O92.1
14.0,Λ02Χ,O92.2
14.0,Λ02Χ,O96
14.0,Λ02Χ,O98
14.0,Λ02Χ,O98.5
14.0,Λ02Χ,O98.6
14.0,Λ02Χ,O98.8
14.0,Λ02Χ,O99.0
14.0,Λ02Χ,Z37
14.0,Λ02Χ,Z37.0
14.0,Λ02Χ,Z37.1
14.0,Λ02Χ,Z37.2
14.0,Λ02Χ,Z37.3
14.0,Λ02Χ,Z37.4
14.0,Λ02Χ,Z37.7
14.0,Λ02Χ,Z39
14.0,Λ02Χ,Z39.0
14.0,Λ02Χ,Z39.2
14.0,Λ04Μ,O08.9
14.0,Λ04Μ,O72.1
14.0,Λ04Μ,O82.2
14.0,Λ04Μ,O07.0
14.0,Λ04Μ,O07.2
14.0,Λ04Μ,O07.3
14.0,Λ04Μ,O07.5
14.0,Λ04Μ,O07.6
14.0,Λ04Μ,O07.7
14.0,Λ04Μ,O07.8
14.0,Λ04Μ,O08
14.0,Λ04Μ,O08.7
14.0,Λ04Μ,O08.8
14.0,Λ21Α,O47.9
14.0,Λ21Α,Z37.1
14.0,Λ21Α,Z37.4
14.0,Λ21Α,Z37.7
14.0,Λ21Α,Z39.0
14.0,Λ21Α,Z39
14.0,Λ21Α,Z39.2
14.0,Λ21Α,Z87.5
14.0,Λ05Α,O06
14.0,Λ05Α,O04
14.0,Λ05Α,O05
14.0,Λ26Α,O28.0
14.0,Λ26Α,O28.1
14.0,Λ26Α,O28.2
14.0,Λ26Α,O28.3
14.0,Λ26Α,O28.4
14.0,Λ26Α,O28.5
14.0,Λ26Α,O28.8
14.0,Λ26Α,O28.9
14.0,Λ26Α,Z35.3
14.0,Λ26Α,Z36
14.0,Λ26Α,Z36.4
14.0,Λ26Α,Z36.5
14.0,Λ26Α,Z36.8
14.0,Λ26Α,Z36.9
14.0,Λ26Α,Z20.4
14.0,Λ26Α,Z20.5
14.0,Λ26Α,Z20.6
14.0,Λ26Α,Z20.8
14.0,Λ26Α,Z21
14.0,Λ26Α,Z22
14.0,Λ26Α,Z35
14.0,Λ26Α,Z35.4
14.0,Λ26Α,Z35.7
14.0,Λ26Α,Z35.8
14.0,Λ26Α,Z35.9
14.0,Λ26Α,Z53.1
14.0,Λ26Α,Z53.0
14.0,Λ26Α,Z13.1
14.0,Λ20Α,Z38.2
14.0,Λ20Α,Z38.1
14.0,Λ20Α,Z38.4
14.0,Λ20Α,Z38.5
14.0,Λ20Α,Z38.7
14.0,Λ20Α,Z38.8
14.0,Λ20Α,O69.1
14.0,Λ20Α,O69.3
14.0,Λ20Α,O69.8
14.0,Λ20Α,O69.9
14.0,Λ20Α,O80.0
14.0,Λ20Α,O80.8
14.0,Λ20Α,O80.9
14.0,Λ20Α,Z37
14.0,Λ20Α,Z37.0
14.0,Λ20Α,Z37.1
14.0,Λ26Α,A34
14.0,Λ26Α,O10.0
14.0,Λ26Α,O10.1
14.0,Λ26Α,O10.2
14.0,Λ26Α,O10.4
14.0,Λ26Α,O02.1
14.0,Λ26Α,O33.4
14.0,Λ26Α,O36.0
14.0,Λ26Α,O36.1
14.0,Λ26Α,O36.2
14.0,Λ26Α,O36.3
14.0,Λ26Α,O41.0
14.0,Λ26Α,O41.1
14.0,Λ26Α,O41.8
14.0,Λ26Α,O42.1
14.0,Λ26Α,O42.2
14.0,Λ26Α,O42.9
14.0,Λ26Α,O43.0
14.0,Λ26Α,P95
14.0,Λ26Α,O16
14.0,Λ26Α,O21
14.0,Λ26Α,O23
14.0,Λ26Α,O25
14.0,Λ26Α,O26
14.0,Λ26Α,O26.0
14.0,Λ26Α,O26.1
14.0,Λ26Α,O26.6
14.0,Λ26Α,O26.7
14.0,Λ26Α,O26.8
14.0,Λ26Α,O26.9
14.0,Λ26Α,P96.4
14.0,Λ26Α,Z32
14.0,Λ26Α,Z64.0
14.0,Λ04Μ,O71
14.0,Λ04Μ,O71.5
14.0,Λ04Μ,O75.1
14.0,Λ04Μ,O88
14.0,Λ04Μ,O88.0
14.0,Λ04Μ,O88.2
14.0,Λ04Μ,O88.3
14.0,Λ04Μ,O88.8
14.0,Λ04Μ,O90.2
14.0,Λ04Μ,O95
14.0,Λ04Μ,O96
14.0,Λ04Μ,O97
14.0,Λ04Χ,O71
14.0,Λ04Χ,O71.3
14.0,Λ04Χ,O71.4
14.0,Λ04Χ,O71.6
14.0,Λ04Χ,O71.7
14.0,Λ04Χ,O71.8
14.0,Λ04Χ,O71.9
14.0,Λ04Χ,O86.0
14.0,Λ04Χ,O90.1
14.0,Λ04Χ,O90.2
14.0,Λ04Χ,T84.5
14.0,Λ04Χ,T84.7
14.0,Λ03Μ,O36.7
14.0,Λ03Μ,O00.0
14.0,Λ03Μ,O83.3
14.0,Λ03Μ,P01.4
14.0,Λ03Μ,O00.1
14.0,Λ03Μ,O00.2
14.0,Λ03Μ,O00.8
14.0,Λ03Μ,O00.9
14.0,Λ03Μ,O00
14.0,Λ03Μ,O07
14.0,Λ03Χ,O00
14.0,Λ03Χ,O00.1
14.0,Λ03Χ,O00.9
14.0,Λ26Α,O10.9
14.0,Λ26Α,O11
14.0,Λ26Α,O12.2
14.0,Λ26Α,O12.1
14.0,Λ26Α,O12
14.0,Λ26Α,O12.0
14.0,Λ26Α,O13
14.0,Λ26Α,O14
14.0,Λ26Α,O14.0
14.0,Λ26Α,O14.1
14.0,Λ26Α,O14.9
14.0,Λ26Α,O15
14.0,Λ26Α,O20
14.0,Λ26Α,O20.0
14.0,Λ26Α,O20.8
14.0,Λ26Α,O20.9
14.0,Λ26Α,O21.0
14.0,Λ26Α,O21.1
14.0,Λ26Α,O21.2
14.0,Λ26Α,O21.8
14.0,Λ26Α,O21.9
14.0,Λ26Α,O22
14.0,Λ26Α,O22.3
14.0,Λ26Α,O22.5
14.0,Λ26Α,O22.8
14.0,Λ26Α,O23.0
14.0,Λ26Α,O23.1
14.0,Λ26Α,O23.3
14.0,Λ26Α,O23.5
14.0,Λ26Α,O23.9
14.0,Λ26Α,O24
14.0,Λ26Α,O24.0
14.0,Λ26Α,O24.1
14.0,Λ26Α,O24.3
14.0,Λ26Α,O24.4
14.0,Λ26Α,O24.9
14.0,Λ26Α,O29
14.0,Λ26Α,O30
14.0,Λ26Α,O30.0
14.0,Λ26Α,O30.1
14.0,Λ26Α,O30.2
14.0,Λ26Α,O30.8
14.0,Λ26Α,O30.9
14.0,Λ26Α,O31
14.0,Λ26Α,O31.1
14.0,Λ26Α,O31.2
14.0,Λ26Α,O31.8
14.0,Λ26Α,O34.0
14.0,Λ26Α,O35
14.0,Λ26Α,O35.3
14.0,Λ26Α,O35.9
14.0,Λ26Α,O36.7
14.0,Λ26Α,O36.9
14.0,Λ26Α,O40
14.0,Λ26Α,O41.9
14.0,Λ26Α,O42
14.0,Λ26Α,O43
14.0,Λ26Α,O43.8
14.0,Λ26Α,O43.9
14.0,Λ26Α,O44
14.0,Λ26Α,O44.0
14.0,Λ26Α,O44.1
14.0,Λ26Α,O45
14.0,Λ26Α,O45.0
14.0,Λ26Α,O45.8
14.0,Λ26Α,O45.9
14.0,Λ26Α,O48
14.0,Λ26Α,O60
14.0,Λ26Α,O86
14.0,Λ26Α,O98
14.0,Λ26Α,O98.0
14.0,Λ26Α,O98.1
14.0,Λ26Α,O98.2
14.0,Λ26Α,O98.3
14.0,Λ26Α,O98.4
14.0,Λ26Α,O98.5
14.0,Λ26Α,O98.6
14.0,Λ26Α,O98.8
14.0,Λ26Α,O98.9
14.0,Λ26Α,O99
14.0,Λ26Α,O99.0
14.0,Λ26Α,O99.1
14.0,Λ26Α,O99.2
14.0,Λ26Α,O99.3
14.0,Λ26Α,O99.4
14.0,Λ26Α,O99.5
14.0,Λ26Α,O99.6
14.0,Λ26Α,O99.7
14.0,Λ05Α,O02.1
14.0,Λ05Α,O02.8
14.0,Λ05Α,O02.0
14.0,Λ23Α,O03
14.0,Λ23Α,O04
14.0,Λ23Α,O05
14.0,Λ23Α,O06
14.0,Λ23Α,O07
14.0,Λ24Α,O47.9
14.0,Λ24Α,O47.0
14.0,Λ24Α,O47.1
14.0,Λ01Μ,S35.5
14.0,Λ04Μ,S35.5
14.0,Λ03Χ,S35.5
14.0,Λ01Μ,N99.0
14.0,Λ01Μ,N99.8
14.0,Λ01Μ,N99.9
15.0,Τ01Α,P10
15.0,Τ01Α,P10.0
15.0,Τ01Α,P10.1
15.0,Τ01Α,P10.2
15.0,Τ01Α,P10.3
15.0,Τ01Α,P10.8
15.0,Τ01Α,P10.9
15.0,Τ01Α,P12.2
15.0,Τ01Α,P15.0
15.0,Τ01Α,P15.1
15.0,Τ01Α,P75*
15.0,Τ01Α,P76
15.0,Τ01Α,P77
15.0,Τ01Α,P78.0
15.0,Τ01Α,P78.1
15.0,Τ01Α,Q01
15.0,Τ01Α,Q03
15.0,Τ01Α,Q03.0
15.0,Τ01Α,Q03.1
15.0,Τ01Α,Q03.8
15.0,Τ01Α,Q03.9
15.0,Τ01Α,Q05
15.0,Τ01Α,Q05.0
15.0,Τ01Α,Q05.1
15.0,Τ01Α,Q05.2
15.0,Τ01Α,Q05.3
15.0,Τ01Α,Q05.4
15.0,Τ01Α,Q05.5
15.0,Τ01Α,Q05.6
15.0,Τ01Α,Q05.7
15.0,Τ01Α,Q05.8
15.0,Τ01Α,Q05.9
15.0,Τ01Α,Q07.0
15.0,Τ01Α,Q30.0
15.0,Τ01Α,Q33.2
15.0,Τ01Α,Q33.8
15.0,Τ01Α,Q33.9
15.0,Τ01Α,Q34.1
15.0,Τ01Α,Q39.0
15.0,Τ01Α,Q39.2
15.0,Τ01Α,Q39.1
15.0,Τ01Α,Q40.1
15.0,Τ01Α,Q40.0
15.0,Τ01Α,Q41
15.0,Τ01Α,Q41.0
15.0,Τ01Α,Q41.1
15.0,Τ01Α,Q41.2
15.0,Τ01Α,Q41.8
15.0,Τ01Α,Q41.9
15.0,Τ01Α,Q42
15.0,Τ01Α,Q42.0
15.0,Τ01Α,Q42.1
15.0,Τ01Α,Q42.2
15.0,Τ01Α,Q42.3
15.0,Τ01Α,Q42.8
15.0,Τ01Α,Q42.9
15.0,Τ01Α,Q43
15.0,Τ01Α,Q43.0
15.0,Τ01Α,Q43.1
15.0,Τ01Α,Q43.4
15.0,Τ01Α,Q43.7
15.0,Τ01Α,Q43.9
15.0,Τ01Α,Q43.5
15.0,Τ01Α,Q43.6
15.0,Τ01Α,Q44
15.0,Τ01Α,Q44.0
15.0,Τ01Α,Q44.2
15.0,Τ01Α,Q44.3
15.0,Τ01Α,Q44.4
15.0,Τ01Α,Q45.1
15.0,Τ01Α,Q50.2
15.0,Τ01Α,Q64.1
15.0,Τ01Α,Q64.2
15.0,Τ01Α,Q64.3
15.0,Τ01Α,Q79.0
15.0,Τ01Α,Q79.2
15.0,Τ01Α,Q79.3
15.0,Τ01Α,Q89.4
15.0,Τ03Α,P10
15.0,Τ03Α,P10.0
15.0,Τ03Α,P10.1
15.0,Τ03Α,P10.2
15.0,Τ03Α,P10.3
15.0,Τ03Α,P10.8
15.0,Τ03Α,P10.9
15.0,Τ03Α,P12.2
15.0,Τ03Α,P15.0
15.0,Τ03Α,P15.1
15.0,Τ03Α,P75*
15.0,Τ03Α,P76
15.0,Τ03Α,P77
15.0,Τ03Α,P78.0
15.0,Τ03Α,P78.1
15.0,Τ03Α,Q01
15.0,Τ03Α,Q03
15.0,Τ03Α,Q03.0
15.0,Τ03Α,Q03.1
15.0,Τ03Α,Q03.8
15.0,Τ03Α,Q03.9
15.0,Τ03Α,Q05
15.0,Τ03Α,Q05.0
15.0,Τ03Α,Q05.1
15.0,Τ03Α,Q05.2
15.0,Τ03Α,Q05.3
15.0,Τ03Α,Q05.4
15.0,Τ03Α,Q05.5
15.0,Τ03Α,Q05.6
15.0,Τ03Α,Q05.7
15.0,Τ03Α,Q05.8
15.0,Τ03Α,Q05.9
15.0,Τ03Α,Q07.0
15.0,Τ03Α,Q30.0
15.0,Τ03Α,Q33.2
15.0,Τ03Α,Q33.8
15.0,Τ03Α,Q33.9
15.0,Τ03Α,Q34.1
15.0,Τ03Α,Q39.0
15.0,Τ03Α,Q39.1
15.0,Τ03Α,Q39.2
15.0,Τ03Α,Q40.0
15.0,Τ03Α,Q40.1
15.0,Τ03Α,Q41
15.0,Τ03Α,Q41.0
15.0,Τ03Α,Q41.1
15.0,Τ03Α,Q41.2
15.0,Τ03Α,Q41.8
15.0,Τ03Α,Q41.9
15.0,Τ03Α,Q42
15.0,Τ03Α,Q42.0
15.0,Τ03Α,Q42.1
15.0,Τ03Α,Q42.2
15.0,Τ03Α,Q42.3
15.0,Τ03Α,Q42.8
15.0,Τ03Α,Q42.9
15.0,Τ03Α,Q43
15.0,Τ03Α,Q43.0
15.0,Τ03Α,Q43.1
15.0,Τ03Α,Q43.4
15.0,Τ03Α,Q43.5
15.0,Τ03Α,Q43.6
15.0,Τ03Α,Q43.7
15.0,Τ03Α,Q43.9
15.0,Τ03Α,Q44
15.0,Τ03Α,Q44.0
15.0,Τ03Α,Q44.2
15.0,Τ03Α,Q44.3
15.0,Τ03Α,Q44.4
15.0,Τ03Α,Q45.1
15.0,Τ03Α,Q50.2
15.0,Τ03Α,Q64.1
15.0,Τ03Α,Q64.2
15.0,Τ03Α,Q64.3
15.0,Τ03Α,Q79.0
15.0,Τ03Α,Q79.2
15.0,Τ03Α,Q79.3
15.0,Τ03Α,Q89.4
15.0,Τ04Α,P10
15.0,Τ04Α,P10.0
15.0,Τ04Α,P10.1
15.0,Τ04Α,P10.2
15.0,Τ04Α,P10.3
15.0,Τ04Α,P10.8
15.0,Τ04Α,P10.9
15.0,Τ04Α,P12.2
15.0,Τ04Α,P15.0
15.0,Τ04Α,P15.1
15.0,Τ04Α,P75*
15.0,Τ04Α,P76
15.0,Τ04Α,P77
15.0,Τ04Α,P78.0
15.0,Τ04Α,P78.1
15.0,Τ04Α,Q01
15.0,Τ04Α,Q03
15.0,Τ04Α,Q03.0
15.0,Τ04Α,Q03.1
15.0,Τ04Α,Q03.8
15.0,Τ04Α,Q03.9
15.0,Τ04Α,Q05
15.0,Τ04Α,Q05.0
15.0,Τ04Α,Q05.1
15.0,Τ04Α,Q05.2
15.0,Τ04Α,Q05.3
15.0,Τ04Α,Q05.4
15.0,Τ04Α,Q05.5
15.0,Τ04Α,Q05.6
15.0,Τ04Α,Q05.7
15.0,Τ04Α,Q05.8
15.0,Τ04Α,Q05.9
15.0,Τ04Α,Q07.0
15.0,Τ04Α,Q30.0
15.0,Τ04Α,Q33.2
15.0,Τ04Α,Q33.8
15.0,Τ04Α,Q33.9
15.0,Τ04Α,Q34.1
15.0,Τ04Α,Q39.0
15.0,Τ04Α,Q39.1
15.0,Τ04Α,Q39.2
15.0,Τ04Α,Q40.0
15.0,Τ04Α,Q40.1
15.0,Τ04Α,Q41
15.0,Τ04Α,Q41.0
15.0,Τ04Α,Q41.1
15.0,Τ04Α,Q41.2
15.0,Τ04Α,Q41.8
15.0,Τ04Α,Q41.9
15.0,Τ04Α,Q42
15.0,Τ04Α,Q42.0
15.0,Τ04Α,Q42.1
15.0,Τ04Α,Q42.2
15.0,Τ04Α,Q42.3
15.0,Τ04Α,Q42.8
15.0,Τ04Α,Q42.9
15.0,Τ04Α,Q43
15.0,Τ04Α,Q43.0
15.0,Τ04Α,Q43.1
15.0,Τ04Α,Q43.4
15.0,Τ04Α,Q43.5
15.0,Τ04Α,Q43.6
15.0,Τ04Α,Q43.7
15.0,Τ04Α,Q43.9
15.0,Τ04Α,Q44
15.0,Τ04Α,Q44.0
15.0,Τ04Α,Q44.2
15.0,Τ04Α,Q44.3
15.0,Τ04Α,Q44.4
15.0,Τ04Α,Q45.1
15.0,Τ04Α,Q50.2
15.0,Τ04Α,Q64.1
15.0,Τ04Α,Q64.2
15.0,Τ04Α,Q64.3
15.0,Τ04Α,Q79.0
15.0,Τ04Α,Q79.2
15.0,Τ04Α,Q79.3
15.0,Τ04Α,Q89.4
15.0,Τ05Α,P10
15.0,Τ05Α,P10.0
15.0,Τ05Α,P10.1
15.0,Τ05Α,P10.2
15.0,Τ05Α,P10.3
15.0,Τ05Α,P10.8
15.0,Τ05Α,P10.9
15.0,Τ05Α,P12.2
15.0,Τ05Α,P15.0
15.0,Τ05Α,P15.1
15.0,Τ05Α,P75*
15.0,Τ05Α,P76
15.0,Τ05Α,P77
15.0,Τ05Α,P78.0
15.0,Τ05Α,P78.1
15.0,Τ05Α,Q01
15.0,Τ05Α,Q03
15.0,Τ05Α,Q03.0
15.0,Τ05Α,Q03.1
15.0,Τ05Α,Q03.8
15.0,Τ05Α,Q03.9
15.0,Τ05Α,Q05
15.0,Τ05Α,Q05.0
15.0,Τ05Α,Q05.1
15.0,Τ05Α,Q05.2
15.0,Τ05Α,Q05.3
15.0,Τ05Α,Q05.4
15.0,Τ05Α,Q05.5
15.0,Τ05Α,Q05.6
15.0,Τ05Α,Q05.7
15.0,Τ05Α,Q05.8
15.0,Τ05Α,Q05.9
15.0,Τ05Α,Q07.0
15.0,Τ05Α,Q30.0
15.0,Τ05Α,Q33.2
15.0,Τ05Α,Q33.8
15.0,Τ05Α,Q33.9
15.0,Τ05Α,Q34.1
15.0,Τ05Α,Q39.0
15.0,Τ05Α,Q39.1
15.0,Τ05Α,Q39.2
15.0,Τ05Α,Q40.0
15.0,Τ05Α,Q40.1
15.0,Τ05Α,Q41
15.0,Τ05Α,Q41.0
15.0,Τ05Α,Q41.1
15.0,Τ05Α,Q41.2
15.0,Τ05Α,Q41.8
15.0,Τ05Α,Q41.9
15.0,Τ05Α,Q42
15.0,Τ05Α,Q42.0
15.0,Τ05Α,Q42.1
15.0,Τ05Α,Q42.2
15.0,Τ05Α,Q42.3
15.0,Τ05Α,Q42.8
15.0,Τ05Α,Q42.9
15.0,Τ05Α,Q43
15.0,Τ05Α,Q43.0
15.0,Τ05Α,Q43.1
15.0,Τ05Α,Q43.4
15.0,Τ05Α,Q43.5
15.0,Τ05Α,Q43.6
15.0,Τ05Α,Q43.7
15.0,Τ05Α,Q43.9
15.0,Τ05Α,Q44
15.0,Τ05Α,Q44.0
15.0,Τ05Α,Q44.2
15.0,Τ05Α,Q44.3
15.0,Τ05Α,Q44.4
15.0,Τ05Α,Q45.1
15.0,Τ05Α,Q50.2
15.0,Τ05Α,Q64.1
15.0,Τ05Α,Q64.2
15.0,Τ05Α,Q64.3
15.0,Τ05Α,Q79.0
15.0,Τ05Α,Q79.2
15.0,Τ05Α,Q79.3
15.0,Τ05Α,Q89.4
15.0,Τ06Μ,P10
15.0,Τ06Μ,P10.0
15.0,Τ06Μ,P10.1
15.0,Τ06Μ,P10.2
15.0,Τ06Μ,P10.3
15.0,Τ06Μ,P10.8
15.0,Τ06Μ,P10.9
15.0,Τ06Μ,P12.2
15.0,Τ06Μ,P15.0
15.0,Τ06Μ,P15.1
15.0,Τ06Μ,P75*
15.0,Τ06Μ,P76
15.0,Τ06Μ,P77
15.0,Τ06Μ,P78.0
15.0,Τ06Μ,P78.1
15.0,Τ06Μ,Q01
15.0,Τ06Μ,Q03
15.0,Τ06Μ,Q03.0
15.0,Τ06Μ,Q03.1
15.0,Τ06Μ,Q03.8
15.0,Τ06Μ,Q03.9
15.0,Τ06Μ,Q05
15.0,Τ06Μ,Q05.0
15.0,Τ06Μ,Q05.1
15.0,Τ06Μ,Q05.2
15.0,Τ06Μ,Q05.3
15.0,Τ06Μ,Q05.4
15.0,Τ06Μ,Q05.5
15.0,Τ06Μ,Q05.6
15.0,Τ06Μ,Q05.7
15.0,Τ06Μ,Q05.8
15.0,Τ06Μ,Q05.9
15.0,Τ06Μ,Q07.0
15.0,Τ06Μ,Q20
15.0,Τ06Μ,Q30.0
15.0,Τ06Μ,Q33.2
15.0,Τ06Μ,Q33.8
15.0,Τ06Μ,Q33.9
15.0,Τ06Μ,Q34.1
15.0,Τ06Μ,Q39.0
15.0,Τ06Μ,Q39.1
15.0,Τ06Μ,Q39.2
15.0,Τ06Μ,Q40.0
15.0,Τ06Μ,Q40.1
15.0,Τ06Μ,Q41
15.0,Τ06Μ,Q41.0
15.0,Τ06Μ,Q41.1
15.0,Τ06Μ,Q41.2
15.0,Τ06Μ,Q41.8
15.0,Τ06Μ,Q41.9
15.0,Τ06Μ,Q42
15.0,Τ06Μ,Q42.0
15.0,Τ06Μ,Q42.1
15.0,Τ06Μ,Q42.2
15.0,Τ06Μ,Q42.3
15.0,Τ06Μ,Q42.8
15.0,Τ06Μ,Q42.9
15.0,Τ06Μ,Q43
15.0,Τ06Μ,Q43.0
15.0,Τ06Μ,Q43.1
15.0,Τ06Μ,Q43.4
15.0,Τ06Μ,Q43.5
15.0,Τ06Μ,Q43.6
15.0,Τ06Μ,Q43.7
15.0,Τ06Μ,Q43.9
15.0,Τ06Μ,Q44
15.0,Τ06Μ,Q44.0
15.0,Τ06Μ,Q44.2
15.0,Τ06Μ,Q44.3
15.0,Τ06Μ,Q44.4
15.0,Τ06Μ,Q45.1
15.0,Τ06Μ,Q50.2
15.0,Τ06Μ,Q64.1
15.0,Τ06Μ,Q64.2
15.0,Τ06Μ,Q64.3
15.0,Τ06Μ,Q79.0
15.0,Τ06Μ,Q79.2
15.0,Τ06Μ,Q79.3
15.0,Τ06Μ,Q89.4
15.0,Τ06Χ,P10
15.0,Τ06Χ,P10.0
15.0,Τ06Χ,P10.1
15.0,Τ06Χ,P10.2
15.0,Τ06Χ,P10.3
15.0,Τ06Χ,P10.8
15.0,Τ06Χ,P10.9
15.0,Τ06Χ,P12.2
15.0,Τ06Χ,P15.0
15.0,Τ06Χ,P15.1
15.0,Τ06Χ,P75*
15.0,Τ06Χ,P76
15.0,Τ06Χ,P77
15.0,Τ06Χ,P78.0
15.0,Τ06Χ,P78.1
15.0,Τ06Χ,Q01
15.0,Τ06Χ,Q03
15.0,Τ06Χ,Q03.0
15.0,Τ06Χ,Q03.1
15.0,Τ06Χ,Q03.8
15.0,Τ06Χ,Q03.9
15.0,Τ06Χ,Q05
15.0,Τ06Χ,Q05.0
15.0,Τ06Χ,Q05.1
15.0,Τ06Χ,Q05.2
15.0,Τ06Χ,Q05.3
15.0,Τ06Χ,Q05.4
15.0,Τ06Χ,Q05.5
15.0,Τ06Χ,Q05.6
15.0,Τ06Χ,Q05.7
15.0,Τ06Χ,Q05.8
15.0,Τ06Χ,Q05.9
15.0,Τ06Χ,Q07.0
15.0,Τ06Χ,Q30.0
15.0,Τ06Χ,Q33.2
15.0,Τ06Χ,Q33.8
15.0,Τ06Χ,Q33.9
15.0,Τ06Χ,Q34.1
15.0,Τ06Χ,Q39.0
15.0,Τ06Χ,Q39.1
15.0,Τ06Χ,Q39.2
15.0,Τ06Χ,Q40.0
15.0,Τ06Χ,Q40.1
15.0,Τ06Χ,Q41
15.0,Τ06Χ,Q41.0
15.0,Τ06Χ,Q41.1
15.0,Τ06Χ,Q41.2
15.0,Τ06Χ,Q41.8
15.0,Τ06Χ,Q41.9
15.0,Τ06Χ,Q42
15.0,Τ06Χ,Q42.0
15.0,Τ06Χ,Q42.1
15.0,Τ06Χ,Q42.2
15.0,Τ06Χ,Q42.3
15.0,Τ06Χ,Q42.8
15.0,Τ06Χ,Q42.9
15.0,Τ06Χ,Q43
15.0,Τ06Χ,Q43.0
15.0,Τ06Χ,Q43.1
15.0,Τ06Χ,Q43.4
15.0,Τ06Χ,Q43.5
15.0,Τ06Χ,Q43.6
15.0,Τ06Χ,Q43.7
15.0,Τ06Χ,Q43.9
15.0,Τ06Χ,Q44
15.0,Τ06Χ,Q44.0
15.0,Τ06Χ,Q44.2
15.0,Τ06Χ,Q44.3
15.0,Τ06Χ,Q44.4
15.0,Τ06Χ,Q45.1
15.0,Τ06Χ,Q50.2
15.0,Τ06Χ,Q64.1
15.0,Τ06Χ,Q64.2
15.0,Τ06Χ,Q64.3
15.0,Τ06Χ,Q79.0
15.0,Τ06Χ,Q79.2
15.0,Τ06Χ,Q79.3
15.0,Τ06Χ,Q89.4
15.0,Τ06Χ,Q20.0
15.0,Τ06Χ,Q25.0
15.0,Τ01Α,Q25.0
15.0,Τ03Α,Q25.0
15.0,Τ04Α,Q25.0
15.0,Τ05Α,Q25.0
15.0,Τ06Μ,P28.5
15.0,Τ06Μ,P29.0
15.0,Τ06Μ,P36
15.0,Τ06Μ,P36.2
15.0,Τ06Μ,P36.3
15.0,Τ06Μ,P36.4
15.0,Τ06Μ,P36.5
15.0,Τ06Μ,P36.8
15.0,Τ06Μ,P37.5
15.0,Τ06Μ,P60
15.0,Τ06Μ,P71
15.0,Τ06Μ,P74.2
15.0,Τ06Μ,P74.3
15.0,Τ06Μ,P74.4
15.0,Τ06Μ,P90
15.0,Τ06Μ,P85
15.0,Τ06Μ,P91.9
15.0,Τ06Μ,N17
15.0,Τ06Μ,I95
15.0,Τ06Μ,J93
15.0,Τ06Μ,J96.0
15.0,Τ06Μ,J95.1
15.0,Τ06Μ,J95.2
15.0,Τ06Μ,K72.0
15.0,Τ20Μ,P05.0
15.0,Τ20Μ,P05.1
15.0,Τ20Μ,P05.9
15.0,Τ20Μ,P07.2
15.0,Τ20Μ,P07.3
15.0,Τ20Μ,P08
15.0,Τ20Μ,P08.0
15.0,Τ20Μ,P08.1
15.0,Τ20Μ,P10
15.0,Τ20Μ,P10.0
15.0,Τ20Μ,P10.1
15.0,Τ20Μ,P10.2
15.0,Τ20Μ,P10.4
15.0,Τ20Μ,P10.8
15.0,Τ20Μ,P10.9
15.0,Τ20Μ,P11
15.0,Τ20Μ,P11.0
15.0,Τ20Μ,P11.1
15.0,Τ20Μ,P11.2
15.0,Τ20Μ,P11.3
15.0,Τ20Μ,P11.4
15.0,Τ20Μ,P11.5
15.0,Τ20Μ,P11.9
15.0,Τ20Μ,P12
15.0,Τ20Μ,P12.0
15.0,Τ20Μ,P12.1
15.0,Τ20Μ,P12.2
15.0,Τ20Μ,P12.3
15.0,Τ20Μ,P12.4
15.0,Τ20Μ,P12.8
15.0,Τ20Μ,P12.9
15.0,Τ20Μ,P13
15.0,Τ20Μ,P13.0
15.0,Τ20Μ,P13.1
15.0,Τ20Μ,P13.2
15.0,Τ20Μ,P13.3
15.0,Τ20Μ,P13.4
15.0,Τ20Μ,P13.8
15.0,Τ20Μ,P13.9
15.0,Τ20Μ,P14
15.0,Τ20Μ,P14.0
15.0,Τ20Μ,P14.1
15.0,Τ20Μ,P14.2
15.0,Τ20Μ,P14.3
15.0,Τ20Μ,P14.8
15.0,Τ20Μ,P14.9
15.0,Τ20Μ,P15.2
15.0,Τ20Μ,P15.3
15.0,Τ20Μ,P15.4
15.0,Τ20Μ,P15.6
15.0,Τ20Μ,P15.8
15.0,Τ20Μ,P15.9
15.0,Τ20Μ,P20
15.0,Τ20Μ,P21
15.0,Τ20Μ,P21.9
15.0,Τ20Μ,P22
15.0,Τ20Μ,P22.0
15.0,Τ20Μ,P22.1
15.0,Τ20Μ,P22.8
15.0,Τ20Μ,P22.9
15.0,Τ20Μ,P23
15.0,Τ20Μ,P23.0
15.0,Τ20Μ,P23.1
15.0,Τ20Μ,P23.2
15.0,Τ20Μ,P23.3
15.0,Τ20Μ,P23.4
15.0,Τ20Μ,P23.5
15.0,Τ20Μ,P23.6
15.0,Τ20Μ,P23.8
15.0,Τ20Μ,P24
15.0,Τ20Μ,P24.0
15.0,Τ20Μ,P24.1
15.0,Τ20Μ,P24.2
15.0,Τ20Μ,P24.3
15.0,Τ20Μ,P24.8
15.0,Τ20Μ,P24.9
15.0,Τ20Μ,P25
15.0,Τ20Μ,P25.0
15.0,Τ20Μ,P25.1
15.0,Τ20Μ,P25.2
15.0,Τ20Μ,P25.3
15.0,Τ20Μ,P25.8
15.0,Τ20Μ,P26
15.0,Τ20Μ,P26.0
15.0,Τ20Μ,P26.1
15.0,Τ20Μ,P26.8
15.0,Τ20Μ,P26.9
15.0,Τ20Μ,P27
15.0,Τ20Μ,P27.0
15.0,Τ20Μ,P27.8
15.0,Τ20Μ,P27.9
15.0,Τ20Μ,P28
15.0,Τ20Μ,P28.0
15.0,Τ20Μ,P28.1
15.0,Τ20Μ,P28.2
15.0,Τ20Μ,P28.4
15.0,Τ20Μ,P28.5
15.0,Τ20Μ,P28.8
15.0,Τ20Μ,P28.9
15.0,Τ20Μ,P29
15.0,Τ20Μ,P29.0
15.0,Τ20Μ,P29.1
15.0,Τ20Μ,P29.2
15.0,Τ20Μ,P29.3
15.0,Τ20Μ,P29.4
15.0,Τ20Μ,P29.9
15.0,Τ20Μ,P35
15.0,Τ20Μ,P35.0
15.0,Τ20Μ,P35.1
15.0,Τ20Μ,P35.3
15.0,Τ20Μ,P35.8
15.0,Τ20Μ,P35.9
15.0,Τ20Μ,P36
15.0,Τ20Μ,P36.0
15.0,Τ20Μ,P36.1
15.0,Τ20Μ,P36.2
15.0,Τ20Μ,P36.3
15.0,Τ20Μ,P36.4
15.0,Τ20Μ,P36.5
15.0,Τ20Μ,P36.8
15.0,Τ20Μ,P36.9
15.0,Τ20Μ,P37
15.0,Τ20Μ,P37.0
15.0,Τ20Μ,P37.1
15.0,Τ20Μ,P37.2
15.0,Τ20Μ,P37.3
15.0,Τ20Μ,P37.5
15.0,Τ20Μ,P37.4
15.0,Τ20Μ,P37.8
15.0,Τ20Μ,P37.9
15.0,Τ20Μ,P38
15.0,Τ20Μ,P39
15.0,Τ20Μ,P39.0
15.0,Τ20Μ,P39.1
15.0,Τ20Μ,P39.2
15.0,Τ20Μ,P39.4
15.0,Τ20Μ,P50
15.0,Τ20Μ,P50.0
15.0,Τ20Μ,P50.1
15.0,Τ20Μ,P50.2
15.0,Τ20Μ,P50.3
15.0,Τ20Μ,P50.4
15.0,Τ20Μ,P50.5
15.0,Τ20Μ,P50.8
15.0,Τ20Μ,P50.9
15.0,Τ20Μ,P51
15.0,Τ20Μ,P51.0
15.0,Τ20Μ,P51.8
15.0,Τ20Μ,P51.9
15.0,Τ20Μ,P52
15.0,Τ20Μ,P52.0
15.0,Τ20Μ,P52.1
15.0,Τ20Μ,P52.2
15.0,Τ20Μ,P52.3
15.0,Τ20Μ,P52.4
15.0,Τ20Μ,P52.5
15.0,Τ20Μ,P52.6
15.0,Τ20Μ,P52.8
15.0,Τ20Μ,P52.9
15.0,Τ20Μ,P53
15.0,Τ20Μ,P54
15.0,Τ20Μ,P54.0
15.0,Τ20Μ,P54.1
15.0,Τ20Μ,P54.2
15.0,Τ20Μ,P54.3
15.0,Τ20Μ,P54.4
15.0,Τ20Μ,P54.5
15.0,Τ20Μ,P54.6
15.0,Τ20Μ,P54.8
15.0,Τ20Μ,P54.9
15.0,Τ20Μ,P55
15.0,Τ20Μ,P55.1
15.0,Τ20Μ,P55.8
15.0,Τ20Μ,P55.9
15.0,Τ20Μ,P56
15.0,Τ20Μ,P56.0
15.0,Τ20Μ,P56.9
15.0,Τ20Μ,P57
15.0,Τ20Μ,P57.8
15.0,Τ20Μ,P57.9
15.0,Τ20Μ,P58
15.0,Τ20Μ,P58.0
15.0,Τ20Μ,P58.1
15.0,Τ20Μ,P58.2
15.0,Τ20Μ,P58.4
15.0,Τ20Μ,P58.8
15.0,Τ20Μ,P58.9
15.0,Τ20Μ,P59
15.0,Τ20Μ,P59.0
15.0,Τ20Μ,P59.1
15.0,Τ20Μ,P59.2
15.0,Τ20Μ,P59.3
15.0,Τ20Μ,P59.8
15.0,Τ20Μ,P59.9
15.0,Τ20Μ,P60
15.0,Τ20Μ,P61
15.0,Τ20Μ,P61.0
15.0,Τ20Μ,P61.1
15.0,Τ20Μ,P61.2
15.0,Τ20Μ,P61.3
15.0,Τ20Μ,P61.4
15.0,Τ20Μ,P61.5
15.0,Τ20Μ,P61.6
15.0,Τ20Μ,P61.8
15.0,Τ20Μ,P61.9
15.0,Τ20Μ,P70
15.0,Τ20Μ,P70.0
15.0,Τ20Μ,P70.1
15.0,Τ20Μ,P70.2
15.0,Τ20Μ,P70.3
15.0,Τ20Μ,P70.4
15.0,Τ20Μ,P70.8
15.0,Τ20Μ,P70.9
15.0,Τ20Μ,P71
15.0,Τ20Μ,P71.0
15.0,Τ20Μ,P71.1
15.0,Τ20Μ,P71.2
15.0,Τ20Μ,P71.3
15.0,Τ20Μ,P71.4
15.0,Τ20Μ,P71.8
15.0,Τ20Μ,P71.9
15.0,Τ20Μ,P72
15.0,Τ20Μ,P72.0
15.0,Τ20Μ,P72.1
15.0,Τ20Μ,P72.2
15.0,Τ20Μ,P72.8
15.0,Τ20Μ,P72.9
15.0,Τ20Μ,P74
15.0,Τ20Μ,P74.1
15.0,Τ20Μ,P74.2
15.0,Τ20Μ,P74.3
15.0,Τ20Μ,P74.4
15.0,Τ20Μ,P74.5
15.0,Τ20Μ,P74.8
15.0,Τ20Μ,P74.9
15.0,Τ20Μ,P75*
15.0,Τ20Μ,P76
15.0,Τ20Μ,P76.0
15.0,Τ20Μ,P76.1
15.0,Τ20Μ,P77
15.0,Τ20Μ,P78
15.0,Τ20Μ,P78.2
15.0,Τ20Μ,P78.3
15.0,Τ20Μ,P78.8
15.0,Τ20Μ,P78.9
15.0,Τ20Μ,P80
15.0,Τ20Μ,P81
15.0,Τ20Μ,P81.0
15.0,Τ20Μ,P81.8
15.0,Τ20Μ,P81.9
15.0,Τ20Μ,P82
15.0,Τ20Μ,P83
15.0,Τ20Μ,P83.0
15.0,Τ20Μ,P83.1
15.0,Τ20Μ,P83.2
15.0,Τ20Μ,P83.3
15.0,Τ20Μ,P83.4
15.0,Τ20Μ,P83.5
15.0,Τ20Μ,P83.8
15.0,Τ20Μ,P83.9
15.0,Τ20Μ,P84
15.0,Τ20Μ,P85
15.0,Τ20Μ,P90
15.0,Τ20Μ,P83.6
15.0,Τ20Μ,P91
15.0,Τ20Μ,P91.0
15.0,Τ20Μ,P91.1
15.0,Τ20Μ,P91.2
15.0,Τ20Μ,P91.3
15.0,Τ20Μ,P91.4
15.0,Τ20Μ,P91.5
15.0,Τ20Μ,P91.8
15.0,Τ20Μ,P91.9
15.0,Τ20Μ,P92
15.0,Τ20Μ,P92.0
15.0,Τ20Μ,P92.2
15.0,Τ20Μ,P92.3
15.0,Τ20Μ,P92.4
15.0,Τ20Μ,P92.8
15.0,Τ20Μ,P92.9
15.0,Τ20Μ,P93
15.0,Τ20Μ,P94
15.0,Τ20Μ,P94.0
15.0,Τ20Μ,P94.1
15.0,Τ20Μ,P94.2
15.0,Τ20Μ,P94.8
15.0,Τ20Μ,P94.9
15.0,Τ20Μ,P95
15.0,Τ20Μ,P96.0
15.0,Τ20Μ,P96.1
15.0,Τ20Μ,P96.2
15.0,Τ20Μ,Q00
15.0,Τ20Μ,Q00.0
15.0,Τ20Μ,Q00.1
15.0,Τ20Μ,Q00.2
15.0,Τ20Μ,Q02
15.0,Τ20Μ,Q04
15.0,Τ20Μ,Q04.0
15.0,Τ20Μ,Q04.1
15.0,Τ20Μ,Q04.2
15.0,Τ20Μ,Q04.3
15.0,Τ20Μ,Q04.4
15.0,Τ20Μ,Q04.5
15.0,Τ20Μ,Q04.6
15.0,Τ20Μ,Q04.8
15.0,Τ20Μ,Q04.9
15.0,Τ20Μ,Q05
15.0,Τ20Μ,Q06
15.0,Τ20Μ,Q06.1
15.0,Τ20Μ,Q06.2
15.0,Τ20Μ,Q06.3
15.0,Τ20Μ,Q06.4
15.0,Τ20Μ,Q06.9
15.0,Τ20Μ,Q07
15.0,Τ20Μ,Q07.8
15.0,Τ20Μ,Q07.9
15.0,Τ20Μ,Q07.0
15.0,Τ20Μ,Q10
15.0,Τ20Μ,Q10.0
15.0,Τ20Μ,Q10.1
15.0,Τ20Μ,Q10.2
15.0,Τ20Μ,Q10.4
15.0,Τ20Μ,Q10.5
15.0,Τ20Μ,Q10.6
15.0,Τ20Μ,Q10.7
15.0,Τ20Μ,Q11
15.0,Τ20Μ,Q11.0
15.0,Τ20Μ,Q11.1
15.0,Τ20Μ,Q11.2
15.0,Τ20Μ,Q11.3
15.0,Τ20Μ,Q12
15.0,Τ20Μ,Q12.0
15.0,Τ20Μ,Q12.1
15.0,Τ20Μ,Q12.2
15.0,Τ20Μ,Q12.3
15.0,Τ20Μ,Q12.4
15.0,Τ20Μ,Q12.8
15.0,Τ20Μ,Q12.9
15.0,Τ20Μ,Q13
15.0,Τ20Μ,Q13.0
15.0,Τ20Μ,Q13.1
15.0,Τ20Μ,Q13.2
15.0,Τ20Μ,Q13.3
15.0,Τ20Μ,Q13.4
15.0,Τ20Μ,Q13.5
15.0,Τ20Μ,Q13.8
15.0,Τ20Μ,Q13.9
15.0,Τ20Μ,Q14.0
15.0,Τ20Μ,Q14.1
15.0,Τ20Μ,Q14.2
15.0,Τ20Μ,Q14.3
15.0,Τ20Μ,Q14.8
15.0,Τ20Μ,Q14.9
15.0,Τ20Μ,Q15
15.0,Τ20Μ,Q15.0
15.0,Τ20Μ,Q15.8
15.0,Τ20Μ,Q15.9
15.0,Τ20Μ,Q16
15.0,Τ20Μ,Q16.0
15.0,Τ20Μ,Q16.1
15.0,Τ20Μ,Q16.2
15.0,Τ20Μ,Q16.3
15.0,Τ20Μ,Q16.4
15.0,Τ20Μ,Q16.5
15.0,Τ20Μ,Q16.9
15.0,Τ20Μ,Q17
15.0,Τ20Μ,Q17.0
15.0,Τ20Μ,Q17.1
15.0,Τ20Μ,Q17.2
15.0,Τ20Μ,Q17.3
15.0,Τ20Μ,Q17.4
15.0,Τ20Μ,Q17.5
15.0,Τ20Μ,Q17.8
15.0,Τ20Μ,Q17.9
15.0,Τ20Μ,Q18
15.0,Τ20Μ,Q18.0
15.0,Τ20Μ,Q18.1
15.0,Τ20Μ,Q18.2
15.0,Τ20Μ,Q18.3
15.0,Τ20Μ,Q18.4
15.0,Τ20Μ,Q18.5
15.0,Τ20Μ,Q18.6
15.0,Τ20Μ,Q18.7
15.0,Τ20Μ,Q18.8
15.0,Τ20Μ,Q18.9
15.0,Τ20Μ,Q20
15.0,Τ20Μ,Q20.0
15.0,Τ20Μ,Q20.1
15.0,Τ20Μ,Q20.2
15.0,Τ20Μ,Q20.3
15.0,Τ20Μ,Q20.4
15.0,Τ20Μ,Q20.5
15.0,Τ20Μ,Q20.6
15.0,Τ20Μ,Q20.8
15.0,Τ20Μ,Q20.9
15.0,Τ20Μ,Q21
15.0,Τ20Μ,Q21.0
15.0,Τ20Μ,Q21.1
15.0,Τ20Μ,Q21.2
15.0,Τ20Μ,Q21.3
15.0,Τ20Μ,Q21.4
15.0,Τ20Μ,Q21.8
15.0,Τ20Μ,Q21.9
15.0,Τ20Μ,Q22
15.0,Τ20Μ,Q22.0
15.0,Τ20Μ,Q22.1
15.0,Τ20Μ,Q22.2
15.0,Τ20Μ,Q22.3
15.0,Τ20Μ,Q22.4
15.0,Τ20Μ,Q22.5
15.0,Τ20Μ,Q22.6
15.0,Τ20Μ,Q22.8
15.0,Τ20Μ,Q22.9
15.0,Τ20Μ,Q23
15.0,Τ20Μ,Q23.0
15.0,Τ20Μ,Q23.1
15.0,Τ20Μ,Q23.2
15.0,Τ20Μ,Q23.3
15.0,Τ20Μ,Q23.4
15.0,Τ20Μ,Q23.8
15.0,Τ20Μ,Q23.9
15.0,Τ20Μ,Q24
15.0,Τ20Μ,Q24.0
15.0,Τ20Μ,Q24.1
15.0,Τ20Μ,Q24.2
15.0,Τ20Μ,Q24.3
15.0,Τ20Μ,Q24.4
15.0,Τ20Μ,Q24.5
15.0,Τ20Μ,Q24.6
15.0,Τ20Μ,Q24.8
15.0,Τ20Μ,Q24.9
15.0,Τ20Μ,Q25
15.0,Τ20Μ,Q25.0
15.0,Τ20Μ,Q25.1
15.0,Τ20Μ,Q25.2
15.0,Τ20Μ,Q25.3
15.0,Τ20Μ,Q25.5
15.0,Τ20Μ,Q25.6
15.0,Τ20Μ,Q25.8
15.0,Τ20Μ,Q25.9
15.0,Τ20Μ,Q26
15.0,Τ20Μ,Q26.0
15.0,Τ20Μ,Q26.1
15.0,Τ20Μ,Q26.2
15.0,Τ20Μ,Q26.3
15.0,Τ20Μ,Q26.4
15.0,Τ20Μ,Q26.5
15.0,Τ20Μ,Q26.6
15.0,Τ20Μ,Q26.8
15.0,Τ20Μ,Q26.9
15.0,Τ20Μ,Q27
15.0,Τ20Μ,Q27.0
15.0,Τ20Μ,Q27.1
15.0,Τ20Μ,Q27.2
15.0,Τ20Μ,Q27.3
15.0,Τ20Μ,Q27.4
15.0,Τ20Μ,Q27.9
15.0,Τ20Μ,Q28
15.0,Τ20Μ,Q28.0
15.0,Τ20Μ,Q28.1
15.0,Τ20Μ,Q28.2
15.0,Τ20Μ,Q28.3
15.0,Τ20Μ,Q28.8
15.0,Τ20Μ,Q28.9
15.0,Τ20Μ,Q30
15.0,Τ20Μ,Q30.0
15.0,Τ20Μ,Q30.1
15.0,Τ20Μ,Q30.2
15.0,Τ20Μ,Q30.3
15.0,Τ20Μ,Q30.8
15.0,Τ20Μ,Q30.9
15.0,Τ20Μ,Q31
15.0,Τ20Μ,Q31.0
15.0,Τ20Μ,Q31.1
15.0,Τ20Μ,Q31.2
15.0,Τ20Μ,Q31.3
15.0,Τ20Μ,Q31.4
15.0,Τ20Μ,Q31.9
15.0,Τ20Μ,Q32
15.0,Τ20Μ,Q32.0
15.0,Τ20Μ,Q32.1
15.0,Τ20Μ,Q32.2
15.0,Τ20Μ,Q32.3
15.0,Τ20Μ,Q32.4
15.0,Τ20Μ,Q33
15.0,Τ20Μ,Q33.0
15.0,Τ20Μ,Q33.1
15.0,Τ20Μ,Q33.2
15.0,Τ20Μ,Q33.3
15.0,Τ20Μ,Q33.4
15.0,Τ20Μ,Q33.5
15.0,Τ20Μ,Q33.6
15.0,Τ20Μ,Q33.8
15.0,Τ20Μ,Q33.9
15.0,Τ20Μ,Q34
15.0,Τ20Μ,Q34.0
15.0,Τ20Μ,Q34.9
15.0,Τ20Μ,Q35
15.0,Τ20Μ,Q35.0
15.0,Τ20Μ,Q35.1
15.0,Τ20Μ,Q35.2
15.0,Τ20Μ,Q35.3
15.0,Τ20Μ,Q35.4
15.0,Τ20Μ,Q35.5
15.0,Τ20Μ,Q35.6
15.0,Τ20Μ,Q35.7
15.0,Τ20Μ,Q35.8
15.0,Τ20Μ,Q35.9
15.0,Τ20Μ,Q36
15.0,Τ20Μ,Q36.0
15.0,Τ20Μ,Q36.1
15.0,Τ20Μ,Q36.9
15.0,Τ20Μ,Q37
15.0,Τ20Μ,Q37.0
15.0,Τ20Μ,Q37.1
15.0,Τ20Μ,Q37.2
15.0,Τ20Μ,Q37.3
15.0,Τ20Μ,Q37.4
15.0,Τ20Μ,Q37.5
15.0,Τ20Μ,Q37.8
15.0,Τ20Μ,Q37.9
15.0,Τ20Μ,Q38
15.0,Τ20Μ,Q38.0
15.0,Τ20Μ,Q38.1
15.0,Τ20Μ,Q38.2
15.0,Τ20Μ,Q38.3
15.0,Τ20Μ,Q38.4
15.0,Τ20Μ,Q38.5
15.0,Τ20Μ,Q38.6
15.0,Τ20Μ,Q38.7
15.0,Τ20Μ,Q38.8
15.0,Τ20Μ,Q39
15.0,Τ20Μ,Q40
15.0,Τ20Μ,Q40.3
15.0,Τ20Μ,Q43.2
15.0,Τ20Μ,Q43.5
15.0,Τ20Μ,Q43.6
15.0,Τ20Μ,Q43.9
15.0,Τ20Μ,Q44
15.0,Τ20Μ,Q45.0
15.0,Τ20Μ,Q45.3
15.0,Τ20Μ,Q50
15.0,Τ20Μ,Q51
15.0,Τ20Μ,Q52
15.0,Τ20Μ,Q52.0
15.0,Τ20Μ,Q52.1
15.0,Τ20Μ,Q52.3
15.0,Τ20Μ,Q52.6
15.0,Τ20Μ,Q52.7
15.0,Τ20Μ,Q52.9
15.0,Τ20Μ,Q53
15.0,Τ20Μ,Q54
15.0,Τ20Μ,Q53.0
15.0,Τ20Μ,Q56
15.0,Τ20Μ,Q56.0
15.0,Τ20Μ,Q56.1
15.0,Τ20Μ,Q56.2
15.0,Τ20Μ,Q56.3
15.0,Τ20Μ,Q56.4
15.0,Τ20Μ,Q60
15.0,Τ20Μ,Q60.0
15.0,Τ20Μ,Q60.1
15.0,Τ20Μ,Q60.2
15.0,Τ20Μ,Q60.3
15.0,Τ20Μ,Q60.4
15.0,Τ20Μ,Q60.5
15.0,Τ20Μ,Q60.6
15.0,Τ20Μ,Q61
15.0,Τ20Μ,Q61.0
15.0,Τ20Μ,Q61.1
15.0,Τ20Μ,Q61.2
15.0,Τ20Μ,Q61.3
15.0,Τ20Μ,Q61.4
15.0,Τ20Μ,Q61.5
15.0,Τ20Μ,Q61.8
15.0,Τ20Μ,Q61.9
15.0,Τ20Μ,Q62
15.0,Τ20Μ,Q62.0
15.0,Τ20Μ,Q62.1
15.0,Τ20Μ,Q62.2
15.0,Τ20Μ,Q62.3
15.0,Τ20Μ,Q62.4
15.0,Τ20Μ,Q62.5
15.0,Τ20Μ,Q62.6
15.0,Τ20Μ,Q62.7
15.0,Τ20Μ,Q62.8
15.0,Τ20Μ,Q63
15.0,Τ20Μ,Q63.0
15.0,Τ20Μ,Q63.1
15.0,Τ20Μ,Q63.2
15.0,Τ20Μ,Q63.3
15.0,Τ20Μ,Q63.8
15.0,Τ20Μ,Q63.9
15.0,Τ20Μ,Q64
15.0,Τ20Μ,Q64.0
15.0,Τ20Μ,Q64.6
15.0,Τ20Μ,Q64.8
15.0,Τ20Μ,Q64.9
15.0,Τ20Μ,Q65
15.0,Τ20Μ,Q65.0
15.0,Τ20Μ,Q65.1
15.0,Τ20Μ,Q65.2
15.0,Τ20Μ,Q65.9
15.0,Τ20Μ,Q66
15.0,Τ20Μ,Q66.0
15.0,Τ20Μ,Q66.1
15.0,Τ20Μ,Q66.2
15.0,Τ20Μ,Q66.3
15.0,Τ20Μ,Q66.6
15.0,Τ20Μ,Q66.8
15.0,Τ20Μ,Q66.9
15.0,Τ20Μ,Q67
15.0,Τ20Μ,Q67.5
15.0,Τ20Μ,Q67.8
15.0,Τ20Μ,Q68
15.0,Τ20Μ,Q69
15.0,Τ20Μ,Q69.0
15.0,Τ20Μ,Q69.2
15.0,Τ20Μ,Q71
15.0,Τ20Μ,Q72
15.0,Τ20Μ,Q73.0
15.0,Τ20Μ,Q73.1
15.0,Τ20Μ,Q74.3
15.0,Τ20Μ,Q75.3
15.0,Τ20Μ,Q76.0
15.0,Τ20Μ,Q77.1
15.0,Τ20Μ,Q77.0
15.0,Τ20Μ,Q77.4
15.0,Τ20Μ,Q78.0
15.0,Τ20Μ,Q78.9
15.0,Τ20Μ,Q80
15.0,Τ20Μ,Q81
15.0,Τ20Μ,Q82.0
15.0,Τ20Μ,Q82.2
15.0,Τ20Μ,Q82.3
15.0,Τ20Μ,Q82.4
15.0,Τ20Μ,Q82.5
15.0,Τ20Μ,Q82.9
15.0,Τ20Μ,Q85.0
15.0,Τ20Μ,Q85.1
15.0,Τ20Μ,Q86.0
15.0,Τ20Μ,Q87.2
15.0,Τ20Μ,Q87.3
15.0,Τ20Μ,Q87.4
15.0,Τ20Μ,Q90
15.0,Τ20Μ,Q89.3
15.0,Τ20Μ,Q89.2
15.0,Τ20Μ,Q91
15.0,Τ20Μ,Q96
15.0,Τ20Μ,Q99.9
15.0,Τ20Μ,P05.0
15.0,Τ20Μ,P05.1
15.0,Τ20Μ,P05.9
15.0,Τ20Μ,P07.2
15.0,Τ20Μ,P07.3
15.0,Τ20Μ,P08
15.0,Τ20Μ,P08.0
15.0,Τ20Μ,P08.1
15.0,Τ20Μ,P10
15.0,Τ20Μ,P10.0
15.0,Τ20Μ,P10.1
15.0,Τ20Μ,P10.2
15.0,Τ20Μ,P10.4
15.0,Τ20Μ,P10.8
15.0,Τ20Μ,P10.9
15.0,Τ20Μ,P11
15.0,Τ20Μ,P11.0
15.0,Τ20Μ,P11.1
15.0,Τ20Μ,P11.2
15.0,Τ20Μ,P11.3
15.0,Τ20Μ,P11.4
15.0,Τ20Μ,P11.5
15.0,Τ20Μ,P11.9
15.0,Τ20Μ,P12
15.0,Τ20Μ,P12.0
15.0,Τ20Μ,P12.1
15.0,Τ20Μ,P12.2
15.0,Τ20Μ,P12.3
15.0,Τ20Μ,P12.4
15.0,Τ20Μ,P12.8
15.0,Τ20Μ,P12.9
15.0,Τ20Μ,P13
15.0,Τ20Μ,P13.0
15.0,Τ20Μ,P13.1
15.0,Τ20Μ,P13.2
15.0,Τ20Μ,P13.3
15.0,Τ20Μ,P13.4
15.0,Τ20Μ,P13.8
15.0,Τ20Μ,P13.9
15.0,Τ20Μ,P14
15.0,Τ20Μ,P14.0
15.0,Τ20Μ,P14.1
15.0,Τ20Μ,P14.2
15.0,Τ20Μ,P14.3
15.0,Τ20Μ,P14.8
15.0,Τ20Μ,P14.9
15.0,Τ20Μ,P15.2
15.0,Τ20Μ,P15.3
15.0,Τ20Μ,P15.4
15.0,Τ20Μ,P15.6
15.0,Τ20Μ,P15.8
15.0,Τ20Μ,P15.9
15.0,Τ20Μ,P20
15.0,Τ20Μ,P21
15.0,Τ20Μ,P21.9
15.0,Τ20Μ,P22
15.0,Τ20Μ,P22.0
15.0,Τ20Μ,P22.1
15.0,Τ20Μ,P22.8
15.0,Τ20Μ,P22.9
15.0,Τ20Μ,P23
15.0,Τ20Μ,P23.0
15.0,Τ20Μ,P23.1
15.0,Τ20Μ,P23.2
15.0,Τ20Μ,P23.3
15.0,Τ20Μ,P23.4
15.0,Τ20Μ,P23.5
15.0,Τ20Μ,P23.6
15.0,Τ20Μ,P23.8
15.0,Τ20Μ,P24
15.0,Τ20Μ,P24.0
15.0,Τ20Μ,P24.1
15.0,Τ20Μ,P24.2
15.0,Τ20Μ,P24.3
15.0,Τ20Μ,P24.8
15.0,Τ20Μ,P24.9
15.0,Τ20Μ,P25
15.0,Τ20Μ,P25.0
15.0,Τ20Μ,P25.1
15.0,Τ20Μ,P25.2
15.0,Τ20Μ,P25.3
15.0,Τ20Μ,P25.8
15.0,Τ20Μ,P26
15.0,Τ20Μ,P26.0
15.0,Τ20Μ,P26.1
15.0,Τ20Μ,P26.8
15.0,Τ20Μ,P26.9
15.0,Τ20Μ,P27
15.0,Τ20Μ,P27.0
15.0,Τ20Μ,P27.8
15.0,Τ20Μ,P27.9
15.0,Τ20Μ,P28
15.0,Τ20Μ,P28.0
15.0,Τ20Μ,P28.1
15.0,Τ20Μ,P28.2
15.0,Τ20Μ,P28.4
15.0,Τ20Μ,P28.5
15.0,Τ20Μ,P28.8
15.0,Τ20Μ,P28.9
15.0,Τ20Μ,P29
15.0,Τ20Μ,P29.0
15.0,Τ20Μ,P29.1
15.0,Τ20Μ,P29.2
15.0,Τ20Μ,P29.3
15.0,Τ20Μ,P29.4
15.0,Τ20Μ,P29.9
15.0,Τ20Μ,P35
15.0,Τ20Μ,P35.0
15.0,Τ20Μ,P35.1
15.0,Τ20Μ,P35.3
15.0,Τ20Μ,P35.8
15.0,Τ20Μ,P35.9
15.0,Τ20Μ,P36
15.0,Τ20Μ,P36.0
15.0,Τ20Μ,P36.1
15.0,Τ20Μ,P36.2
15.0,Τ20Μ,P36.3
15.0,Τ20Μ,P36.4
15.0,Τ20Μ,P36.5
15.0,Τ20Μ,P36.8
15.0,Τ20Μ,P36.9
15.0,Τ20Μ,P37
15.0,Τ20Μ,P37.0
15.0,Τ20Μ,P37.1
15.0,Τ20Μ,P37.2
15.0,Τ20Μ,P37.3
15.0,Τ20Μ,P37.4
15.0,Τ20Μ,P37.5
15.0,Τ20Μ,P37.8
15.0,Τ20Μ,P37.9
15.0,Τ20Μ,P38
15.0,Τ20Μ,P39
15.0,Τ20Μ,P39.0
15.0,Τ20Μ,P39.1
15.0,Τ20Μ,P39.2
15.0,Τ20Μ,P39.4
15.0,Τ20Μ,P50
15.0,Τ20Μ,P50.0
15.0,Τ20Μ,P50.1
15.0,Τ20Μ,P50.2
15.0,Τ20Μ,P50.3
15.0,Τ20Μ,P50.4
15.0,Τ20Μ,P50.5
15.0,Τ20Μ,P50.8
15.0,Τ20Μ,P50.9
15.0,Τ20Μ,P51
15.0,Τ20Μ,P51.0
15.0,Τ20Μ,P51.8
15.0,Τ20Μ,P51.9
15.0,Τ20Μ,P52
15.0,Τ20Μ,P52.0
15.0,Τ20Μ,P52.1
15.0,Τ20Μ,P52.2
15.0,Τ20Μ,P52.3
15.0,Τ20Μ,P52.4
15.0,Τ20Μ,P52.5
15.0,Τ20Μ,P52.6
15.0,Τ20Μ,P52.8
15.0,Τ20Μ,P52.9
15.0,Τ20Μ,P53
15.0,Τ20Μ,P54
15.0,Τ20Μ,P54.0
15.0,Τ20Μ,P54.1
15.0,Τ20Μ,P54.2
15.0,Τ20Μ,P54.3
15.0,Τ20Μ,P54.4
15.0,Τ20Μ,P54.5
15.0,Τ20Μ,P54.6
15.0,Τ20Μ,P54.8
15.0,Τ20Μ,P54.9
15.0,Τ20Μ,P55
15.0,Τ20Μ,P55.1
15.0,Τ20Μ,P55.8
15.0,Τ20Μ,P55.9
15.0,Τ20Μ,P56
15.0,Τ20Μ,P56.0
15.0,Τ20Μ,P56.9
15.0,Τ20Μ,P57
15.0,Τ20Μ,P57.8
15.0,Τ20Μ,P57.9
15.0,Τ20Μ,P58
15.0,Τ20Μ,P58.0
15.0,Τ20Μ,P58.1
15.0,Τ20Μ,P58.2
15.0,Τ20Μ,P58.4
15.0,Τ20Μ,P58.8
15.0,Τ20Μ,P58.9
15.0,Τ20Μ,P59
15.0,Τ20Μ,P59.0
15.0,Τ20Μ,P59.1
15.0,Τ20Μ,P59.2
15.0,Τ20Μ,P59.3
15.0,Τ20Μ,P59.8
15.0,Τ20Μ,P59.9
15.0,Τ20Μ,P60
15.0,Τ20Μ,P61
15.0,Τ20Μ,P61.0
15.0,Τ20Μ,P61.1
15.0,Τ20Μ,P61.2
15.0,Τ20Μ,P61.3
15.0,Τ20Μ,P61.4
15.0,Τ20Μ,P61.5
15.0,Τ20Μ,P61.6
15.0,Τ20Μ,P61.8
15.0,Τ20Μ,P61.9
15.0,Τ20Μ,P70
15.0,Τ20Μ,P70.0
15.0,Τ20Μ,P70.1
15.0,Τ20Μ,P70.2
15.0,Τ20Μ,P70.3
15.0,Τ20Μ,P70.4
15.0,Τ20Μ,P70.8
15.0,Τ20Μ,P70.9
15.0,Τ20Μ,P71
15.0,Τ20Μ,P71.0
15.0,Τ20Μ,P71.1
15.0,Τ20Μ,P71.2
15.0,Τ20Μ,P71.3
15.0,Τ20Μ,P71.4
15.0,Τ20Μ,P71.8
15.0,Τ20Μ,P71.9
15.0,Τ20Μ,P72
15.0,Τ20Μ,P72.0
15.0,Τ20Μ,P72.1
15.0,Τ20Μ,P72.2
15.0,Τ20Μ,P72.8
15.0,Τ20Μ,P72.9
15.0,Τ20Μ,P74
15.0,Τ20Μ,P74.1
15.0,Τ20Μ,P74.2
15.0,Τ20Μ,P74.3
15.0,Τ20Μ,P74.4
15.0,Τ20Μ,P74.5
15.0,Τ20Μ,P74.8
15.0,Τ20Μ,P74.9
15.0,Τ20Μ,P75*
15.0,Τ20Μ,P76
15.0,Τ20Μ,P76.0
15.0,Τ20Μ,P76.1
15.0,Τ20Μ,P77
15.0,Τ20Μ,P78
15.0,Τ20Μ,P78.2
15.0,Τ20Μ,P78.3
15.0,Τ20Μ,P78.8
15.0,Τ20Μ,P78.9
15.0,Τ20Μ,P80
15.0,Τ20Μ,P81
15.0,Τ20Μ,P81.0
15.0,Τ20Μ,P81.8
15.0,Τ20Μ,P81.9
15.0,Τ20Μ,P82
15.0,Τ20Μ,P83
15.0,Τ20Μ,P83.0
15.0,Τ20Μ,P83.1
15.0,Τ20Μ,P83.2
15.0,Τ20Μ,P83.3
15.0,Τ20Μ,P83.4
15.0,Τ20Μ,P83.5
15.0,Τ20Μ,P83.6
15.0,Τ20Μ,P83.8
15.0,Τ20Μ,P83.9
15.0,Τ20Μ,P84
15.0,Τ20Μ,P85
15.0,Τ20Μ,P90
15.0,Τ20Μ,P91
15.0,Τ20Μ,P91.0
15.0,Τ20Μ,P91.1
15.0,Τ20Μ,P91.2
15.0,Τ20Μ,P91.3
15.0,Τ20Μ,P91.4
15.0,Τ20Μ,P91.5
15.0,Τ20Μ,P91.8
15.0,Τ20Μ,P91.9
15.0,Τ20Μ,P92
15.0,Τ20Μ,P92.0
15.0,Τ20Μ,P92.2
15.0,Τ20Μ,P92.3
15.0,Τ20Μ,P92.4
15.0,Τ20Μ,P92.8
15.0,Τ20Μ,P92.9
15.0,Τ20Μ,P93
15.0,Τ20Μ,P94
15.0,Τ20Μ,P94.0
15.0,Τ20Μ,P94.1
15.0,Τ20Μ,P94.2
15.0,Τ20Μ,P94.8
15.0,Τ20Μ,P94.9
15.0,Τ20Μ,P95
15.0,Τ20Μ,P96.0
15.0,Τ20Μ,P96.1
15.0,Τ20Μ,P96.2
15.0,Τ20Μ,Q00
15.0,Τ20Μ,Q00.0
15.0,Τ20Μ,Q00.1
15.0,Τ20Μ,Q00.2
15.0,Τ20Μ,Q02
15.0,Τ20Μ,Q04
15.0,Τ20Μ,Q04.0
15.0,Τ20Μ,Q04.1
15.0,Τ20Μ,Q04.2
15.0,Τ20Μ,Q04.3
15.0,Τ20Μ,Q04.4
15.0,Τ20Μ,Q04.5
15.0,Τ20Μ,Q04.6
15.0,Τ20Μ,Q04.8
15.0,Τ20Μ,Q04.9
15.0,Τ20Μ,Q05
15.0,Τ20Μ,Q06
15.0,Τ20Μ,Q06.1
15.0,Τ20Μ,Q06.2
15.0,Τ20Μ,Q06.3
15.0,Τ20Μ,Q06.4
15.0,Τ20Μ,Q06.9
15.0,Τ20Μ,Q07
15.0,Τ20Μ,Q07.0
15.0,Τ20Μ,Q07.8
15.0,Τ20Μ,Q07.9
15.0,Τ20Μ,Q10
15.0,Τ20Μ,Q10.0
15.0,Τ20Μ,Q10.1
15.0,Τ20Μ,Q10.2
15.0,Τ20Μ,Q10.4
15.0,Τ20Μ,Q10.5
15.0,Τ20Μ,Q10.6
15.0,Τ20Μ,Q10.7
15.0,Τ20Μ,Q11
15.0,Τ20Μ,Q11.0
15.0,Τ20Μ,Q11.1
15.0,Τ20Μ,Q11.2
15.0,Τ20Μ,Q11.3
15.0,Τ20Μ,Q12
15.0,Τ20Μ,Q12.0
15.0,Τ20Μ,Q12.1
15.0,Τ20Μ,Q12.2
15.0,Τ20Μ,Q12.3
15.0,Τ20Μ,Q12.4
15.0,Τ20Μ,Q12.8
15.0,Τ20Μ,Q12.9
15.0,Τ20Μ,Q13
15.0,Τ20Μ,Q13.0
15.0,Τ20Μ,Q13.1
15.0,Τ20Μ,Q13.2
15.0,Τ20Μ,Q13.3
15.0,Τ20Μ,Q13.4
15.0,Τ20Μ,Q13.5
15.0,Τ20Μ,Q13.8
15.0,Τ20Μ,Q13.9
15.0,Τ20Μ,Q14.0
15.0,Τ20Μ,Q14.1
15.0,Τ20Μ,Q14.2
15.0,Τ20Μ,Q14.3
15.0,Τ20Μ,Q14.8
15.0,Τ20Μ,Q14.9
15.0,Τ20Μ,Q15
15.0,Τ20Μ,Q15.0
15.0,Τ20Μ,Q15.8
15.0,Τ20Μ,Q15.9
15.0,Τ20Μ,Q16
15.0,Τ20Μ,Q16.0
15.0,Τ20Μ,Q16.1
15.0,Τ20Μ,Q16.2
15.0,Τ20Μ,Q16.3
15.0,Τ20Μ,Q16.4
15.0,Τ20Μ,Q16.5
15.0,Τ20Μ,Q16.9
15.0,Τ20Μ,Q17
15.0,Τ20Μ,Q17.0
15.0,Τ20Μ,Q17.1
15.0,Τ20Μ,Q17.2
15.0,Τ20Μ,Q17.3
15.0,Τ20Μ,Q17.4
15.0,Τ20Μ,Q17.5
15.0,Τ20Μ,Q17.8
15.0,Τ20Μ,Q17.9
15.0,Τ20Μ,Q18
15.0,Τ20Μ,Q18.0
15.0,Τ20Μ,Q18.1
15.0,Τ20Μ,Q18.2
15.0,Τ20Μ,Q18.3
15.0,Τ20Μ,Q18.4
15.0,Τ20Μ,Q18.5
15.0,Τ20Μ,Q18.6
15.0,Τ20Μ,Q18.7
15.0,Τ20Μ,Q18.8
15.0,Τ20Μ,Q18.9
15.0,Τ20Μ,Q20
15.0,Τ20Μ,Q20.0
15.0,Τ20Μ,Q20.1
15.0,Τ20Μ,Q20.2
15.0,Τ20Μ,Q20.3
15.0,Τ20Μ,Q20.4
15.0,Τ20Μ,Q20.5
15.0,Τ20Μ,Q20.6
15.0,Τ20Μ,Q20.8
15.0,Τ20Μ,Q20.9
15.0,Τ20Μ,Q21
15.0,Τ20Μ,Q21.0
15.0,Τ20Μ,Q21.1
15.0,Τ20Μ,Q21.2
15.0,Τ20Μ,Q21.3
15.0,Τ20Μ,Q21.4
15.0,Τ20Μ,Q21.8
15.0,Τ20Μ,Q21.9
15.0,Τ20Μ,Q22
15.0,Τ20Μ,Q22.0
15.0,Τ20Μ,Q22.1
15.0,Τ20Μ,Q22.2
15.0,Τ20Μ,Q22.3
15.0,Τ20Μ,Q22.4
15.0,Τ20Μ,Q22.5
15.0,Τ20Μ,Q22.6
15.0,Τ20Μ,Q22.8
15.0,Τ20Μ,Q22.9
15.0,Τ20Μ,Q23
15.0,Τ20Μ,Q23.0
15.0,Τ20Μ,Q23.1
15.0,Τ20Μ,Q23.2
15.0,Τ20Μ,Q23.3
15.0,Τ20Μ,Q23.4
15.0,Τ20Μ,Q23.8
15.0,Τ20Μ,Q23.9
15.0,Τ20Μ,Q24
15.0,Τ20Μ,Q24.0
15.0,Τ20Μ,Q24.1
15.0,Τ20Μ,Q24.2
15.0,Τ20Μ,Q24.3
15.0,Τ20Μ,Q24.4
15.0,Τ20Μ,Q24.5
15.0,Τ20Μ,Q24.6
15.0,Τ20Μ,Q24.8
15.0,Τ20Μ,Q24.9
15.0,Τ20Μ,Q25
15.0,Τ20Μ,Q25.0
15.0,Τ20Μ,Q25.1
15.0,Τ20Μ,Q25.2
15.0,Τ20Μ,Q25.3
15.0,Τ20Μ,Q25.5
15.0,Τ20Μ,Q25.6
15.0,Τ20Μ,Q25.8
15.0,Τ20Μ,Q25.9
15.0,Τ20Μ,Q26
15.0,Τ20Μ,Q26.0
15.0,Τ20Μ,Q26.1
15.0,Τ20Μ,Q26.2
15.0,Τ20Μ,Q26.3
15.0,Τ20Μ,Q26.4
15.0,Τ20Μ,Q26.5
15.0,Τ20Μ,Q26.6
15.0,Τ20Μ,Q26.8
15.0,Τ20Μ,Q26.9
15.0,Τ20Μ,Q27
15.0,Τ20Μ,Q27.0
15.0,Τ20Μ,Q27.1
15.0,Τ20Μ,Q27.2
15.0,Τ20Μ,Q27.3
15.0,Τ20Μ,Q27.4
15.0,Τ20Μ,Q27.9
15.0,Τ20Μ,Q28
15.0,Τ20Μ,Q28.0
15.0,Τ20Μ,Q28.1
15.0,Τ20Μ,Q28.2
15.0,Τ20Μ,Q28.3
15.0,Τ20Μ,Q28.8
15.0,Τ20Μ,Q28.9
15.0,Τ20Μ,Q30
15.0,Τ20Μ,Q30.0
15.0,Τ20Μ,Q30.1
15.0,Τ20Μ,Q30.2
15.0,Τ20Μ,Q30.3
15.0,Τ20Μ,Q30.8
15.0,Τ20Μ,Q30.9
15.0,Τ20Μ,Q31
15.0,Τ20Μ,Q31.0
15.0,Τ20Μ,Q31.1
15.0,Τ20Μ,Q31.2
15.0,Τ20Μ,Q31.3
15.0,Τ20Μ,Q31.4
15.0,Τ20Μ,Q31.9
15.0,Τ20Μ,Q32
15.0,Τ20Μ,Q32.0
15.0,Τ20Μ,Q32.1
15.0,Τ20Μ,Q32.2
15.0,Τ20Μ,Q32.3
15.0,Τ20Μ,Q32.4
15.0,Τ20Μ,Q33
15.0,Τ20Μ,Q33.0
15.0,Τ20Μ,Q33.1
15.0,Τ20Μ,Q33.2
15.0,Τ20Μ,Q33.3
15.0,Τ20Μ,Q33.4
15.0,Τ20Μ,Q33.5
15.0,Τ20Μ,Q33.6
15.0,Τ20Μ,Q33.8
15.0,Τ20Μ,Q33.9
15.0,Τ20Μ,Q34
15.0,Τ20Μ,Q34.0
15.0,Τ20Μ,Q34.9
15.0,Τ20Μ,Q35
15.0,Τ20Μ,Q35.0
15.0,Τ20Μ,Q35.1
15.0,Τ20Μ,Q35.2
15.0,Τ20Μ,Q35.3
15.0,Τ20Μ,Q35.4
15.0,Τ20Μ,Q35.5
15.0,Τ20Μ,Q35.6
15.0,Τ20Μ,Q35.7
15.0,Τ20Μ,Q35.8
15.0,Τ20Μ,Q35.9
15.0,Τ20Μ,Q36
15.0,Τ20Μ,Q36.0
15.0,Τ20Μ,Q36.1
15.0,Τ20Μ,Q36.9
15.0,Τ20Μ,Q37
15.0,Τ20Μ,Q37.0
15.0,Τ20Μ,Q37.1
15.0,Τ20Μ,Q37.2
15.0,Τ20Μ,Q37.3
15.0,Τ20Μ,Q37.4
15.0,Τ20Μ,Q37.5
15.0,Τ20Μ,Q37.8
15.0,Τ20Μ,Q37.9
15.0,Τ20Μ,Q38
15.0,Τ20Μ,Q38.0
15.0,Τ20Μ,Q38.1
15.0,Τ20Μ,Q38.2
15.0,Τ20Μ,Q38.3
15.0,Τ20Μ,Q38.4
15.0,Τ20Μ,Q38.5
15.0,Τ20Μ,Q38.6
15.0,Τ20Μ,Q38.7
15.0,Τ20Μ,Q38.8
15.0,Τ20Μ,Q39
15.0,Τ20Μ,Q40
15.0,Τ20Μ,Q40.3
15.0,Τ20Μ,Q43.2
15.0,Τ20Μ,Q43.5
15.0,Τ20Μ,Q43.6
15.0,Τ20Μ,Q43.9
15.0,Τ20Μ,Q44
15.0,Τ20Μ,Q45.0
15.0,Τ20Μ,Q45.3
15.0,Τ20Μ,Q50
15.0,Τ20Μ,Q51
15.0,Τ20Μ,Q52
15.0,Τ20Μ,Q52.0
15.0,Τ20Μ,Q52.1
15.0,Τ20Μ,Q52.3
15.0,Τ20Μ,Q52.6
15.0,Τ20Μ,Q52.7
15.0,Τ20Μ,Q52.9
15.0,Τ20Μ,Q53
15.0,Τ20Μ,Q53.0
15.0,Τ20Μ,Q54
15.0,Τ20Μ,Q56
15.0,Τ20Μ,Q56.0
15.0,Τ20Μ,Q56.1
15.0,Τ20Μ,Q56.2
15.0,Τ20Μ,Q56.3
15.0,Τ20Μ,Q56.4
15.0,Τ20Μ,Q60
15.0,Τ20Μ,Q60.0
15.0,Τ20Μ,Q60.1
15.0,Τ20Μ,Q60.2
15.0,Τ20Μ,Q60.3
15.0,Τ20Μ,Q60.4
15.0,Τ20Μ,Q60.5
15.0,Τ20Μ,Q60.6
15.0,Τ20Μ,Q61
15.0,Τ20Μ,Q61.0
15.0,Τ20Μ,Q61.1
15.0,Τ20Μ,Q61.2
15.0,Τ20Μ,Q61.3
15.0,Τ20Μ,Q61.4
15.0,Τ20Μ,Q61.5
15.0,Τ20Μ,Q61.8
15.0,Τ20Μ,Q61.9
15.0,Τ20Μ,Q62
15.0,Τ20Μ,Q62.0
15.0,Τ20Μ,Q62.1
15.0,Τ20Μ,Q62.2
15.0,Τ20Μ,Q62.3
15.0,Τ20Μ,Q62.4
15.0,Τ20Μ,Q62.5
15.0,Τ20Μ,Q62.6
15.0,Τ20Μ,Q62.7
15.0,Τ20Μ,Q62.8
15.0,Τ20Μ,Q63
15.0,Τ20Μ,Q63.0
15.0,Τ20Μ,Q63.1
15.0,Τ20Μ,Q63.2
15.0,Τ20Μ,Q63.3
15.0,Τ20Μ,Q63.8
15.0,Τ20Μ,Q63.9
15.0,Τ20Μ,Q64
15.0,Τ20Μ,Q64.0
15.0,Τ20Μ,Q64.6
15.0,Τ20Μ,Q64.8
15.0,Τ20Μ,Q64.9
15.0,Τ20Μ,Q65
15.0,Τ20Μ,Q65.0
15.0,Τ20Μ,Q65.1
15.0,Τ20Μ,Q65.2
15.0,Τ20Μ,Q65.9
15.0,Τ20Μ,Q66
15.0,Τ20Μ,Q66.0
15.0,Τ20Μ,Q66.1
15.0,Τ20Μ,Q66.2
15.0,Τ20Μ,Q66.3
15.0,Τ20Μ,Q66.6
15.0,Τ20Μ,Q66.8
15.0,Τ20Μ,Q66.9
15.0,Τ20Μ,Q67
15.0,Τ20Μ,Q67.5
15.0,Τ20Μ,Q67.8
15.0,Τ20Μ,Q68
15.0,Τ20Μ,Q69
15.0,Τ20Μ,Q69.0
15.0,Τ20Μ,Q69.2
15.0,Τ20Μ,Q71
15.0,Τ20Μ,Q72
15.0,Τ20Μ,Q73.0
15.0,Τ20Μ,Q73.1
15.0,Τ20Μ,Q74.3
15.0,Τ20Μ,Q75.3
15.0,Τ20Μ,Q76.0
15.0,Τ20Μ,Q77.0
15.0,Τ20Μ,Q77.1
15.0,Τ20Μ,Q77.4
15.0,Τ20Μ,Q78.0
15.0,Τ20Μ,Q78.9
15.0,Τ20Μ,Q80
15.0,Τ20Μ,Q81
15.0,Τ20Μ,Q82.0
15.0,Τ20Μ,Q82.2
15.0,Τ20Μ,Q82.3
15.0,Τ20Μ,Q82.4
15.0,Τ20Μ,Q82.5
15.0,Τ20Μ,Q82.9
15.0,Τ20Μ,Q85.0
15.0,Τ20Μ,Q85.1
15.0,Τ20Μ,Q86.0
15.0,Τ20Μ,Q87.2
15.0,Τ20Μ,Q87.3
15.0,Τ20Μ,Q87.4
15.0,Τ20Μ,Q89.2
15.0,Τ20Μ,Q89.3
15.0,Τ20Μ,Q90
15.0,Τ20Μ,Q91
15.0,Τ20Μ,Q96
15.0,Τ20Μ,Q99.9
15.0,Τ20Χ,P05.0
15.0,Τ20Χ,P05.0
15.0,Τ20Χ,P05.1
15.0,Τ20Χ,P05.1
15.0,Τ20Χ,P05.9
15.0,Τ20Χ,P05.9
15.0,Τ20Χ,P07.2
15.0,Τ20Χ,P07.2
15.0,Τ20Χ,P07.3
15.0,Τ20Χ,P07.3
15.0,Τ20Χ,P08
15.0,Τ20Χ,P08
15.0,Τ20Χ,P08.0
15.0,Τ20Χ,P08.0
15.0,Τ20Χ,P08.1
15.0,Τ20Χ,P08.1
15.0,Τ20Χ,P10
15.0,Τ20Χ,P10
15.0,Τ20Χ,P10.0
15.0,Τ20Χ,P10.0
15.0,Τ20Χ,P10.1
15.0,Τ20Χ,P10.1
15.0,Τ20Χ,P10.2
15.0,Τ20Χ,P10.2
15.0,Τ20Χ,P10.4
15.0,Τ20Χ,P10.4
15.0,Τ20Χ,P10.8
15.0,Τ20Χ,P10.8
15.0,Τ20Χ,P10.9
15.0,Τ20Χ,P10.9
15.0,Τ20Χ,P11
15.0,Τ20Χ,P11
15.0,Τ20Χ,P11.0
15.0,Τ20Χ,P11.0
15.0,Τ20Χ,P11.1
15.0,Τ20Χ,P11.1
15.0,Τ20Χ,P11.2
15.0,Τ20Χ,P11.2
15.0,Τ20Χ,P11.3
15.0,Τ20Χ,P11.3
15.0,Τ20Χ,P11.4
15.0,Τ20Χ,P11.4
15.0,Τ20Χ,P11.5
15.0,Τ20Χ,P11.5
15.0,Τ20Χ,P11.9
15.0,Τ20Χ,P11.9
15.0,Τ20Χ,P12
15.0,Τ20Χ,P12
15.0,Τ20Χ,P12.0
15.0,Τ20Χ,P12.0
15.0,Τ20Χ,P12.1
15.0,Τ20Χ,P12.1
15.0,Τ20Χ,P12.2
15.0,Τ20Χ,P12.2
15.0,Τ20Χ,P12.3
15.0,Τ20Χ,P12.3
15.0,Τ20Χ,P12.4
15.0,Τ20Χ,P12.4
15.0,Τ20Χ,P12.8
15.0,Τ20Χ,P12.8
15.0,Τ20Χ,P12.9
15.0,Τ20Χ,P12.9
15.0,Τ20Χ,P13
15.0,Τ20Χ,P13
15.0,Τ20Χ,P13.0
15.0,Τ20Χ,P13.0
15.0,Τ20Χ,P13.1
15.0,Τ20Χ,P13.1
15.0,Τ20Χ,P13.2
15.0,Τ20Χ,P13.2
15.0,Τ20Χ,P13.3
15.0,Τ20Χ,P13.3
15.0,Τ20Χ,P13.4
15.0,Τ20Χ,P13.4
15.0,Τ20Χ,P13.8
15.0,Τ20Χ,P13.8
15.0,Τ20Χ,P13.9
15.0,Τ20Χ,P13.9
15.0,Τ20Χ,P14
15.0,Τ20Χ,P14
15.0,Τ20Χ,P14.0
15.0,Τ20Χ,P14.0
15.0,Τ20Χ,P14.1
15.0,Τ20Χ,P14.1
15.0,Τ20Χ,P14.2
15.0,Τ20Χ,P14.2
15.0,Τ20Χ,P14.3
15.0,Τ20Χ,P14.3
15.0,Τ20Χ,P14.8
15.0,Τ20Χ,P14.8
15.0,Τ20Χ,P14.9
15.0,Τ20Χ,P14.9
15.0,Τ20Χ,P15.2
15.0,Τ20Χ,P15.2
15.0,Τ20Χ,P15.3
15.0,Τ20Χ,P15.3
15.0,Τ20Χ,P15.4
15.0,Τ20Χ,P15.4
15.0,Τ20Χ,P15.6
15.0,Τ20Χ,P15.6
15.0,Τ20Χ,P15.8
15.0,Τ20Χ,P15.8
15.0,Τ20Χ,P15.9
15.0,Τ20Χ,P15.9
15.0,Τ20Χ,P20
15.0,Τ20Χ,P20
15.0,Τ20Χ,P21
15.0,Τ20Χ,P21
15.0,Τ20Χ,P21.9
15.0,Τ20Χ,P21.9
15.0,Τ20Χ,P22
15.0,Τ20Χ,P22
15.0,Τ20Χ,P22.0
15.0,Τ20Χ,P22.0
15.0,Τ20Χ,P22.1
15.0,Τ20Χ,P22.1
15.0,Τ20Χ,P22.8
15.0,Τ20Χ,P22.8
15.0,Τ20Χ,P22.9
15.0,Τ20Χ,P22.9
15.0,Τ20Χ,P23
15.0,Τ20Χ,P23
15.0,Τ20Χ,P23.0
15.0,Τ20Χ,P23.0
15.0,Τ20Χ,P23.1
15.0,Τ20Χ,P23.1
15.0,Τ20Χ,P23.2
15.0,Τ20Χ,P23.2
15.0,Τ20Χ,P23.3
15.0,Τ20Χ,P23.3
15.0,Τ20Χ,P23.4
15.0,Τ20Χ,P23.4
15.0,Τ20Χ,P23.5
15.0,Τ20Χ,P23.5
15.0,Τ20Χ,P23.6
15.0,Τ20Χ,P23.6
15.0,Τ20Χ,P23.8
15.0,Τ20Χ,P23.8
15.0,Τ20Χ,P24
15.0,Τ20Χ,P24
15.0,Τ20Χ,P24.0
15.0,Τ20Χ,P24.0
15.0,Τ20Χ,P24.1
15.0,Τ20Χ,P24.1
15.0,Τ20Χ,P24.2
15.0,Τ20Χ,P24.2
15.0,Τ20Χ,P24.3
15.0,Τ20Χ,P24.3
15.0,Τ20Χ,P24.8
15.0,Τ20Χ,P24.8
15.0,Τ20Χ,P24.9
15.0,Τ20Χ,P24.9
15.0,Τ20Χ,P25
15.0,Τ20Χ,P25
15.0,Τ20Χ,P25.0
15.0,Τ20Χ,P25.0
15.0,Τ20Χ,P25.1
15.0,Τ20Χ,P25.1
15.0,Τ20Χ,P25.2
15.0,Τ20Χ,P25.2
15.0,Τ20Χ,P25.3
15.0,Τ20Χ,P25.3
15.0,Τ20Χ,P25.8
15.0,Τ20Χ,P25.8
15.0,Τ20Χ,P26
15.0,Τ20Χ,P26
15.0,Τ20Χ,P26.0
15.0,Τ20Χ,P26.0
15.0,Τ20Χ,P26.1
15.0,Τ20Χ,P26.1
15.0,Τ20Χ,P26.8
15.0,Τ20Χ,P26.8
15.0,Τ20Χ,P26.9
15.0,Τ20Χ,P26.9
15.0,Τ20Χ,P27
15.0,Τ20Χ,P27
15.0,Τ20Χ,P27.0
15.0,Τ20Χ,P27.0
15.0,Τ20Χ,P27.8
15.0,Τ20Χ,P27.8
15.0,Τ20Χ,P27.9
15.0,Τ20Χ,P27.9
15.0,Τ20Χ,P28
15.0,Τ20Χ,P28
15.0,Τ20Χ,P28.0
15.0,Τ20Χ,P28.0
15.0,Τ20Χ,P28.1
15.0,Τ20Χ,P28.1
15.0,Τ20Χ,P28.2
15.0,Τ20Χ,P28.2
15.0,Τ20Χ,P28.4
15.0,Τ20Χ,P28.4
15.0,Τ20Χ,P28.5
15.0,Τ20Χ,P28.5
15.0,Τ20Χ,P28.8
15.0,Τ20Χ,P28.8
15.0,Τ20Χ,P28.9
15.0,Τ20Χ,P28.9
15.0,Τ20Χ,P29
15.0,Τ20Χ,P29
15.0,Τ20Χ,P29.0
15.0,Τ20Χ,P29.0
15.0,Τ20Χ,P29.1
15.0,Τ20Χ,P29.1
15.0,Τ20Χ,P29.2
15.0,Τ20Χ,P29.2
15.0,Τ20Χ,P29.3
15.0,Τ20Χ,P29.3
15.0,Τ20Χ,P29.4
15.0,Τ20Χ,P29.4
15.0,Τ20Χ,P29.9
15.0,Τ20Χ,P29.9
15.0,Τ20Χ,P35
15.0,Τ20Χ,P35
15.0,Τ20Χ,P35.0
15.0,Τ20Χ,P35.0
15.0,Τ20Χ,P35.1
15.0,Τ20Χ,P35.1
15.0,Τ20Χ,P35.3
15.0,Τ20Χ,P35.3
15.0,Τ20Χ,P35.8
15.0,Τ20Χ,P35.8
15.0,Τ20Χ,P35.9
15.0,Τ20Χ,P35.9
15.0,Τ20Χ,P36
15.0,Τ20Χ,P36
15.0,Τ20Χ,P36.0
15.0,Τ20Χ,P36.0
15.0,Τ20Χ,P36.1
15.0,Τ20Χ,P36.1
15.0,Τ20Χ,P36.2
15.0,Τ20Χ,P36.2
15.0,Τ20Χ,P36.3
15.0,Τ20Χ,P36.3
15.0,Τ20Χ,P36.4
15.0,Τ20Χ,P36.4
15.0,Τ20Χ,P36.5
15.0,Τ20Χ,P36.5
15.0,Τ20Χ,P36.8
15.0,Τ20Χ,P36.8
15.0,Τ20Χ,P36.9
15.0,Τ20Χ,P36.9
15.0,Τ20Χ,P37
15.0,Τ20Χ,P37
15.0,Τ20Χ,P37.0
15.0,Τ20Χ,P37.0
15.0,Τ20Χ,P37.1
15.0,Τ20Χ,P37.1
15.0,Τ20Χ,P37.2
15.0,Τ20Χ,P37.2
15.0,Τ20Χ,P37.3
15.0,Τ20Χ,P37.3
15.0,Τ20Χ,P37.4
15.0,Τ20Χ,P37.4
15.0,Τ20Χ,P37.5
15.0,Τ20Χ,P37.5
15.0,Τ20Χ,P37.8
15.0,Τ20Χ,P37.8
15.0,Τ20Χ,P37.9
15.0,Τ20Χ,P37.9
15.0,Τ20Χ,P38
15.0,Τ20Χ,P38
15.0,Τ20Χ,P39
15.0,Τ20Χ,P39
15.0,Τ20Χ,P39.0
15.0,Τ20Χ,P39.0
15.0,Τ20Χ,P39.1
15.0,Τ20Χ,P39.1
15.0,Τ20Χ,P39.2
15.0,Τ20Χ,P39.2
15.0,Τ20Χ,P39.4
15.0,Τ20Χ,P39.4
15.0,Τ20Χ,P50
15.0,Τ20Χ,P50
15.0,Τ20Χ,P50.0
15.0,Τ20Χ,P50.0
15.0,Τ20Χ,P50.1
15.0,Τ20Χ,P50.1
15.0,Τ20Χ,P50.2
15.0,Τ20Χ,P50.2
15.0,Τ20Χ,P50.3
15.0,Τ20Χ,P50.3
15.0,Τ20Χ,P50.4
15.0,Τ20Χ,P50.4
15.0,Τ20Χ,P50.5
15.0,Τ20Χ,P50.5
15.0,Τ20Χ,P50.8
15.0,Τ20Χ,P50.8
15.0,Τ20Χ,P50.9
15.0,Τ20Χ,P50.9
15.0,Τ20Χ,P51
15.0,Τ20Χ,P51
15.0,Τ20Χ,P51.0
15.0,Τ20Χ,P51.0
15.0,Τ20Χ,P51.8
15.0,Τ20Χ,P51.8
15.0,Τ20Χ,P51.9
15.0,Τ20Χ,P51.9
15.0,Τ20Χ,P52
15.0,Τ20Χ,P52
15.0,Τ20Χ,P52.0
15.0,Τ20Χ,P52.0
15.0,Τ20Χ,P52.1
15.0,Τ20Χ,P52.1
15.0,Τ20Χ,P52.2
15.0,Τ20Χ,P52.2
15.0,Τ20Χ,P52.3
15.0,Τ20Χ,P52.3
15.0,Τ20Χ,P52.4
15.0,Τ20Χ,P52.4
15.0,Τ20Χ,P52.5
15.0,Τ20Χ,P52.5
15.0,Τ20Χ,P52.6
15.0,Τ20Χ,P52.6
15.0,Τ20Χ,P52.8
15.0,Τ20Χ,P52.8
15.0,Τ20Χ,P52.9
15.0,Τ20Χ,P52.9
15.0,Τ20Χ,P53
15.0,Τ20Χ,P53
15.0,Τ20Χ,P54
15.0,Τ20Χ,P54
15.0,Τ20Χ,P54.0
15.0,Τ20Χ,P54.0
15.0,Τ20Χ,P54.1
15.0,Τ20Χ,P54.1
15.0,Τ20Χ,P54.2
15.0,Τ20Χ,P54.2
15.0,Τ20Χ,P54.3
15.0,Τ20Χ,P54.3
15.0,Τ20Χ,P54.4
15.0,Τ20Χ,P54.4
15.0,Τ20Χ,P54.5
15.0,Τ20Χ,P54.5
15.0,Τ20Χ,P54.6
15.0,Τ20Χ,P54.6
15.0,Τ20Χ,P54.8
15.0,Τ20Χ,P54.8
15.0,Τ20Χ,P54.9
15.0,Τ20Χ,P54.9
15.0,Τ20Χ,P55
15.0,Τ20Χ,P55
15.0,Τ20Χ,P55.1
15.0,Τ20Χ,P55.1
15.0,Τ20Χ,P55.8
15.0,Τ20Χ,P55.8
15.0,Τ20Χ,P55.9
15.0,Τ20Χ,P55.9
15.0,Τ20Χ,P56
15.0,Τ20Χ,P56
15.0,Τ20Χ,P56.0
15.0,Τ20Χ,P56.0
15.0,Τ20Χ,P56.9
15.0,Τ20Χ,P56.9
15.0,Τ20Χ,P57
15.0,Τ20Χ,P57
15.0,Τ20Χ,P57.8
15.0,Τ20Χ,P57.8
15.0,Τ20Χ,P57.9
15.0,Τ20Χ,P57.9
15.0,Τ20Χ,P58
15.0,Τ20Χ,P58
15.0,Τ20Χ,P58.0
15.0,Τ20Χ,P58.0
15.0,Τ20Χ,P58.1
15.0,Τ20Χ,P58.1
15.0,Τ20Χ,P58.2
15.0,Τ20Χ,P58.2
15.0,Τ20Χ,P58.4
15.0,Τ20Χ,P58.4
15.0,Τ20Χ,P58.8
15.0,Τ20Χ,P58.8
15.0,Τ20Χ,P58.9
15.0,Τ20Χ,P58.9
15.0,Τ20Χ,P59
15.0,Τ20Χ,P59
15.0,Τ20Χ,P59.0
15.0,Τ20Χ,P59.0
15.0,Τ20Χ,P59.1
15.0,Τ20Χ,P59.1
15.0,Τ20Χ,P59.2
15.0,Τ20Χ,P59.2
15.0,Τ20Χ,P59.3
15.0,Τ20Χ,P59.3
15.0,Τ20Χ,P59.8
15.0,Τ20Χ,P59.8
15.0,Τ20Χ,P59.9
15.0,Τ20Χ,P59.9
15.0,Τ20Χ,P60
15.0,Τ20Χ,P60
15.0,Τ20Χ,P61
15.0,Τ20Χ,P61
15.0,Τ20Χ,P61.0
15.0,Τ20Χ,P61.0
15.0,Τ20Χ,P61.1
15.0,Τ20Χ,P61.1
15.0,Τ20Χ,P61.2
15.0,Τ20Χ,P61.2
15.0,Τ20Χ,P61.3
15.0,Τ20Χ,P61.3
15.0,Τ20Χ,P61.4
15.0,Τ20Χ,P61.4
15.0,Τ20Χ,P61.5
15.0,Τ20Χ,P61.5
15.0,Τ20Χ,P61.6
15.0,Τ20Χ,P61.6
15.0,Τ20Χ,P61.8
15.0,Τ20Χ,P61.8
15.0,Τ20Χ,P61.9
15.0,Τ20Χ,P61.9
15.0,Τ20Χ,P70
15.0,Τ20Χ,P70
15.0,Τ20Χ,P70.0
15.0,Τ20Χ,P70.0
15.0,Τ20Χ,P70.1
15.0,Τ20Χ,P70.1
15.0,Τ20Χ,P70.2
15.0,Τ20Χ,P70.2
15.0,Τ20Χ,P70.3
15.0,Τ20Χ,P70.3
15.0,Τ20Χ,P70.4
15.0,Τ20Χ,P70.4
15.0,Τ20Χ,P70.8
15.0,Τ20Χ,P70.8
15.0,Τ20Χ,P70.9
15.0,Τ20Χ,P70.9
15.0,Τ20Χ,P71
15.0,Τ20Χ,P71
15.0,Τ20Χ,P71.0
15.0,Τ20Χ,P71.0
15.0,Τ20Χ,P71.1
15.0,Τ20Χ,P71.1
15.0,Τ20Χ,P71.2
15.0,Τ20Χ,P71.2
15.0,Τ20Χ,P71.3
15.0,Τ20Χ,P71.3
15.0,Τ20Χ,P71.4
15.0,Τ20Χ,P71.4
15.0,Τ20Χ,P71.8
15.0,Τ20Χ,P71.8
15.0,Τ20Χ,P71.9
15.0,Τ20Χ,P71.9
15.0,Τ20Χ,P72
15.0,Τ20Χ,P72
15.0,Τ20Χ,P72.0
15.0,Τ20Χ,P72.0
15.0,Τ20Χ,P72.1
15.0,Τ20Χ,P72.1
15.0,Τ20Χ,P72.2
15.0,Τ20Χ,P72.2
15.0,Τ20Χ,P72.8
15.0,Τ20Χ,P72.8
15.0,Τ20Χ,P72.9
15.0,Τ20Χ,P72.9
15.0,Τ20Χ,P74
15.0,Τ20Χ,P74
15.0,Τ20Χ,P74.1
15.0,Τ20Χ,P74.1
15.0,Τ20Χ,P74.2
15.0,Τ20Χ,P74.2
15.0,Τ20Χ,P74.3
15.0,Τ20Χ,P74.3
15.0,Τ20Χ,P74.4
15.0,Τ20Χ,P74.4
15.0,Τ20Χ,P74.5
15.0,Τ20Χ,P74.5
15.0,Τ20Χ,P74.8
15.0,Τ20Χ,P74.8
15.0,Τ20Χ,P74.9
15.0,Τ20Χ,P74.9
15.0,Τ20Χ,P75*
15.0,Τ20Χ,P75*
15.0,Τ20Χ,P76
15.0,Τ20Χ,P76
15.0,Τ20Χ,P76.0
15.0,Τ20Χ,P76.0
15.0,Τ20Χ,P76.1
15.0,Τ20Χ,P76.1
15.0,Τ20Χ,P77
15.0,Τ20Χ,P77
15.0,Τ20Χ,P78
15.0,Τ20Χ,P78
15.0,Τ20Χ,P78.2
15.0,Τ20Χ,P78.2
15.0,Τ20Χ,P78.3
15.0,Τ20Χ,P78.3
15.0,Τ20Χ,P78.8
15.0,Τ20Χ,P78.8
15.0,Τ20Χ,P78.9
15.0,Τ20Χ,P78.9
15.0,Τ20Χ,P80
15.0,Τ20Χ,P80
15.0,Τ20Χ,P81
15.0,Τ20Χ,P81
15.0,Τ20Χ,P81.0
15.0,Τ20Χ,P81.0
15.0,Τ20Χ,P81.8
15.0,Τ20Χ,P81.8
15.0,Τ20Χ,P81.9
15.0,Τ20Χ,P81.9
15.0,Τ20Χ,P82
15.0,Τ20Χ,P82
15.0,Τ20Χ,P83
15.0,Τ20Χ,P83
15.0,Τ20Χ,P83.0
15.0,Τ20Χ,P83.0
15.0,Τ20Χ,P83.1
15.0,Τ20Χ,P83.1
15.0,Τ20Χ,P83.2
15.0,Τ20Χ,P83.2
15.0,Τ20Χ,P83.3
15.0,Τ20Χ,P83.3
15.0,Τ20Χ,P83.4
15.0,Τ20Χ,P83.4
15.0,Τ20Χ,P83.5
15.0,Τ20Χ,P83.5
15.0,Τ20Χ,P83.6
15.0,Τ20Χ,P83.6
15.0,Τ20Χ,P83.8
15.0,Τ20Χ,P83.8
15.0,Τ20Χ,P83.9
15.0,Τ20Χ,P83.9
15.0,Τ20Χ,P84
15.0,Τ20Χ,P84
15.0,Τ20Χ,P85
15.0,Τ20Χ,P85
15.0,Τ20Χ,P90
15.0,Τ20Χ,P90
15.0,Τ20Χ,P91
15.0,Τ20Χ,P91
15.0,Τ20Χ,P91.0
15.0,Τ20Χ,P91.0
15.0,Τ20Χ,P91.1
15.0,Τ20Χ,P91.1
15.0,Τ20Χ,P91.2
15.0,Τ20Χ,P91.2
15.0,Τ20Χ,P91.3
15.0,Τ20Χ,P91.3
15.0,Τ20Χ,P91.4
15.0,Τ20Χ,P91.4
15.0,Τ20Χ,P91.5
15.0,Τ20Χ,P91.5
15.0,Τ20Χ,P91.8
15.0,Τ20Χ,P91.8
15.0,Τ20Χ,P91.9
15.0,Τ20Χ,P91.9
15.0,Τ20Χ,P92
15.0,Τ20Χ,P92
15.0,Τ20Χ,P92.0
15.0,Τ20Χ,P92.0
15.0,Τ20Χ,P92.2
15.0,Τ20Χ,P92.2
15.0,Τ20Χ,P92.3
15.0,Τ20Χ,P92.3
15.0,Τ20Χ,P92.4
15.0,Τ20Χ,P92.4
15.0,Τ20Χ,P92.8
15.0,Τ20Χ,P92.8
15.0,Τ20Χ,P92.9
15.0,Τ20Χ,P92.9
15.0,Τ20Χ,P93
15.0,Τ20Χ,P93
15.0,Τ20Χ,P94
15.0,Τ20Χ,P94
15.0,Τ20Χ,P94.0
15.0,Τ20Χ,P94.0
15.0,Τ20Χ,P94.1
15.0,Τ20Χ,P94.1
15.0,Τ20Χ,P94.2
15.0,Τ20Χ,P94.2
15.0,Τ20Χ,P94.8
15.0,Τ20Χ,P94.8
15.0,Τ20Χ,P94.9
15.0,Τ20Χ,P94.9
15.0,Τ20Χ,P95
15.0,Τ20Χ,P95
15.0,Τ20Χ,P96.0
15.0,Τ20Χ,P96.0
15.0,Τ20Χ,P96.1
15.0,Τ20Χ,P96.1
15.0,Τ20Χ,P96.2
15.0,Τ20Χ,P96.2
15.0,Τ20Χ,Q00
15.0,Τ20Χ,Q00
15.0,Τ20Χ,Q00.0
15.0,Τ20Χ,Q00.0
15.0,Τ20Χ,Q00.1
15.0,Τ20Χ,Q00.1
15.0,Τ20Χ,Q00.2
15.0,Τ20Χ,Q00.2
15.0,Τ20Χ,Q02
15.0,Τ20Χ,Q02
15.0,Τ20Χ,Q04
15.0,Τ20Χ,Q04
15.0,Τ20Χ,Q04.0
15.0,Τ20Χ,Q04.0
15.0,Τ20Χ,Q04.1
15.0,Τ20Χ,Q04.1
15.0,Τ20Χ,Q04.2
15.0,Τ20Χ,Q04.2
15.0,Τ20Χ,Q04.3
15.0,Τ20Χ,Q04.3
15.0,Τ20Χ,Q04.4
15.0,Τ20Χ,Q04.4
15.0,Τ20Χ,Q04.5
15.0,Τ20Χ,Q04.5
15.0,Τ20Χ,Q04.6
15.0,Τ20Χ,Q04.6
15.0,Τ20Χ,Q04.8
15.0,Τ20Χ,Q04.8
15.0,Τ20Χ,Q04.9
15.0,Τ20Χ,Q04.9
15.0,Τ20Χ,Q05
15.0,Τ20Χ,Q05
15.0,Τ20Χ,Q06
15.0,Τ20Χ,Q06
15.0,Τ20Χ,Q06.1
15.0,Τ20Χ,Q06.1
15.0,Τ20Χ,Q06.2
15.0,Τ20Χ,Q06.2
15.0,Τ20Χ,Q06.3
15.0,Τ20Χ,Q06.3
15.0,Τ20Χ,Q06.4
15.0,Τ20Χ,Q06.4
15.0,Τ20Χ,Q06.9
15.0,Τ20Χ,Q06.9
15.0,Τ20Χ,Q07
15.0,Τ20Χ,Q07
15.0,Τ20Χ,Q07.0
15.0,Τ20Χ,Q07.0
15.0,Τ20Χ,Q07.8
15.0,Τ20Χ,Q07.8
15.0,Τ20Χ,Q07.9
15.0,Τ20Χ,Q07.9
15.0,Τ20Χ,Q10
15.0,Τ20Χ,Q10
15.0,Τ20Χ,Q10.0
15.0,Τ20Χ,Q10.0
15.0,Τ20Χ,Q10.1
15.0,Τ20Χ,Q10.1
15.0,Τ20Χ,Q10.2
15.0,Τ20Χ,Q10.2
15.0,Τ20Χ,Q10.4
15.0,Τ20Χ,Q10.4
15.0,Τ20Χ,Q10.5
15.0,Τ20Χ,Q10.5
15.0,Τ20Χ,Q10.6
15.0,Τ20Χ,Q10.6
15.0,Τ20Χ,Q10.7
15.0,Τ20Χ,Q10.7
15.0,Τ20Χ,Q11
15.0,Τ20Χ,Q11
15.0,Τ20Χ,Q11.0
15.0,Τ20Χ,Q11.0
15.0,Τ20Χ,Q11.1
15.0,Τ20Χ,Q11.1
15.0,Τ20Χ,Q11.2
15.0,Τ20Χ,Q11.2
15.0,Τ20Χ,Q11.3
15.0,Τ20Χ,Q11.3
15.0,Τ20Χ,Q12
15.0,Τ20Χ,Q12
15.0,Τ20Χ,Q12.0
15.0,Τ20Χ,Q12.0
15.0,Τ20Χ,Q12.1
15.0,Τ20Χ,Q12.1
15.0,Τ20Χ,Q12.2
15.0,Τ20Χ,Q12.2
15.0,Τ20Χ,Q12.3
15.0,Τ20Χ,Q12.3
15.0,Τ20Χ,Q12.4
15.0,Τ20Χ,Q12.4
15.0,Τ20Χ,Q12.8
15.0,Τ20Χ,Q12.8
15.0,Τ20Χ,Q12.9
15.0,Τ20Χ,Q12.9
15.0,Τ20Χ,Q13
15.0,Τ20Χ,Q13
15.0,Τ20Χ,Q13.0
15.0,Τ20Χ,Q13.0
15.0,Τ20Χ,Q13.1
15.0,Τ20Χ,Q13.1
15.0,Τ20Χ,Q13.2
15.0,Τ20Χ,Q13.2
15.0,Τ20Χ,Q13.3
15.0,Τ20Χ,Q13.3
15.0,Τ20Χ,Q13.4
15.0,Τ20Χ,Q13.4
15.0,Τ20Χ,Q13.5
15.0,Τ20Χ,Q13.5
15.0,Τ20Χ,Q13.8
15.0,Τ20Χ,Q13.8
15.0,Τ20Χ,Q13.9
15.0,Τ20Χ,Q13.9
15.0,Τ20Χ,Q14.0
15.0,Τ20Χ,Q14.0
15.0,Τ20Χ,Q14.1
15.0,Τ20Χ,Q14.1
15.0,Τ20Χ,Q14.2
15.0,Τ20Χ,Q14.2
15.0,Τ20Χ,Q14.3
15.0,Τ20Χ,Q14.3
15.0,Τ20Χ,Q14.8
15.0,Τ20Χ,Q14.8
15.0,Τ20Χ,Q14.9
15.0,Τ20Χ,Q14.9
15.0,Τ20Χ,Q15
15.0,Τ20Χ,Q15
15.0,Τ20Χ,Q15.0
15.0,Τ20Χ,Q15.0
15.0,Τ20Χ,Q15.8
15.0,Τ20Χ,Q15.8
15.0,Τ20Χ,Q15.9
15.0,Τ20Χ,Q15.9
15.0,Τ20Χ,Q16
15.0,Τ20Χ,Q16
15.0,Τ20Χ,Q16.0
15.0,Τ20Χ,Q16.0
15.0,Τ20Χ,Q16.1
15.0,Τ20Χ,Q16.1
15.0,Τ20Χ,Q16.2
15.0,Τ20Χ,Q16.2
15.0,Τ20Χ,Q16.3
15.0,Τ20Χ,Q16.3
15.0,Τ20Χ,Q16.4
15.0,Τ20Χ,Q16.4
15.0,Τ20Χ,Q16.5
15.0,Τ20Χ,Q16.5
15.0,Τ20Χ,Q16.9
15.0,Τ20Χ,Q16.9
15.0,Τ20Χ,Q17
15.0,Τ20Χ,Q17
15.0,Τ20Χ,Q17.0
15.0,Τ20Χ,Q17.0
15.0,Τ20Χ,Q17.1
15.0,Τ20Χ,Q17.1
15.0,Τ20Χ,Q17.2
15.0,Τ20Χ,Q17.2
15.0,Τ20Χ,Q17.3
15.0,Τ20Χ,Q17.3
15.0,Τ20Χ,Q17.4
15.0,Τ20Χ,Q17.4
15.0,Τ20Χ,Q17.5
15.0,Τ20Χ,Q17.5
15.0,Τ20Χ,Q17.8
15.0,Τ20Χ,Q17.8
15.0,Τ20Χ,Q17.9
15.0,Τ20Χ,Q17.9
15.0,Τ20Χ,Q18
15.0,Τ20Χ,Q18
15.0,Τ20Χ,Q18.0
15.0,Τ20Χ,Q18.0
15.0,Τ20Χ,Q18.1
15.0,Τ20Χ,Q18.1
15.0,Τ20Χ,Q18.2
15.0,Τ20Χ,Q18.2
15.0,Τ20Χ,Q18.3
15.0,Τ20Χ,Q18.3
15.0,Τ20Χ,Q18.4
15.0,Τ20Χ,Q18.4
15.0,Τ20Χ,Q18.5
15.0,Τ20Χ,Q18.5
15.0,Τ20Χ,Q18.6
15.0,Τ20Χ,Q18.6
15.0,Τ20Χ,Q18.7
15.0,Τ20Χ,Q18.7
15.0,Τ20Χ,Q18.8
15.0,Τ20Χ,Q18.8
15.0,Τ20Χ,Q18.9
15.0,Τ20Χ,Q18.9
15.0,Τ20Χ,Q20
15.0,Τ20Χ,Q20
15.0,Τ20Χ,Q20.0
15.0,Τ20Χ,Q20.0
15.0,Τ20Χ,Q20.1
15.0,Τ20Χ,Q20.1
15.0,Τ20Χ,Q20.2
15.0,Τ20Χ,Q20.2
15.0,Τ20Χ,Q20.3
15.0,Τ20Χ,Q20.3
15.0,Τ20Χ,Q20.4
15.0,Τ20Χ,Q20.4
15.0,Τ20Χ,Q20.5
15.0,Τ20Χ,Q20.5
15.0,Τ20Χ,Q20.6
15.0,Τ20Χ,Q20.6
15.0,Τ20Χ,Q20.8
15.0,Τ20Χ,Q20.8
15.0,Τ20Χ,Q20.9
15.0,Τ20Χ,Q20.9
15.0,Τ20Χ,Q21
15.0,Τ20Χ,Q21
15.0,Τ20Χ,Q21.0
15.0,Τ20Χ,Q21.0
15.0,Τ20Χ,Q21.1
15.0,Τ20Χ,Q21.1
15.0,Τ20Χ,Q21.2
15.0,Τ20Χ,Q21.2
15.0,Τ20Χ,Q21.3
15.0,Τ20Χ,Q21.3
15.0,Τ20Χ,Q21.4
15.0,Τ20Χ,Q21.4
15.0,Τ20Χ,Q21.8
15.0,Τ20Χ,Q21.8
15.0,Τ20Χ,Q21.9
15.0,Τ20Χ,Q21.9
15.0,Τ20Χ,Q22
15.0,Τ20Χ,Q22
15.0,Τ20Χ,Q22.0
15.0,Τ20Χ,Q22.0
15.0,Τ20Χ,Q22.1
15.0,Τ20Χ,Q22.1
15.0,Τ20Χ,Q22.2
15.0,Τ20Χ,Q22.2
15.0,Τ20Χ,Q22.3
15.0,Τ20Χ,Q22.3
15.0,Τ20Χ,Q22.4
15.0,Τ20Χ,Q22.4
15.0,Τ20Χ,Q22.5
15.0,Τ20Χ,Q22.5
15.0,Τ20Χ,Q22.6
15.0,Τ20Χ,Q22.6
15.0,Τ20Χ,Q22.8
15.0,Τ20Χ,Q22.8
15.0,Τ20Χ,Q22.9
15.0,Τ20Χ,Q22.9
15.0,Τ20Χ,Q23
15.0,Τ20Χ,Q23
15.0,Τ20Χ,Q23.0
15.0,Τ20Χ,Q23.0
15.0,Τ20Χ,Q23.1
15.0,Τ20Χ,Q23.1
15.0,Τ20Χ,Q23.2
15.0,Τ20Χ,Q23.2
15.0,Τ20Χ,Q23.3
15.0,Τ20Χ,Q23.3
15.0,Τ20Χ,Q23.4
15.0,Τ20Χ,Q23.4
15.0,Τ20Χ,Q23.8
15.0,Τ20Χ,Q23.8
15.0,Τ20Χ,Q23.9
15.0,Τ20Χ,Q23.9
15.0,Τ20Χ,Q24
15.0,Τ20Χ,Q24
15.0,Τ20Χ,Q24.0
15.0,Τ20Χ,Q24.0
15.0,Τ20Χ,Q24.1
15.0,Τ20Χ,Q24.1
15.0,Τ20Χ,Q24.2
15.0,Τ20Χ,Q24.2
15.0,Τ20Χ,Q24.3
15.0,Τ20Χ,Q24.3
15.0,Τ20Χ,Q24.4
15.0,Τ20Χ,Q24.4
15.0,Τ20Χ,Q24.5
15.0,Τ20Χ,Q24.5
15.0,Τ20Χ,Q24.6
15.0,Τ20Χ,Q24.6
15.0,Τ20Χ,Q24.8
15.0,Τ20Χ,Q24.8
15.0,Τ20Χ,Q24.9
15.0,Τ20Χ,Q24.9
15.0,Τ20Χ,Q25
15.0,Τ20Χ,Q25
15.0,Τ20Χ,Q25.0
15.0,Τ20Χ,Q25.0
15.0,Τ20Χ,Q25.1
15.0,Τ20Χ,Q25.1
15.0,Τ20Χ,Q25.2
15.0,Τ20Χ,Q25.2
15.0,Τ20Χ,Q25.3
15.0,Τ20Χ,Q25.3
15.0,Τ20Χ,Q25.5
15.0,Τ20Χ,Q25.5
15.0,Τ20Χ,Q25.6
15.0,Τ20Χ,Q25.6
15.0,Τ20Χ,Q25.8
15.0,Τ20Χ,Q25.8
15.0,Τ20Χ,Q25.9
15.0,Τ20Χ,Q25.9
15.0,Τ20Χ,Q26
15.0,Τ20Χ,Q26
15.0,Τ20Χ,Q26.0
15.0,Τ20Χ,Q26.0
15.0,Τ20Χ,Q26.1
15.0,Τ20Χ,Q26.1
15.0,Τ20Χ,Q26.2
15.0,Τ20Χ,Q26.2
15.0,Τ20Χ,Q26.3
15.0,Τ20Χ,Q26.3
15.0,Τ20Χ,Q26.4
15.0,Τ20Χ,Q26.4
15.0,Τ20Χ,Q26.5
15.0,Τ20Χ,Q26.5
15.0,Τ20Χ,Q26.6
15.0,Τ20Χ,Q26.6
15.0,Τ20Χ,Q26.8
15.0,Τ20Χ,Q26.8
15.0,Τ20Χ,Q26.9
15.0,Τ20Χ,Q26.9
15.0,Τ20Χ,Q27
15.0,Τ20Χ,Q27
15.0,Τ20Χ,Q27.0
15.0,Τ20Χ,Q27.0
15.0,Τ20Χ,Q27.1
15.0,Τ20Χ,Q27.1
15.0,Τ20Χ,Q27.2
15.0,Τ20Χ,Q27.2
15.0,Τ20Χ,Q27.3
15.0,Τ20Χ,Q27.3
15.0,Τ20Χ,Q27.4
15.0,Τ20Χ,Q27.4
15.0,Τ20Χ,Q27.9
15.0,Τ20Χ,Q27.9
15.0,Τ20Χ,Q28
15.0,Τ20Χ,Q28
15.0,Τ20Χ,Q28.0
15.0,Τ20Χ,Q28.0
15.0,Τ20Χ,Q28.1
15.0,Τ20Χ,Q28.1
15.0,Τ20Χ,Q28.2
15.0,Τ20Χ,Q28.2
15.0,Τ20Χ,Q28.3
15.0,Τ20Χ,Q28.3
15.0,Τ20Χ,Q28.8
15.0,Τ20Χ,Q28.8
15.0,Τ20Χ,Q28.9
15.0,Τ20Χ,Q28.9
15.0,Τ20Χ,Q30
15.0,Τ20Χ,Q30
15.0,Τ20Χ,Q30.0
15.0,Τ20Χ,Q30.0
15.0,Τ20Χ,Q30.1
15.0,Τ20Χ,Q30.1
15.0,Τ20Χ,Q30.2
15.0,Τ20Χ,Q30.2
15.0,Τ20Χ,Q30.3
15.0,Τ20Χ,Q30.3
15.0,Τ20Χ,Q30.8
15.0,Τ20Χ,Q30.8
15.0,Τ20Χ,Q30.9
15.0,Τ20Χ,Q30.9
15.0,Τ20Χ,Q31
15.0,Τ20Χ,Q31
15.0,Τ20Χ,Q31.0
15.0,Τ20Χ,Q31.0
15.0,Τ20Χ,Q31.1
15.0,Τ20Χ,Q31.1
15.0,Τ20Χ,Q31.2
15.0,Τ20Χ,Q31.2
15.0,Τ20Χ,Q31.3
15.0,Τ20Χ,Q31.3
15.0,Τ20Χ,Q31.4
15.0,Τ20Χ,Q31.4
15.0,Τ20Χ,Q31.9
15.0,Τ20Χ,Q31.9
15.0,Τ20Χ,Q32
15.0,Τ20Χ,Q32
15.0,Τ20Χ,Q32.0
15.0,Τ20Χ,Q32.0
15.0,Τ20Χ,Q32.1
15.0,Τ20Χ,Q32.1
15.0,Τ20Χ,Q32.2
15.0,Τ20Χ,Q32.2
15.0,Τ20Χ,Q32.3
15.0,Τ20Χ,Q32.3
15.0,Τ20Χ,Q32.4
15.0,Τ20Χ,Q32.4
15.0,Τ20Χ,Q33
15.0,Τ20Χ,Q33
15.0,Τ20Χ,Q33.0
15.0,Τ20Χ,Q33.0
15.0,Τ20Χ,Q33.1
15.0,Τ20Χ,Q33.1
15.0,Τ20Χ,Q33.2
15.0,Τ20Χ,Q33.2
15.0,Τ20Χ,Q33.3
15.0,Τ20Χ,Q33.3
15.0,Τ20Χ,Q33.4
15.0,Τ20Χ,Q33.4
15.0,Τ20Χ,Q33.5
15.0,Τ20Χ,Q33.5
15.0,Τ20Χ,Q33.6
15.0,Τ20Χ,Q33.6
15.0,Τ20Χ,Q33.8
15.0,Τ20Χ,Q33.8
15.0,Τ20Χ,Q33.9
15.0,Τ20Χ,Q33.9
15.0,Τ20Χ,Q34
15.0,Τ20Χ,Q34
15.0,Τ20Χ,Q34.0
15.0,Τ20Χ,Q34.0
15.0,Τ20Χ,Q34.9
15.0,Τ20Χ,Q34.9
15.0,Τ20Χ,Q35
15.0,Τ20Χ,Q35
15.0,Τ20Χ,Q35.0
15.0,Τ20Χ,Q35.0
15.0,Τ20Χ,Q35.1
15.0,Τ20Χ,Q35.1
15.0,Τ20Χ,Q35.2
15.0,Τ20Χ,Q35.2
15.0,Τ20Χ,Q35.3
15.0,Τ20Χ,Q35.3
15.0,Τ20Χ,Q35.4
15.0,Τ20Χ,Q35.4
15.0,Τ20Χ,Q35.5
15.0,Τ20Χ,Q35.5
15.0,Τ20Χ,Q35.6
15.0,Τ20Χ,Q35.6
15.0,Τ20Χ,Q35.7
15.0,Τ20Χ,Q35.7
15.0,Τ20Χ,Q35.8
15.0,Τ20Χ,Q35.8
15.0,Τ20Χ,Q35.9
15.0,Τ20Χ,Q35.9
15.0,Τ20Χ,Q36
15.0,Τ20Χ,Q36
15.0,Τ20Χ,Q36.0
15.0,Τ20Χ,Q36.0
15.0,Τ20Χ,Q36.1
15.0,Τ20Χ,Q36.1
15.0,Τ20Χ,Q36.9
15.0,Τ20Χ,Q36.9
15.0,Τ20Χ,Q37
15.0,Τ20Χ,Q37
15.0,Τ20Χ,Q37.0
15.0,Τ20Χ,Q37.0
15.0,Τ20Χ,Q37.1
15.0,Τ20Χ,Q37.1
15.0,Τ20Χ,Q37.2
15.0,Τ20Χ,Q37.2
15.0,Τ20Χ,Q37.3
15.0,Τ20Χ,Q37.3
15.0,Τ20Χ,Q37.4
15.0,Τ20Χ,Q37.4
15.0,Τ20Χ,Q37.5
15.0,Τ20Χ,Q37.5
15.0,Τ20Χ,Q37.8
15.0,Τ20Χ,Q37.8
15.0,Τ20Χ,Q37.9
15.0,Τ20Χ,Q37.9
15.0,Τ20Χ,Q38
15.0,Τ20Χ,Q38
15.0,Τ20Χ,Q38.0
15.0,Τ20Χ,Q38.0
15.0,Τ20Χ,Q38.1
15.0,Τ20Χ,Q38.1
15.0,Τ20Χ,Q38.2
15.0,Τ20Χ,Q38.2
15.0,Τ20Χ,Q38.3
15.0,Τ20Χ,Q38.3
15.0,Τ20Χ,Q38.4
15.0,Τ20Χ,Q38.4
15.0,Τ20Χ,Q38.5
15.0,Τ20Χ,Q38.5
15.0,Τ20Χ,Q38.6
15.0,Τ20Χ,Q38.6
15.0,Τ20Χ,Q38.7
15.0,Τ20Χ,Q38.7
15.0,Τ20Χ,Q38.8
15.0,Τ20Χ,Q38.8
15.0,Τ20Χ,Q39
15.0,Τ20Χ,Q39
15.0,Τ20Χ,Q40
15.0,Τ20Χ,Q40
15.0,Τ20Χ,Q40.3
15.0,Τ20Χ,Q40.3
15.0,Τ20Χ,Q43.2
15.0,Τ20Χ,Q43.2
15.0,Τ20Χ,Q43.5
15.0,Τ20Χ,Q43.5
15.0,Τ20Χ,Q43.6
15.0,Τ20Χ,Q43.6
15.0,Τ20Χ,Q43.9
15.0,Τ20Χ,Q43.9
15.0,Τ20Χ,Q44
15.0,Τ20Χ,Q44
15.0,Τ20Χ,Q45.0
15.0,Τ20Χ,Q45.0
15.0,Τ20Χ,Q45.3
15.0,Τ20Χ,Q45.3
15.0,Τ20Χ,Q50
15.0,Τ20Χ,Q50
15.0,Τ20Χ,Q51
15.0,Τ20Χ,Q51
15.0,Τ20Χ,Q52
15.0,Τ20Χ,Q52
15.0,Τ20Χ,Q52.0
15.0,Τ20Χ,Q52.0
15.0,Τ20Χ,Q52.1
15.0,Τ20Χ,Q52.1
15.0,Τ20Χ,Q52.3
15.0,Τ20Χ,Q52.3
15.0,Τ20Χ,Q52.6
15.0,Τ20Χ,Q52.6
15.0,Τ20Χ,Q52.7
15.0,Τ20Χ,Q52.7
15.0,Τ20Χ,Q52.9
15.0,Τ20Χ,Q52.9
15.0,Τ20Χ,Q53
15.0,Τ20Χ,Q53
15.0,Τ20Χ,Q53.0
15.0,Τ20Χ,Q53.0
15.0,Τ20Χ,Q54
15.0,Τ20Χ,Q54
15.0,Τ20Χ,Q56
15.0,Τ20Χ,Q56
15.0,Τ20Χ,Q56.0
15.0,Τ20Χ,Q56.0
15.0,Τ20Χ,Q56.1
15.0,Τ20Χ,Q56.1
15.0,Τ20Χ,Q56.2
15.0,Τ20Χ,Q56.2
15.0,Τ20Χ,Q56.3
15.0,Τ20Χ,Q56.3
15.0,Τ20Χ,Q56.4
15.0,Τ20Χ,Q56.4
15.0,Τ20Χ,Q60
15.0,Τ20Χ,Q60
15.0,Τ20Χ,Q60.0
15.0,Τ20Χ,Q60.0
15.0,Τ20Χ,Q60.1
15.0,Τ20Χ,Q60.1
15.0,Τ20Χ,Q60.2
15.0,Τ20Χ,Q60.2
15.0,Τ20Χ,Q60.3
15.0,Τ20Χ,Q60.3
15.0,Τ20Χ,Q60.4
15.0,Τ20Χ,Q60.4
15.0,Τ20Χ,Q60.5
15.0,Τ20Χ,Q60.5
15.0,Τ20Χ,Q60.6
15.0,Τ20Χ,Q60.6
15.0,Τ20Χ,Q61
15.0,Τ20Χ,Q61
15.0,Τ20Χ,Q61.0
15.0,Τ20Χ,Q61.0
15.0,Τ20Χ,Q61.1
15.0,Τ20Χ,Q61.1
15.0,Τ20Χ,Q61.2
15.0,Τ20Χ,Q61.2
15.0,Τ20Χ,Q61.3
15.0,Τ20Χ,Q61.3
15.0,Τ20Χ,Q61.4
15.0,Τ20Χ,Q61.4
15.0,Τ20Χ,Q61.5
15.0,Τ20Χ,Q61.5
15.0,Τ20Χ,Q61.8
15.0,Τ20Χ,Q61.8
15.0,Τ20Χ,Q61.9
15.0,Τ20Χ,Q61.9
15.0,Τ20Χ,Q62
15.0,Τ20Χ,Q62
15.0,Τ20Χ,Q62.0
15.0,Τ20Χ,Q62.0
15.0,Τ20Χ,Q62.1
15.0,Τ20Χ,Q62.1
15.0,Τ20Χ,Q62.2
15.0,Τ20Χ,Q62.2
15.0,Τ20Χ,Q62.3
15.0,Τ20Χ,Q62.3
15.0,Τ20Χ,Q62.4
15.0,Τ20Χ,Q62.4
15.0,Τ20Χ,Q62.5
15.0,Τ20Χ,Q62.5
15.0,Τ20Χ,Q62.6
15.0,Τ20Χ,Q62.6
15.0,Τ20Χ,Q62.7
15.0,Τ20Χ,Q62.7
15.0,Τ20Χ,Q62.8
15.0,Τ20Χ,Q62.8
15.0,Τ20Χ,Q63
15.0,Τ20Χ,Q63
15.0,Τ20Χ,Q63.0
15.0,Τ20Χ,Q63.0
15.0,Τ20Χ,Q63.1
15.0,Τ20Χ,Q63.1
15.0,Τ20Χ,Q63.2
15.0,Τ20Χ,Q63.2
15.0,Τ20Χ,Q63.3
15.0,Τ20Χ,Q63.3
15.0,Τ20Χ,Q63.8
15.0,Τ20Χ,Q63.8
15.0,Τ20Χ,Q63.9
15.0,Τ20Χ,Q63.9
15.0,Τ20Χ,Q64
15.0,Τ20Χ,Q64
15.0,Τ20Χ,Q64.0
15.0,Τ20Χ,Q64.0
15.0,Τ20Χ,Q64.6
15.0,Τ20Χ,Q64.6
15.0,Τ20Χ,Q64.8
15.0,Τ20Χ,Q64.8
15.0,Τ20Χ,Q64.9
15.0,Τ20Χ,Q64.9
15.0,Τ20Χ,Q65
15.0,Τ20Χ,Q65
15.0,Τ20Χ,Q65.0
15.0,Τ20Χ,Q65.0
15.0,Τ20Χ,Q65.1
15.0,Τ20Χ,Q65.1
15.0,Τ20Χ,Q65.2
15.0,Τ20Χ,Q65.2
15.0,Τ20Χ,Q65.9
15.0,Τ20Χ,Q65.9
15.0,Τ20Χ,Q66
15.0,Τ20Χ,Q66
15.0,Τ20Χ,Q66.0
15.0,Τ20Χ,Q66.0
15.0,Τ20Χ,Q66.1
15.0,Τ20Χ,Q66.1
15.0,Τ20Χ,Q66.2
15.0,Τ20Χ,Q66.2
15.0,Τ20Χ,Q66.3
15.0,Τ20Χ,Q66.3
15.0,Τ20Χ,Q66.6
15.0,Τ20Χ,Q66.6
15.0,Τ20Χ,Q66.8
15.0,Τ20Χ,Q66.8
15.0,Τ20Χ,Q66.9
15.0,Τ20Χ,Q66.9
15.0,Τ20Χ,Q67
15.0,Τ20Χ,Q67
15.0,Τ20Χ,Q67.5
15.0,Τ20Χ,Q67.5
15.0,Τ20Χ,Q67.8
15.0,Τ20Χ,Q67.8
15.0,Τ20Χ,Q68
15.0,Τ20Χ,Q68
15.0,Τ20Χ,Q69
15.0,Τ20Χ,Q69
15.0,Τ20Χ,Q69.0
15.0,Τ20Χ,Q69.0
15.0,Τ20Χ,Q69.2
15.0,Τ20Χ,Q69.2
15.0,Τ20Χ,Q71
15.0,Τ20Χ,Q71
15.0,Τ20Χ,Q72
15.0,Τ20Χ,Q72
15.0,Τ20Χ,Q73.0
15.0,Τ20Χ,Q73.0
15.0,Τ20Χ,Q73.1
15.0,Τ20Χ,Q73.1
15.0,Τ20Χ,Q74.3
15.0,Τ20Χ,Q74.3
15.0,Τ20Χ,Q75.3
15.0,Τ20Χ,Q75.3
15.0,Τ20Χ,Q76.0
15.0,Τ20Χ,Q76.0
15.0,Τ20Χ,Q77.0
15.0,Τ20Χ,Q77.0
15.0,Τ20Χ,Q77.1
15.0,Τ20Χ,Q77.1
15.0,Τ20Χ,Q77.4
15.0,Τ20Χ,Q77.4
15.0,Τ20Χ,Q78.0
15.0,Τ20Χ,Q78.0
15.0,Τ20Χ,Q78.9
15.0,Τ20Χ,Q78.9
15.0,Τ20Χ,Q80
15.0,Τ20Χ,Q80
15.0,Τ20Χ,Q81
15.0,Τ20Χ,Q81
15.0,Τ20Χ,Q82.0
15.0,Τ20Χ,Q82.0
15.0,Τ20Χ,Q82.2
15.0,Τ20Χ,Q82.2
15.0,Τ20Χ,Q82.3
15.0,Τ20Χ,Q82.3
15.0,Τ20Χ,Q82.4
15.0,Τ20Χ,Q82.4
15.0,Τ20Χ,Q82.5
15.0,Τ20Χ,Q82.5
15.0,Τ20Χ,Q82.9
15.0,Τ20Χ,Q82.9
15.0,Τ20Χ,Q85.0
15.0,Τ20Χ,Q85.0
15.0,Τ20Χ,Q85.1
15.0,Τ20Χ,Q85.1
15.0,Τ20Χ,Q86.0
15.0,Τ20Χ,Q86.0
15.0,Τ20Χ,Q87.2
15.0,Τ20Χ,Q87.2
15.0,Τ20Χ,Q87.3
15.0,Τ20Χ,Q87.3
15.0,Τ20Χ,Q87.4
15.0,Τ20Χ,Q87.4
15.0,Τ20Χ,Q89.2
15.0,Τ20Χ,Q89.2
15.0,Τ20Χ,Q89.3
15.0,Τ20Χ,Q89.3
15.0,Τ20Χ,Q90
15.0,Τ20Χ,Q90
15.0,Τ20Χ,Q91
15.0,Τ20Χ,Q91
15.0,Τ20Χ,Q96
15.0,Τ20Χ,Q96
15.0,Τ20Χ,Q99.9
15.0,Τ20Χ,Q99.9
15.0,Τ20Χ,P27.1
15.0,Τ20Χ,P28.3
15.0,Τ20Χ,P74.0
15.0,Τ25Μα,P20
15.0,Τ25Μα,P21
15.0,Τ25Μα,P24.0
15.0,Τ25Μα,P25.1
15.0,Τ25Μα,P25.2
15.0,Τ25Μα,P25.3
15.0,Τ25Μα,P26
15.0,Τ25Μα,P27.0
15.0,Τ25Μα,P28.0
15.0,Τ25Μα,P22.0
15.0,Τ25Μα,P28.5
15.0,Τ25Μα,P29.0
15.0,Τ25Μα,P52.2
15.0,Τ25Μα,P57
15.0,Τ25Μα,P60
15.0,Τ25Μα,P80.0
15.0,Τ25Μα,P77
15.0,Τ25Μα,P91.5
15.0,Τ25Μα,P94.0
15.0,Τ25Μα,P96.0
15.0,Τ25Μα,Q00
15.0,Τ25Μα,Q20
15.0,Τ25Μα,Q20.0
15.0,Τ25Μα,Q20.4
15.0,Τ25Μα,Q20.9
15.0,Τ25Μα,Q21.3
15.0,Τ25Μα,Q21.4
15.0,Τ25Μα,Q21.8
15.0,Τ25Μα,Q22.0
15.0,Τ25Μα,Q22.4
15.0,Τ25Μα,Q22.6
15.0,Τ25Μα,Q23.0
15.0,Τ25Μα,Q23.4
15.0,Τ25Μα,Q24.4
15.0,Τ25Μα,Q24.6
15.0,Τ25Μα,Q25.2
15.0,Τ25Μα,Q25.3
15.0,Τ25Μα,Q25.5
15.0,Τ25Μα,Q26.2
15.0,Τ25Μα,Q25.9
15.0,Τ25Μα,Q33.3
15.0,Τ25Μα,Q33.6
15.0,Τ25Μα,Q45.0
15.0,Τ25Μα,Q60.1
15.0,Τ25Μα,Q60.4
15.0,Τ25Μα,Q60.6
15.0,Τ25Μα,Q61
15.0,Τ25Μα,Q77.1
15.0,Τ25Μα,K72.0
15.0,Τ25Μβ,P10
15.0,Τ25Μβ,P11.3
15.0,Τ25Μβ,P11.5
15.0,Τ25Μβ,P12.2
15.0,Τ25Μβ,P13.1
15.0,Τ25Μβ,P13.2
15.0,Τ25Μβ,P13.3
15.0,Τ25Μβ,P11.9
15.0,Τ25Μβ,P13.0
15.0,Τ25Μβ,P14.0
15.0,Τ25Μβ,P14.1
15.0,Τ25Μβ,P14.2
15.0,Τ25Μβ,P14.3
15.0,Τ25Μβ,P21.9
15.0,Τ25Μβ,P22
15.0,Τ25Μβ,P22.0
15.0,Τ25Μβ,P22.1
15.0,Τ25Μβ,P22.8
15.0,Τ25Μβ,P22.9
15.0,Τ25Μβ,P23
15.0,Τ25Μβ,P23.0
15.0,Τ25Μβ,P23.1
15.0,Τ25Μβ,P23.2
15.0,Τ25Μβ,P23.3
15.0,Τ25Μβ,P23.4
15.0,Τ25Μβ,P23.5
15.0,Τ25Μβ,P23.6
15.0,Τ25Μβ,P23.8
15.0,Τ25Μβ,P23.9
15.0,Τ25Μβ,P24
15.0,Τ25Μβ,P24.0
15.0,Τ25Μβ,P24.1
15.0,Τ25Μβ,P24.2
15.0,Τ25Μβ,P24.3
15.0,Τ25Μβ,P24.8
15.0,Τ25Μβ,P27.1
15.0,Τ25Μβ,P27.9
15.0,Τ25Μβ,P28.1
15.0,Τ25Μβ,P28.3
15.0,Τ25Μβ,P28.4
15.0,Τ25Μβ,P28.8
15.0,Τ25Μβ,P29.1
15.0,Τ25Μβ,P29.2
15.0,Τ25Μβ,P29.3
15.0,Τ25Μβ,P35
15.0,Τ25Μβ,P35.0
15.0,Τ25Μβ,P35.1
15.0,Τ25Μβ,P35.2
15.0,Τ25Μβ,P35.3
15.0,Τ25Μβ,P35.8
15.0,Τ25Μβ,P36
15.0,Τ25Μβ,P36.0
15.0,Τ25Μβ,P36.1
15.0,Τ25Μβ,P36.2
15.0,Τ25Μβ,P36.3
15.0,Τ25Μβ,P36.4
15.0,Τ25Μβ,P36.5
15.0,Τ25Μβ,P36.8
15.0,Τ25Μβ,P37
15.0,Τ25Μβ,P37.0
15.0,Τ25Μβ,P37.1
15.0,Τ25Μβ,P37.2
15.0,Τ25Μβ,P37.3
15.0,Τ25Μβ,P37.4
15.0,Τ25Μβ,P37.5
15.0,Τ25Μβ,P37.9
15.0,Τ25Μβ,P50.0
15.0,Τ25Μβ,P50.1
15.0,Τ25Μβ,P50.2
15.0,Τ25Μβ,P50.3
15.0,Τ25Μβ,P50.4
15.0,Τ25Μβ,P50.5
15.0,Τ25Μβ,P51.0
15.0,Τ25Μβ,P52.1
15.0,Τ25Μβ,P52.4
15.0,Τ25Μβ,P52.5
15.0,Τ25Μβ,P52.6
15.0,Τ25Μβ,P52.8
15.0,Τ25Μβ,P53
15.0,Τ25Μβ,P54.0
15.0,Τ25Μβ,P54.1
15.0,Τ25Μβ,P54.2
15.0,Τ25Μβ,P54.3
15.0,Τ25Μβ,P54.4
15.0,Τ25Μβ,P54.9
15.0,Τ25Μβ,P55
15.0,Τ25Μβ,P55.1
15.0,Τ25Μβ,P55.8
15.0,Τ25Μβ,P58
15.0,Τ25Μβ,P58.0
15.0,Τ25Μβ,P58.1
15.0,Τ25Μβ,P58.2
15.0,Τ25Μβ,P58.8
15.0,Τ25Μβ,P59.1
15.0,Τ25Μβ,P59.2
15.0,Τ25Μβ,P61.0
15.0,Τ25Μβ,P61.1
15.0,Τ25Μβ,P61.2
15.0,Τ25Μβ,P61.3
15.0,Τ25Μβ,P61.4
15.0,Τ25Μβ,P61.5
15.0,Τ25Μβ,P61.6
15.0,Τ25Μβ,P61.8
15.0,Τ25Μβ,P70.3
15.0,Τ25Μβ,P70.4
15.0,Τ25Μβ,P70.8
15.0,Τ25Μβ,P71
15.0,Τ25Μβ,P71.1
15.0,Τ25Μβ,P71.2
15.0,Τ25Μβ,P71.4
15.0,Τ25Μβ,P71.8
15.0,Τ25Μβ,P72.1
15.0,Τ25Μβ,P74.0
15.0,Τ25Μβ,P74.1
15.0,Τ25Μβ,P74.2
15.0,Τ25Μβ,P74.3
15.0,Τ25Μβ,P74.4
15.0,Τ25Μβ,P74.5
15.0,Τ25Μβ,P74.9
15.0,Τ25Μβ,P76.0
15.0,Τ25Μβ,P76.1
15.0,Τ25Μβ,P77
15.0,Τ25Μβ,P78.9
15.0,Τ25Μβ,P81.9
15.0,Τ25Μβ,P83
15.0,Τ25Μβ,P83.0
15.0,Τ25Μβ,P90
15.0,Τ25Μβ,P91.0
15.0,Τ25Μβ,P91.2
15.0,Τ25Μβ,P91.3
15.0,Τ25Μβ,P91.4
15.0,Τ25Μβ,P91.9
15.0,Τ25Μβ,P93
15.0,Τ25Μβ,P94
15.0,Τ25Μβ,P94.1
15.0,Τ25Μβ,P94.2
15.0,Τ25Μβ,P94.8
15.0,Τ25Μβ,P96.1
15.0,Τ25Μβ,P96.2
15.0,Τ25Μβ,P96.3
15.0,Τ25Μβ,Q04
15.0,Τ25Μβ,Q04.0
15.0,Τ25Μβ,Q04.1
15.0,Τ25Μβ,Q04.2
15.0,Τ25Μβ,Q04.3
15.0,Τ25Μβ,Q04.5
15.0,Τ25Μβ,Q04.6
15.0,Τ25Μβ,Q04.8
15.0,Τ25Μβ,Q04.9
15.0,Τ25Μβ,Q05
15.0,Τ25Μβ,Q05.9
15.0,Τ25Μβ,Q06.1
15.0,Τ25Μβ,Q06.3
15.0,Τ25Μβ,Q07.0
15.0,Τ25Μβ,Q11
15.0,Τ25Μβ,Q11.0
15.0,Τ25Μβ,Q11.1
15.0,Τ25Μβ,Q11.2
15.0,Τ25Μβ,Q15.0
15.0,Τ25Μβ,Q21
15.0,Τ25Μβ,Q22
15.0,Τ25Μβ,Q23.8
15.0,Τ25Μβ,Q25.0
15.0,Τ25Μβ,Q25.8
15.0,Τ25Μβ,Q26.9
15.0,Τ25Μβ,Q27
15.0,Τ25Μβ,Q27.1
15.0,Τ25Μβ,Q27.2
15.0,Τ25Μβ,Q28.0
15.0,Τ25Μβ,Q28.1
15.0,Τ25Μβ,Q28.2
15.0,Τ25Μβ,Q28.8
15.0,Τ25Μβ,Q28.9
15.0,Τ25Μβ,Q30.0
15.0,Τ25Μβ,Q30.1
15.0,Τ25Μβ,Q31.1
15.0,Τ25Μβ,Q31.2
15.0,Τ25Μβ,Q32
15.0,Τ25Μβ,Q32.0
15.0,Τ25Μβ,Q32.2
15.0,Τ25Μβ,Q32.3
15.0,Τ25Μβ,Q33.0
15.0,Τ25Μβ,Q33.2
15.0,Τ25Μβ,Q33.4
15.0,Τ25Μβ,Q33.9
15.0,Τ25Μβ,Q34.0
15.0,Τ25Μβ,Q39.3
15.0,Τ25Μβ,Q39.5
15.0,Τ25Μβ,Q43.2
15.0,Τ25Μβ,Q44.6
15.0,Τ25Μβ,Q44.7
15.0,Τ25Μβ,Q56
15.0,Τ25Μβ,Q56.0
15.0,Τ25Μβ,Q56.1
15.0,Τ25Μβ,Q56.2
15.0,Τ25Μβ,Q56.3
15.0,Τ25Μβ,Q56.4
15.0,Τ25Μβ,Q74.3
15.0,Τ25Μβ,Q78.0
15.0,Τ25Μβ,Q80.0
15.0,Τ25Μβ,Q80.1
15.0,Τ25Μβ,Q80.2
15.0,Τ25Μβ,Q80.3
15.0,Τ25Μβ,Q80.4
15.0,Τ25Μβ,Q81
15.0,Τ25Μα,P56
15.0,Τ25Μα,P78.8
15.0,Τ25Μα,P83.2
15.0,Τ25Μα,Q32.1
15.0,Τ25Μα,Q32.4
15.0,Τ25Μγ,P05.1
15.0,Τ25Μγ,P05.0
15.0,Τ25Μγ,P12.0
15.0,Τ25Μγ,P12.1
15.0,Τ25Μγ,P12.4
15.0,Τ25Μγ,P12.3
15.0,Τ25Μγ,P13.2
15.0,Τ25Μγ,P13.4
15.0,Τ25Μγ,P15.2
15.0,Τ25Μγ,P15.6
15.0,Τ25Μγ,P38
15.0,Τ25Μγ,P39.0
15.0,Τ25Μγ,P39.1
15.0,Τ25Μγ,P51
15.0,Τ25Μγ,P52.0
15.0,Τ25Μγ,P54.5
15.0,Τ25Μγ,P54.6
15.0,Τ25Μγ,P59.0
15.0,Τ25Μγ,P59.3
15.0,Τ25Μγ,P59.8
15.0,Τ25Μγ,P59.9
15.0,Τ25Μγ,P70.0
15.0,Τ25Μγ,P70.1
15.0,Τ25Μγ,P72.2
15.0,Τ25Μγ,P72.8
15.0,Τ25Μγ,P78.2
15.0,Τ25Μγ,P78.3
15.0,Τ25Μγ,P80.8
15.0,Τ25Μγ,P81.0
15.0,Τ25Μγ,P83.1
15.0,Τ25Μγ,P83.4
15.0,Τ25Μγ,P83.5
15.0,Τ25Μγ,P83.6
15.0,Τ25Μγ,P83.8
15.0,Τ25Μγ,P85
15.0,Τ25Μγ,P91.1
15.0,Τ25Μγ,P92
15.0,Τ25Μγ,P92.0
15.0,Τ25Μγ,P92.2
15.0,Τ25Μγ,P92.3
15.0,Τ25Μγ,P92.4
15.0,Τ25Μγ,P92.9
15.0,Τ25Μγ,Q02
15.0,Τ25Μγ,Q10
15.0,Τ25Μγ,Q10.0
15.0,Τ25Μγ,Q10.1
15.0,Τ25Μγ,Q10.2
15.0,Τ25Μγ,Q10.4
15.0,Τ25Μγ,Q10.5
15.0,Τ25Μγ,Q10.6
15.0,Τ25Μγ,Q11.3
15.0,Τ25Μγ,Q12
15.0,Τ25Μγ,Q12.0
15.0,Τ25Μγ,Q12.1
15.0,Τ25Μγ,Q12.3
15.0,Τ25Μγ,Q12.9
15.0,Τ25Μγ,Q13
15.0,Τ25Μγ,Q13.0
15.0,Τ25Μγ,Q13.1
15.0,Τ25Μγ,Q13.2
15.0,Τ25Μγ,Q13.3
15.0,Τ25Μγ,Q14.0
15.0,Τ25Μγ,Q14.1
15.0,Τ25Μγ,Q14.2
15.0,Τ25Μγ,Q14.8
15.0,Τ25Μγ,Q16
15.0,Τ25Μγ,Q16.0
15.0,Τ25Μγ,Q16.1
15.0,Τ25Μγ,Q16.2
15.0,Τ25Μγ,Q16.3
15.0,Τ25Μγ,Q16.4
15.0,Τ25Μγ,Q16.5
15.0,Τ25Μγ,Q16.9
15.0,Τ25Μγ,Q17
15.0,Τ25Μγ,Q17.0
15.0,Τ25Μγ,Q17.1
15.0,Τ25Μγ,Q17.2
15.0,Τ25Μγ,Q17.3
15.0,Τ25Μγ,Q17.4
15.0,Τ25Μγ,Q17.8
15.0,Τ25Μγ,Q18
15.0,Τ25Μγ,Q18.1
15.0,Τ25Μγ,Q18.2
15.0,Τ25Μγ,Q18.3
15.0,Τ25Μγ,Q18.8
15.0,Τ25Μγ,Q27
15.0,Τ25Μγ,Q27.4
15.0,Τ25Μγ,Q30.8
15.0,Τ25Μγ,Q30.9
15.0,Τ25Μγ,Q31.4
15.0,Τ25Μγ,Q33.1
15.0,Τ25Μγ,Q34.8
15.0,Τ25Μγ,Q35
15.0,Τ25Μγ,Q35.7
15.0,Τ25Μγ,Q36
15.0,Τ25Μγ,Q37
15.0,Τ25Μγ,Q38
15.0,Τ25Μγ,Q50.1
15.0,Τ25Μγ,Q50.0
15.0,Τ25Μγ,Q50.3
15.0,Τ25Μγ,Q51
15.0,Τ25Μγ,Q52
15.0,Τ25Μγ,Q52.0
15.0,Τ25Μγ,Q52.1
15.0,Τ25Μγ,Q52.3
15.0,Τ25Μγ,Q52.5
15.0,Τ25Μγ,Q52.6
15.0,Τ25Μγ,Q52.7
15.0,Τ25Μγ,Q52.8
15.0,Τ25Μγ,Q53
15.0,Τ25Μγ,Q53.0
15.0,Τ25Μγ,Q53.1
15.0,Τ25Μγ,Q53.2
15.0,Τ25Μγ,Q53.9
15.0,Τ25Μγ,Q54
15.0,Τ25Μγ,Q54.0
15.0,Τ25Μγ,Q54.1
15.0,Τ25Μγ,Q54.2
15.0,Τ25Μγ,Q54.3
15.0,Τ25Μγ,Q54.4
15.0,Τ25Μγ,Q54.8
15.0,Τ25Μγ,Q55
15.0,Τ25Μγ,Q55.0
15.0,Τ25Μγ,Q55.1
15.0,Τ25Μγ,Q55.2
15.0,Τ25Μγ,Q55.3
15.0,Τ25Μγ,Q55.5
15.0,Τ25Μγ,Q55.6
15.0,Τ25Μγ,Q60.0
15.0,Τ25Μγ,Q60.3
15.0,Τ25Μγ,Q62.0
15.0,Τ25Μγ,Q62.2
15.0,Τ25Μγ,Q62.4
15.0,Τ25Μγ,Q62.5
15.0,Τ25Μγ,Q62.6
15.0,Τ25Μγ,Q62.7
15.0,Τ25Μγ,Q63
15.0,Τ25Μγ,Q63.0
15.0,Τ25Μγ,Q63.1
15.0,Τ25Μγ,Q63.2
15.0,Τ25Μγ,Q63.3
15.0,Τ25Μγ,Q63.8
15.0,Τ25Μγ,Q63.9
15.0,Τ25Μγ,Q64
15.0,Τ25Μγ,Q64.0
15.0,Τ25Μγ,Q64.6
15.0,Τ25Μγ,Q65
15.0,Τ25Μγ,Q65.0
15.0,Τ25Μγ,Q65.1
15.0,Τ25Μγ,Q65.2
15.0,Τ25Μγ,Q65.3
15.0,Τ25Μγ,Q65.4
15.0,Τ25Μγ,Q65.5
15.0,Τ25Μγ,Q65.6
15.0,Τ25Μγ,Q65.8
15.0,Τ25Μγ,Q65.9
15.0,Τ25Μγ,Q66
15.0,Τ25Μγ,Q66.0
15.0,Τ25Μγ,Q66.1
15.0,Τ25Μγ,Q66.2
15.0,Τ25Μγ,Q66.3
15.0,Τ25Μγ,Q66.4
15.0,Τ25Μγ,Q66.6
15.0,Τ25Μγ,Q66.7
15.0,Τ25Μγ,Q66.8
15.0,Τ25Μγ,Q66.9
15.0,Τ25Μγ,Q67
15.0,Τ25Μγ,Q67.0
15.0,Τ25Μγ,Q67.1
15.0,Τ25Μγ,Q67.2
15.0,Τ25Μγ,Q67.3
15.0,Τ25Μγ,Q67.4
15.0,Τ25Μγ,Q67.5
15.0,Τ25Μγ,Q67.6
15.0,Τ25Μγ,Q67.7
15.0,Τ25Μγ,Q67.8
15.0,Τ25Μγ,Q68
15.0,Τ25Μγ,Q68.0
15.0,Τ25Μγ,Q68.1
15.0,Τ25Μγ,Q68.2
15.0,Τ25Μγ,Q68.3
15.0,Τ25Μγ,Q68.4
15.0,Τ25Μγ,Q68.5
15.0,Τ25Μγ,Q68.8
15.0,Τ25Μγ,Q69
15.0,Τ25Μγ,Q69.0
15.0,Τ25Μγ,Q69.1
15.0,Τ25Μγ,Q69.2
15.0,Τ25Μγ,Q71
15.0,Τ25Μγ,Q72
15.0,Τ25Μγ,Q73.1
15.0,Τ25Μγ,Q74.1
15.0,Τ25Μγ,Q75.0
15.0,Τ25Μγ,Q75.1
15.0,Τ25Μγ,Q75.2
15.0,Τ25Μγ,Q75.3
15.0,Τ25Μγ,Q75.4
15.0,Τ25Μγ,Q75.5
15.0,Τ25Μγ,Q75.8
15.0,Τ25Μγ,Q75.9
15.0,Τ25Μγ,Q76
15.0,Τ25Μγ,Q76.0
15.0,Τ25Μγ,Q76.1
15.0,Τ25Μγ,Q76.2
15.0,Τ25Μγ,Q76.3
15.0,Τ25Μγ,Q76.5
15.0,Τ25Μγ,Q76.6
15.0,Τ25Μγ,Q76.7
15.0,Τ25Μγ,Q76.8
15.0,Τ25Μγ,Q77
15.0,Τ25Μγ,Q76.9
15.0,Τ25Μγ,Q77.0
15.0,Τ25Μγ,Q77.9
15.0,Τ25Μγ,Q78.1
15.0,Τ25Μγ,Q78.2
15.0,Τ25Μγ,Q78.5
15.0,Τ25Μγ,Q78.9
15.0,Τ25Μγ,Q79.6
15.0,Τ25Μγ,Q82.0
15.0,Τ25Μγ,Q82.2
15.0,Τ25Μγ,Q82.3
15.0,Τ25Μγ,Q82.4
15.0,Τ25Μγ,Q82.5
15.0,Τ25Μγ,Q82.9
15.0,Τ25Μγ,Q83
15.0,Τ25Μγ,Q84
15.0,Τ25Μγ,Q84.0
15.0,Τ25Μγ,Q84.1
15.0,Τ25Μγ,Q84.2
15.0,Τ25Μγ,Q84.3
15.0,Τ25Μγ,Q84.6
15.0,Τ25Μγ,Q84.8
15.0,Τ25Μγ,Q85.0
15.0,Τ25Μγ,Q85.1
15.0,Τ25Μγ,Q86.0
15.0,Τ25Μγ,Q86.1
15.0,Τ25Μγ,Q86
15.0,Τ25Μγ,Q86.2
15.0,Τ25Μγ,Q86.8
15.0,Τ25Μγ,Q87.1
15.0,Τ25Μγ,Q87.2
15.0,Τ25Μγ,Q87.3
15.0,Τ25Μγ,Q87.4
15.0,Τ25Μγ,Q87.5
15.0,Τ25Μγ,Q89.0
15.0,Τ25Μγ,Q89.1
15.0,Τ25Μγ,Q89.2
15.0,Τ25Μγ,Q89.3
15.0,Τ25Μγ,Q90
15.0,Τ25Μγ,Q91
15.0,Τ25Μγ,Q92
15.0,Τ25Μγ,Q93
15.0,Τ25Μγ,Q96
15.0,Τ25Μγ,Q97
15.0,Τ25Μγ,Q97.0
15.0,Τ25Μγ,Q97.1
15.0,Τ25Μγ,Q97.2
15.0,Τ25Μγ,Q97.3
15.0,Τ25Μγ,Q97.9
15.0,Τ25Μγ,Q98
15.0,Τ25Μγ,Q98.0
15.0,Τ25Μγ,Q98.9
15.0,Τ25Μγ,Q99
15.0,Τ25Μγ,Q99.1
15.0,Τ25Μγ,Q99.2
15.0,Τ25Μγ,Q99.8
15.0,Τ26Μγ,P05.0
15.0,Τ26Μγ,P05.1
15.0,Τ26Μγ,P12.0
15.0,Τ26Μγ,P12.1
15.0,Τ26Μγ,P12.3
15.0,Τ26Μγ,P12.4
15.0,Τ26Μγ,P13.2
15.0,Τ26Μγ,P13.4
15.0,Τ26Μγ,P15.2
15.0,Τ26Μγ,P15.6
15.0,Τ26Μγ,P38
15.0,Τ26Μγ,P39.0
15.0,Τ26Μγ,P39.1
15.0,Τ26Μγ,P51
15.0,Τ26Μγ,P52.0
15.0,Τ26Μγ,P54.5
15.0,Τ26Μγ,P54.6
15.0,Τ26Μγ,P59.0
15.0,Τ26Μγ,P59.3
15.0,Τ26Μγ,P59.8
15.0,Τ26Μγ,P59.9
15.0,Τ26Μγ,P70.0
15.0,Τ26Μγ,P70.1
15.0,Τ26Μγ,P72.2
15.0,Τ26Μγ,P72.8
15.0,Τ26Μγ,P78.2
15.0,Τ26Μγ,P78.3
15.0,Τ26Μγ,P80.8
15.0,Τ26Μγ,P81.0
15.0,Τ26Μγ,P83.1
15.0,Τ26Μγ,P83.4
15.0,Τ26Μγ,P83.5
15.0,Τ26Μγ,P83.6
15.0,Τ26Μγ,P83.8
15.0,Τ26Μγ,P85
15.0,Τ26Μγ,P91.1
15.0,Τ26Μγ,P92
15.0,Τ26Μγ,P92.0
15.0,Τ26Μγ,P92.2
15.0,Τ26Μγ,P92.3
15.0,Τ26Μγ,P92.4
15.0,Τ26Μγ,P92.9
15.0,Τ26Μγ,Q02
15.0,Τ26Μγ,Q10
15.0,Τ26Μγ,Q10.0
15.0,Τ26Μγ,Q10.1
15.0,Τ26Μγ,Q10.2
15.0,Τ26Μγ,Q10.4
15.0,Τ26Μγ,Q10.5
15.0,Τ26Μγ,Q10.6
15.0,Τ26Μγ,Q11.3
15.0,Τ26Μγ,Q12
15.0,Τ26Μγ,Q12.0
15.0,Τ26Μγ,Q12.1
15.0,Τ26Μγ,Q12.3
15.0,Τ26Μγ,Q12.9
15.0,Τ26Μγ,Q13
15.0,Τ26Μγ,Q13.0
15.0,Τ26Μγ,Q13.1
15.0,Τ26Μγ,Q13.2
15.0,Τ26Μγ,Q13.3
15.0,Τ26Μγ,Q14.0
15.0,Τ26Μγ,Q14.1
15.0,Τ26Μγ,Q14.2
15.0,Τ26Μγ,Q14.8
15.0,Τ26Μγ,Q16
15.0,Τ26Μγ,Q16.0
15.0,Τ26Μγ,Q16.1
15.0,Τ26Μγ,Q16.2
15.0,Τ26Μγ,Q16.3
15.0,Τ26Μγ,Q16.4
15.0,Τ26Μγ,Q16.5
15.0,Τ26Μγ,Q16.9
15.0,Τ26Μγ,Q17
15.0,Τ26Μγ,Q17.0
15.0,Τ26Μγ,Q17.1
15.0,Τ26Μγ,Q17.2
15.0,Τ26Μγ,Q17.3
15.0,Τ26Μγ,Q17.4
15.0,Τ26Μγ,Q17.8
15.0,Τ26Μγ,Q18
15.0,Τ26Μγ,Q18.1
15.0,Τ26Μγ,Q18.2
15.0,Τ26Μγ,Q18.3
15.0,Τ26Μγ,Q18.8
15.0,Τ26Μγ,Q27
15.0,Τ26Μγ,Q27.4
15.0,Τ26Μγ,Q30.8
15.0,Τ26Μγ,Q30.9
15.0,Τ26Μγ,Q31.4
15.0,Τ26Μγ,Q33.1
15.0,Τ26Μγ,Q34.8
15.0,Τ26Μγ,Q35
15.0,Τ26Μγ,Q35.7
15.0,Τ26Μγ,Q36
15.0,Τ26Μγ,Q37
15.0,Τ26Μγ,Q38
15.0,Τ26Μγ,Q50.0
15.0,Τ26Μγ,Q50.1
15.0,Τ26Μγ,Q50.3
15.0,Τ26Μγ,Q51
15.0,Τ26Μγ,Q52
15.0,Τ26Μγ,Q52.0
15.0,Τ26Μγ,Q52.1
15.0,Τ26Μγ,Q52.3
15.0,Τ26Μγ,Q52.5
15.0,Τ26Μγ,Q52.6
15.0,Τ26Μγ,Q52.7
15.0,Τ26Μγ,Q52.8
15.0,Τ26Μγ,Q53
15.0,Τ26Μγ,Q53.0
15.0,Τ26Μγ,Q53.1
15.0,Τ26Μγ,Q53.2
15.0,Τ26Μγ,Q53.9
15.0,Τ26Μγ,Q54
15.0,Τ26Μγ,Q54.0
15.0,Τ26Μγ,Q54.1
15.0,Τ26Μγ,Q54.2
15.0,Τ26Μγ,Q54.3
15.0,Τ26Μγ,Q54.4
15.0,Τ26Μγ,Q54.8
15.0,Τ26Μγ,Q55
15.0,Τ26Μγ,Q55.0
15.0,Τ26Μγ,Q55.1
15.0,Τ26Μγ,Q55.2
15.0,Τ26Μγ,Q55.3
15.0,Τ26Μγ,Q55.5
15.0,Τ26Μγ,Q55.6
15.0,Τ26Μγ,Q60.0
15.0,Τ26Μγ,Q60.3
15.0,Τ26Μγ,Q62.0
15.0,Τ26Μγ,Q62.2
15.0,Τ26Μγ,Q62.4
15.0,Τ26Μγ,Q62.5
15.0,Τ26Μγ,Q62.6
15.0,Τ26Μγ,Q62.7
15.0,Τ26Μγ,Q63
15.0,Τ26Μγ,Q63.0
15.0,Τ26Μγ,Q63.1
15.0,Τ26Μγ,Q63.2
15.0,Τ26Μγ,Q63.3
15.0,Τ26Μγ,Q63.8
15.0,Τ26Μγ,Q63.9
15.0,Τ26Μγ,Q64
15.0,Τ26Μγ,Q64.0
15.0,Τ26Μγ,Q64.6
15.0,Τ26Μγ,Q65
15.0,Τ26Μγ,Q65.0
15.0,Τ26Μγ,Q65.1
15.0,Τ26Μγ,Q65.2
15.0,Τ26Μγ,Q65.3
15.0,Τ26Μγ,Q65.4
15.0,Τ26Μγ,Q65.5
15.0,Τ26Μγ,Q65.6
15.0,Τ26Μγ,Q65.8
15.0,Τ26Μγ,Q65.9
15.0,Τ26Μγ,Q66
15.0,Τ26Μγ,Q66.0
15.0,Τ26Μγ,Q66.1
15.0,Τ26Μγ,Q66.2
15.0,Τ26Μγ,Q66.3
15.0,Τ26Μγ,Q66.4
15.0,Τ26Μγ,Q66.6
15.0,Τ26Μγ,Q66.7
15.0,Τ26Μγ,Q66.8
15.0,Τ26Μγ,Q66.9
15.0,Τ26Μγ,Q67
15.0,Τ26Μγ,Q67.0
15.0,Τ26Μγ,Q67.1
15.0,Τ26Μγ,Q67.2
15.0,Τ26Μγ,Q67.3
15.0,Τ26Μγ,Q67.4
15.0,Τ26Μγ,Q67.5
15.0,Τ26Μγ,Q67.6
15.0,Τ26Μγ,Q67.7
15.0,Τ26Μγ,Q67.8
15.0,Τ26Μγ,Q68
15.0,Τ26Μγ,Q68.0
15.0,Τ26Μγ,Q68.1
15.0,Τ26Μγ,Q68.2
15.0,Τ26Μγ,Q68.3
15.0,Τ26Μγ,Q68.4
15.0,Τ26Μγ,Q68.5
15.0,Τ26Μγ,Q68.8
15.0,Τ26Μγ,Q69
15.0,Τ26Μγ,Q69.0
15.0,Τ26Μγ,Q69.1
15.0,Τ26Μγ,Q69.2
15.0,Τ26Μγ,Q71
15.0,Τ26Μγ,Q72
15.0,Τ26Μγ,Q73.1
15.0,Τ26Μγ,Q74.1
15.0,Τ26Μγ,Q75.0
15.0,Τ26Μγ,Q75.1
15.0,Τ26Μγ,Q75.2
15.0,Τ26Μγ,Q75.3
15.0,Τ26Μγ,Q75.4
15.0,Τ26Μγ,Q75.5
15.0,Τ26Μγ,Q75.8
15.0,Τ26Μγ,Q75.9
15.0,Τ26Μγ,Q76
15.0,Τ26Μγ,Q76.0
15.0,Τ26Μγ,Q76.1
15.0,Τ26Μγ,Q76.2
15.0,Τ26Μγ,Q76.3
15.0,Τ26Μγ,Q76.5
15.0,Τ26Μγ,Q76.6
15.0,Τ26Μγ,Q76.7
15.0,Τ26Μγ,Q76.8
15.0,Τ26Μγ,Q76.9
15.0,Τ26Μγ,Q77
15.0,Τ26Μγ,Q77.0
15.0,Τ26Μγ,Q77.9
15.0,Τ26Μγ,Q78.1
15.0,Τ26Μγ,Q78.2
15.0,Τ26Μγ,Q78.5
15.0,Τ26Μγ,Q78.9
15.0,Τ26Μγ,Q79.6
15.0,Τ26Μγ,Q82.0
15.0,Τ26Μγ,Q82.2
15.0,Τ26Μγ,Q82.3
15.0,Τ26Μγ,Q82.4
15.0,Τ26Μγ,Q82.5
15.0,Τ26Μγ,Q82.9
15.0,Τ26Μγ,Q83
15.0,Τ26Μγ,Q84
15.0,Τ26Μγ,Q84.0
15.0,Τ26Μγ,Q84.1
15.0,Τ26Μγ,Q84.2
15.0,Τ26Μγ,Q84.3
15.0,Τ26Μγ,Q84.6
15.0,Τ26Μγ,Q84.8
15.0,Τ26Μγ,Q85.0
15.0,Τ26Μγ,Q85.1
15.0,Τ26Μγ,Q86
15.0,Τ26Μγ,Q86.0
15.0,Τ26Μγ,Q86.1
15.0,Τ26Μγ,Q86.2
15.0,Τ26Μγ,Q86.8
15.0,Τ26Μγ,Q87.1
15.0,Τ26Μγ,Q87.2
15.0,Τ26Μγ,Q87.3
15.0,Τ26Μγ,Q87.4
15.0,Τ26Μγ,Q87.5
15.0,Τ26Μγ,Q89.0
15.0,Τ26Μγ,Q89.1
15.0,Τ26Μγ,Q89.2
15.0,Τ26Μγ,Q89.3
15.0,Τ26Μγ,Q90
15.0,Τ26Μγ,Q91
15.0,Τ26Μγ,Q92
15.0,Τ26Μγ,Q93
15.0,Τ26Μγ,Q96
15.0,Τ26Μγ,Q97
15.0,Τ26Μγ,Q97.0
15.0,Τ26Μγ,Q97.1
15.0,Τ26Μγ,Q97.2
15.0,Τ26Μγ,Q97.3
15.0,Τ26Μγ,Q97.9
15.0,Τ26Μγ,Q98
15.0,Τ26Μγ,Q98.0
15.0,Τ26Μγ,Q98.9
15.0,Τ26Μγ,Q99
15.0,Τ26Μγ,Q99.1
15.0,Τ26Μγ,Q99.2
15.0,Τ26Μγ,Q99.8
15.0,Τ27Μγ,Q13
15.0,Τ27Μγ,Q13.0
15.0,Τ27Μγ,Q13.1
15.0,Τ27Μγ,Q13.2
15.0,Τ27Μγ,Q13.3
15.0,Τ27Μγ,Q14.0
15.0,Τ27Μγ,Q14.1
15.0,Τ27Μγ,Q14.2
15.0,Τ27Μγ,Q14.8
15.0,Τ27Μγ,Q16
15.0,Τ27Μγ,Q16.0
15.0,Τ27Μγ,Q16.1
15.0,Τ27Μγ,Q16.2
15.0,Τ27Μγ,Q16.3
15.0,Τ27Μγ,Q16.4
15.0,Τ27Μγ,Q16.5
15.0,Τ27Μγ,Q16.9
15.0,Τ27Μγ,Q17
15.0,Τ27Μγ,Q17.0
15.0,Τ27Μγ,Q17.1
15.0,Τ27Μγ,Q17.2
15.0,Τ27Μγ,Q17.3
15.0,Τ27Μγ,Q17.4
15.0,Τ27Μγ,Q17.8
15.0,Τ27Μγ,Q18
15.0,Τ27Μγ,Q18.1
15.0,Τ27Μγ,Q18.2
15.0,Τ27Μγ,Q18.3
15.0,Τ27Μγ,Q18.8
15.0,Τ27Μγ,Q27
15.0,Τ27Μγ,Q27.4
15.0,Τ27Μγ,Q30.8
15.0,Τ27Μγ,Q30.9
15.0,Τ27Μγ,Q31.4
15.0,Τ27Μγ,Q33.1
15.0,Τ27Μγ,Q34.8
15.0,Τ27Μγ,Q35
15.0,Τ27Μγ,Q35.7
15.0,Τ27Μγ,Q36
15.0,Τ27Μγ,Q37
15.0,Τ27Μγ,Q38
15.0,Τ27Μγ,Q50.0
15.0,Τ27Μγ,Q50.1
15.0,Τ27Μγ,Q50.3
15.0,Τ27Μγ,Q51
15.0,Τ27Μγ,Q52
15.0,Τ27Μγ,Q52.0
15.0,Τ27Μγ,Q52.1
15.0,Τ27Μγ,Q52.3
15.0,Τ27Μγ,Q52.5
15.0,Τ27Μγ,Q52.6
15.0,Τ27Μγ,Q52.7
15.0,Τ27Μγ,Q52.8
15.0,Τ27Μγ,Q53
15.0,Τ27Μγ,Q53.0
15.0,Τ27Μγ,Q53.1
15.0,Τ27Μγ,Q53.2
15.0,Τ27Μγ,Q53.9
15.0,Τ27Μγ,Q54
15.0,Τ27Μγ,Q54.0
15.0,Τ27Μγ,Q54.1
15.0,Τ27Μγ,Q54.2
15.0,Τ27Μγ,Q54.3
15.0,Τ27Μγ,Q54.4
15.0,Τ27Μγ,Q54.8
15.0,Τ27Μγ,Q55
15.0,Τ27Μγ,Q55.0
15.0,Τ27Μγ,Q55.1
15.0,Τ27Μγ,Q55.2
15.0,Τ27Μγ,Q55.3
15.0,Τ27Μγ,Q55.5
15.0,Τ27Μγ,Q55.6
15.0,Τ27Μγ,Q60.0
15.0,Τ27Μγ,Q60.3
15.0,Τ27Μγ,Q62.0
15.0,Τ27Μγ,Q62.2
15.0,Τ27Μγ,Q62.4
15.0,Τ27Μγ,Q62.5
15.0,Τ27Μγ,Q62.6
15.0,Τ27Μγ,Q62.7
15.0,Τ27Μγ,Q63
15.0,Τ27Μγ,Q63.0
15.0,Τ27Μγ,Q63.1
15.0,Τ27Μγ,Q63.2
15.0,Τ27Μγ,Q63.3
15.0,Τ27Μγ,Q63.8
15.0,Τ27Μγ,Q63.9
15.0,Τ27Μγ,Q64
15.0,Τ27Μγ,Q64.0
15.0,Τ27Μγ,Q64.6
15.0,Τ27Μγ,Q65
15.0,Τ27Μγ,Q65.0
15.0,Τ27Μγ,Q65.1
15.0,Τ27Μγ,Q65.2
15.0,Τ27Μγ,Q65.3
15.0,Τ27Μγ,Q65.4
15.0,Τ27Μγ,Q65.5
15.0,Τ27Μγ,Q65.6
15.0,Τ27Μγ,Q65.8
15.0,Τ27Μγ,Q65.9
15.0,Τ27Μγ,Q66
15.0,Τ27Μγ,Q66.0
15.0,Τ27Μγ,Q66.1
15.0,Τ27Μγ,Q66.2
15.0,Τ27Μγ,Q66.3
15.0,Τ27Μγ,Q66.4
15.0,Τ27Μγ,Q66.6
15.0,Τ27Μγ,Q66.7
15.0,Τ27Μγ,Q66.8
15.0,Τ27Μγ,Q66.9
15.0,Τ27Μγ,Q67
15.0,Τ27Μγ,Q67.0
15.0,Τ27Μγ,Q67.1
15.0,Τ27Μγ,Q67.2
15.0,Τ27Μγ,Q67.3
15.0,Τ27Μγ,Q67.4
15.0,Τ27Μγ,Q67.5
15.0,Τ27Μγ,Q67.6
15.0,Τ27Μγ,Q67.7
15.0,Τ27Μγ,Q67.8
15.0,Τ27Μγ,Q68
15.0,Τ27Μγ,Q68.0
15.0,Τ27Μγ,Q68.1
15.0,Τ27Μγ,Q68.2
15.0,Τ27Μγ,Q68.3
15.0,Τ27Μγ,Q68.4
15.0,Τ27Μγ,Q68.5
15.0,Τ27Μγ,Q68.8
15.0,Τ27Μγ,Q69
15.0,Τ27Μγ,Q69.0
15.0,Τ27Μγ,Q69.1
15.0,Τ27Μγ,Q69.2
15.0,Τ27Μγ,Q71
15.0,Τ27Μγ,Q72
15.0,Τ27Μγ,Q73.1
15.0,Τ27Μγ,Q74.1
15.0,Τ27Μγ,Q75.0
15.0,Τ27Μγ,Q75.1
15.0,Τ27Μγ,Q75.2
15.0,Τ27Μγ,Q75.3
15.0,Τ27Μγ,Q75.4
15.0,Τ27Μγ,Q75.5
15.0,Τ27Μγ,Q75.8
15.0,Τ27Μγ,Q75.9
15.0,Τ27Μγ,Q76
15.0,Τ27Μγ,Q76.0
15.0,Τ27Μγ,Q76.1
15.0,Τ27Μγ,Q76.2
15.0,Τ27Μγ,Q76.3
15.0,Τ27Μγ,Q76.5
15.0,Τ27Μγ,Q76.6
15.0,Τ27Μγ,Q76.7
15.0,Τ27Μγ,Q76.8
15.0,Τ27Μγ,Q76.9
15.0,Τ27Μγ,Q77
15.0,Τ27Μγ,Q77.0
15.0,Τ27Μγ,Q77.9
15.0,Τ27Μγ,Q78.1
15.0,Τ27Μγ,Q78.2
15.0,Τ27Μγ,Q78.5
15.0,Τ27Μγ,Q78.9
15.0,Τ27Μγ,Q79.6
15.0,Τ27Μγ,Q82.0
15.0,Τ27Μγ,Q82.2
15.0,Τ27Μγ,Q82.3
15.0,Τ27Μγ,Q82.4
15.0,Τ27Μγ,Q82.5
15.0,Τ27Μγ,Q82.9
15.0,Τ27Μγ,Q83
15.0,Τ27Μγ,Q84
15.0,Τ27Μγ,Q84.0
15.0,Τ27Μγ,Q84.1
15.0,Τ27Μγ,Q84.2
15.0,Τ27Μγ,Q84.3
15.0,Τ27Μγ,Q84.6
15.0,Τ27Μγ,Q84.8
15.0,Τ27Μγ,Q85.0
15.0,Τ27Μγ,Q85.1
15.0,Τ27Μγ,Q86
15.0,Τ27Μγ,Q86.0
15.0,Τ27Μγ,Q86.1
15.0,Τ27Μγ,Q86.2
15.0,Τ27Μγ,Q86.8
15.0,Τ27Μγ,Q87.1
15.0,Τ27Μγ,Q87.2
15.0,Τ27Μγ,Q87.3
15.0,Τ27Μγ,Q87.4
15.0,Τ27Μγ,Q87.5
15.0,Τ27Μγ,Q89.0
15.0,Τ27Μγ,Q89.1
15.0,Τ27Μγ,Q89.2
15.0,Τ27Μγ,Q89.3
15.0,Τ27Μγ,Q90
15.0,Τ27Μγ,Q91
15.0,Τ27Μγ,Q92
15.0,Τ27Μγ,Q93
15.0,Τ27Μγ,Q96
15.0,Τ27Μγ,Q97
15.0,Τ27Μγ,Q97.0
15.0,Τ27Μγ,Q97.1
15.0,Τ27Μγ,Q97.2
15.0,Τ27Μγ,Q97.3
15.0,Τ27Μγ,Q97.9
15.0,Τ27Μγ,Q98
15.0,Τ27Μγ,Q98.0
15.0,Τ27Μγ,Q98.9
15.0,Τ27Μγ,Q99
15.0,Τ27Μγ,Q99.1
15.0,Τ27Μγ,Q99.2
15.0,Τ27Μγ,Q99.8
15.0,Τ27Μγ,Q13
15.0,Τ27Μγ,Q13.0
15.0,Τ27Μγ,Q13.1
15.0,Τ27Μγ,Q13.2
15.0,Τ27Μγ,Q13.3
15.0,Τ27Μγ,Q14.0
15.0,Τ27Μγ,Q14.1
15.0,Τ27Μγ,Q14.2
15.0,Τ27Μγ,Q14.8
15.0,Τ27Μγ,Q16
15.0,Τ27Μγ,Q16.0
15.0,Τ27Μγ,Q16.1
15.0,Τ27Μγ,Q16.2
15.0,Τ27Μγ,Q16.3
15.0,Τ27Μγ,Q16.4
15.0,Τ27Μγ,Q16.5
15.0,Τ27Μγ,Q16.9
15.0,Τ27Μγ,Q17
15.0,Τ27Μγ,Q17.0
15.0,Τ27Μγ,Q17.1
15.0,Τ27Μγ,Q17.2
15.0,Τ27Μγ,Q17.3
15.0,Τ27Μγ,Q17.4
15.0,Τ27Μγ,Q17.8
15.0,Τ27Μγ,Q18
15.0,Τ27Μγ,Q18.1
15.0,Τ27Μγ,Q18.2
15.0,Τ27Μγ,Q18.3
15.0,Τ27Μγ,Q18.8
15.0,Τ27Μγ,Q27
15.0,Τ27Μγ,Q27.4
15.0,Τ27Μγ,Q30.8
15.0,Τ27Μγ,Q30.9
15.0,Τ27Μγ,Q31.4
15.0,Τ27Μγ,Q33.1
15.0,Τ27Μγ,Q34.8
15.0,Τ27Μγ,Q35
15.0,Τ27Μγ,Q35.7
15.0,Τ27Μγ,Q36
15.0,Τ27Μγ,Q37
15.0,Τ27Μγ,Q38
15.0,Τ27Μγ,Q50.0
15.0,Τ27Μγ,Q50.1
15.0,Τ27Μγ,Q50.3
15.0,Τ27Μγ,Q51
15.0,Τ27Μγ,Q52
15.0,Τ27Μγ,Q52.0
15.0,Τ27Μγ,Q52.1
15.0,Τ27Μγ,Q52.3
15.0,Τ27Μγ,Q52.5
15.0,Τ27Μγ,Q52.6
15.0,Τ27Μγ,Q52.7
15.0,Τ27Μγ,Q52.8
15.0,Τ27Μγ,Q53
15.0,Τ27Μγ,Q53.0
15.0,Τ27Μγ,Q53.1
15.0,Τ27Μγ,Q53.2
15.0,Τ27Μγ,Q53.9
15.0,Τ27Μγ,Q54
15.0,Τ27Μγ,Q54.0
15.0,Τ27Μγ,Q54.1
15.0,Τ27Μγ,Q54.2
15.0,Τ27Μγ,Q54.3
15.0,Τ27Μγ,Q54.4
15.0,Τ27Μγ,Q54.8
15.0,Τ27Μγ,Q55
15.0,Τ27Μγ,Q55.0
15.0,Τ27Μγ,Q55.1
15.0,Τ27Μγ,Q55.2
15.0,Τ27Μγ,Q55.3
15.0,Τ27Μγ,Q55.5
15.0,Τ27Μγ,Q55.6
15.0,Τ27Μγ,Q60.0
15.0,Τ27Μγ,Q60.3
15.0,Τ27Μγ,Q62.0
15.0,Τ27Μγ,Q62.2
15.0,Τ27Μγ,Q62.4
15.0,Τ27Μγ,Q62.5
15.0,Τ27Μγ,Q62.6
15.0,Τ27Μγ,Q62.7
15.0,Τ27Μγ,Q63
15.0,Τ27Μγ,Q63.0
15.0,Τ27Μγ,Q63.1
15.0,Τ27Μγ,Q63.2
15.0,Τ27Μγ,Q63.3
15.0,Τ27Μγ,Q63.8
15.0,Τ27Μγ,Q63.9
15.0,Τ27Μγ,Q64
15.0,Τ27Μγ,Q64.0
15.0,Τ27Μγ,Q64.6
15.0,Τ27Μγ,Q65
15.0,Τ27Μγ,Q65.0
15.0,Τ27Μγ,Q65.1
15.0,Τ27Μγ,Q65.2
15.0,Τ27Μγ,Q65.3
15.0,Τ27Μγ,Q65.4
15.0,Τ27Μγ,Q65.5
15.0,Τ27Μγ,Q65.6
15.0,Τ27Μγ,Q65.8
15.0,Τ27Μγ,Q65.9
15.0,Τ27Μγ,Q66
15.0,Τ27Μγ,Q66.0
15.0,Τ27Μγ,Q66.1
15.0,Τ27Μγ,Q66.2
15.0,Τ27Μγ,Q66.3
15.0,Τ27Μγ,Q66.4
15.0,Τ27Μγ,Q66.6
15.0,Τ27Μγ,Q66.7
15.0,Τ27Μγ,Q66.8
15.0,Τ27Μγ,Q66.9
15.0,Τ27Μγ,Q67
15.0,Τ27Μγ,Q67.0
15.0,Τ27Μγ,Q67.1
15.0,Τ27Μγ,Q67.2
15.0,Τ27Μγ,Q67.3
15.0,Τ27Μγ,Q67.4
15.0,Τ27Μγ,Q67.5
15.0,Τ27Μγ,Q67.6
15.0,Τ27Μγ,Q67.7
15.0,Τ27Μγ,Q67.8
15.0,Τ27Μγ,Q68
15.0,Τ27Μγ,Q68.0
15.0,Τ27Μγ,Q68.1
15.0,Τ27Μγ,Q68.2
15.0,Τ27Μγ,Q68.3
15.0,Τ27Μγ,Q68.4
15.0,Τ27Μγ,Q68.5
15.0,Τ27Μγ,Q68.8
15.0,Τ27Μγ,Q69
15.0,Τ27Μγ,Q69.0
15.0,Τ27Μγ,Q69.1
15.0,Τ27Μγ,Q69.2
15.0,Τ27Μγ,Q71
15.0,Τ27Μγ,Q72
15.0,Τ27Μγ,Q73.1
15.0,Τ27Μγ,Q74.1
15.0,Τ27Μγ,Q75.0
15.0,Τ27Μγ,Q75.1
15.0,Τ27Μγ,Q75.2
15.0,Τ27Μγ,Q75.3
15.0,Τ27Μγ,Q75.4
15.0,Τ27Μγ,Q75.5
15.0,Τ27Μγ,Q75.8
15.0,Τ27Μγ,Q75.9
15.0,Τ27Μγ,Q76
15.0,Τ27Μγ,Q76.0
15.0,Τ27Μγ,Q76.1
15.0,Τ27Μγ,Q76.2
15.0,Τ27Μγ,Q76.3
15.0,Τ27Μγ,Q76.5
15.0,Τ27Μγ,Q76.6
15.0,Τ27Μγ,Q76.7
15.0,Τ27Μγ,Q76.8
15.0,Τ27Μγ,Q76.9
15.0,Τ27Μγ,Q77
15.0,Τ27Μγ,Q77.0
15.0,Τ27Μγ,Q77.9
15.0,Τ27Μγ,Q78.1
15.0,Τ27Μγ,Q78.2
15.0,Τ27Μγ,Q78.5
15.0,Τ27Μγ,Q78.9
15.0,Τ27Μγ,Q79.6
15.0,Τ27Μγ,Q82.0
15.0,Τ27Μγ,Q82.2
15.0,Τ27Μγ,Q82.3
15.0,Τ27Μγ,Q82.4
15.0,Τ27Μγ,Q82.5
15.0,Τ27Μγ,Q82.9
15.0,Τ27Μγ,Q83
15.0,Τ27Μγ,Q84
15.0,Τ27Μγ,Q84.0
15.0,Τ27Μγ,Q84.1
15.0,Τ27Μγ,Q84.2
15.0,Τ27Μγ,Q84.3
15.0,Τ27Μγ,Q84.6
15.0,Τ27Μγ,Q84.8
15.0,Τ27Μγ,Q85.0
15.0,Τ27Μγ,Q85.1
15.0,Τ27Μγ,Q86
15.0,Τ27Μγ,Q86.0
15.0,Τ27Μγ,Q86.1
15.0,Τ27Μγ,Q86.2
15.0,Τ27Μγ,Q86.8
15.0,Τ27Μγ,Q87.1
15.0,Τ27Μγ,Q87.2
15.0,Τ27Μγ,Q87.3
15.0,Τ27Μγ,Q87.4
15.0,Τ27Μγ,Q87.5
15.0,Τ27Μγ,Q89.0
15.0,Τ27Μγ,Q89.1
15.0,Τ27Μγ,Q89.2
15.0,Τ27Μγ,Q89.3
15.0,Τ27Μγ,Q90
15.0,Τ27Μγ,Q91
15.0,Τ27Μγ,Q92
15.0,Τ27Μγ,Q93
15.0,Τ27Μγ,Q96
15.0,Τ27Μγ,Q97
15.0,Τ27Μγ,Q97.0
15.0,Τ27Μγ,Q97.1
15.0,Τ27Μγ,Q97.2
15.0,Τ27Μγ,Q97.3
15.0,Τ27Μγ,Q97.9
15.0,Τ27Μγ,Q98
15.0,Τ27Μγ,Q98.0
15.0,Τ27Μγ,Q98.9
15.0,Τ27Μγ,Q99
15.0,Τ27Μγ,Q99.1
15.0,Τ27Μγ,Q99.2
15.0,Τ27Μγ,Q99.8
15.0,Τ27Μγ,P08.0
15.0,Τ27Μγ,P08.1
15.0,Τ26Μα,K72.0
15.0,Τ26Μα,P20
15.0,Τ26Μα,P21
15.0,Τ26Μα,P22.0
15.0,Τ26Μα,P24.0
15.0,Τ26Μα,P25.1
15.0,Τ26Μα,P25.2
15.0,Τ26Μα,P25.3
15.0,Τ26Μα,P26
15.0,Τ26Μα,P27.0
15.0,Τ26Μα,P28.0
15.0,Τ26Μα,P28.5
15.0,Τ26Μα,P29.0
15.0,Τ26Μα,P52.2
15.0,Τ26Μα,P56
15.0,Τ26Μα,P57
15.0,Τ26Μα,P60
15.0,Τ26Μα,P77
15.0,Τ26Μα,P78.8
15.0,Τ26Μα,P80.0
15.0,Τ26Μα,P83.2
15.0,Τ26Μα,P91.5
15.0,Τ26Μα,P94.0
15.0,Τ26Μα,P96.0
15.0,Τ26Μα,Q00
15.0,Τ26Μα,Q20
15.0,Τ26Μα,Q20.0
15.0,Τ26Μα,Q20.4
15.0,Τ26Μα,Q20.9
15.0,Τ26Μα,Q21.3
15.0,Τ26Μα,Q21.4
15.0,Τ26Μα,Q21.8
15.0,Τ26Μα,Q22.0
15.0,Τ26Μα,Q22.4
15.0,Τ26Μα,Q22.6
15.0,Τ26Μα,Q23.0
15.0,Τ26Μα,Q23.4
15.0,Τ26Μα,Q24.4
15.0,Τ26Μα,Q24.6
15.0,Τ26Μα,Q25.2
15.0,Τ26Μα,Q25.3
15.0,Τ26Μα,Q25.5
15.0,Τ26Μα,Q25.9
15.0,Τ26Μα,Q26.2
15.0,Τ26Μα,Q32.1
15.0,Τ26Μα,Q32.4
15.0,Τ26Μα,Q33.3
15.0,Τ26Μα,Q33.6
15.0,Τ26Μα,Q45.0
15.0,Τ26Μα,Q60.1
15.0,Τ26Μα,Q60.4
15.0,Τ26Μα,Q60.6
15.0,Τ26Μα,Q61
15.0,Τ26Μα,Q77.1
15.0,Τ27Μα,K72.0
15.0,Τ27Μα,P20
15.0,Τ27Μα,P21
15.0,Τ27Μα,P22.0
15.0,Τ27Μα,P24.0
15.0,Τ27Μα,P25.1
15.0,Τ27Μα,P25.2
15.0,Τ27Μα,P25.3
15.0,Τ27Μα,P26
15.0,Τ27Μα,P27.0
15.0,Τ27Μα,P28.0
15.0,Τ27Μα,P28.5
15.0,Τ27Μα,P29.0
15.0,Τ27Μα,P52.2
15.0,Τ27Μα,P56
15.0,Τ27Μα,P57
15.0,Τ27Μα,P60
15.0,Τ27Μα,P77
15.0,Τ27Μα,P78.8
15.0,Τ27Μα,P80.0
15.0,Τ27Μα,P83.2
15.0,Τ27Μα,P91.5
15.0,Τ27Μα,P94.0
15.0,Τ27Μα,P96.0
15.0,Τ27Μα,Q00
15.0,Τ27Μα,Q20
15.0,Τ27Μα,Q20.0
15.0,Τ27Μα,Q20.4
15.0,Τ27Μα,Q20.9
15.0,Τ27Μα,Q21.3
15.0,Τ27Μα,Q21.4
15.0,Τ27Μα,Q21.8
15.0,Τ27Μα,Q22.0
15.0,Τ27Μα,Q22.4
15.0,Τ27Μα,Q22.6
15.0,Τ27Μα,Q23.0
15.0,Τ27Μα,Q23.4
15.0,Τ27Μα,Q24.4
15.0,Τ27Μα,Q24.6
15.0,Τ27Μα,Q25.2
15.0,Τ27Μα,Q25.3
15.0,Τ27Μα,Q25.5
15.0,Τ27Μα,Q25.9
15.0,Τ27Μα,Q26.2
15.0,Τ27Μα,Q32.1
15.0,Τ27Μα,Q32.4
15.0,Τ27Μα,Q33.3
15.0,Τ27Μα,Q33.6
15.0,Τ27Μα,Q45.0
15.0,Τ27Μα,Q60.1
15.0,Τ27Μα,Q60.4
15.0,Τ27Μα,Q60.6
15.0,Τ27Μα,Q61
15.0,Τ27Μα,Q77.1
15.0,Τ26Μβ,P10
15.0,Τ26Μβ,P11.3
15.0,Τ26Μβ,P11.5
15.0,Τ26Μβ,P11.9
15.0,Τ26Μβ,P12.2
15.0,Τ26Μβ,P13.0
15.0,Τ26Μβ,P13.1
15.0,Τ26Μβ,P13.2
15.0,Τ26Μβ,P13.3
15.0,Τ26Μβ,P14.0
15.0,Τ26Μβ,P14.1
15.0,Τ26Μβ,P14.2
15.0,Τ26Μβ,P14.3
15.0,Τ26Μβ,P21.9
15.0,Τ26Μβ,P22
15.0,Τ26Μβ,P22.0
15.0,Τ26Μβ,P22.1
15.0,Τ26Μβ,P22.8
15.0,Τ26Μβ,P22.9
15.0,Τ26Μβ,P23
15.0,Τ26Μβ,P23.0
15.0,Τ26Μβ,P23.1
15.0,Τ26Μβ,P23.2
15.0,Τ26Μβ,P23.3
15.0,Τ26Μβ,P23.4
15.0,Τ26Μβ,P23.5
15.0,Τ26Μβ,P23.6
15.0,Τ26Μβ,P23.8
15.0,Τ26Μβ,P23.9
15.0,Τ26Μβ,P24
15.0,Τ26Μβ,P24.0
15.0,Τ26Μβ,P24.1
15.0,Τ26Μβ,P24.2
15.0,Τ26Μβ,P24.3
15.0,Τ26Μβ,P24.8
15.0,Τ26Μβ,P27.1
15.0,Τ26Μβ,P27.9
15.0,Τ26Μβ,P28.1
15.0,Τ26Μβ,P28.3
15.0,Τ26Μβ,P28.4
15.0,Τ26Μβ,P28.8
15.0,Τ26Μβ,P29.1
15.0,Τ26Μβ,P29.2
15.0,Τ26Μβ,P29.3
15.0,Τ26Μβ,P35
15.0,Τ26Μβ,P35.0
15.0,Τ26Μβ,P35.1
15.0,Τ26Μβ,P35.2
15.0,Τ26Μβ,P35.3
15.0,Τ26Μβ,P35.8
15.0,Τ26Μβ,P36
15.0,Τ26Μβ,P36.0
15.0,Τ26Μβ,P36.1
15.0,Τ26Μβ,P36.2
15.0,Τ26Μβ,P36.3
15.0,Τ26Μβ,P36.4
15.0,Τ26Μβ,P36.5
15.0,Τ26Μβ,P36.8
15.0,Τ26Μβ,P37
15.0,Τ26Μβ,P37.0
15.0,Τ26Μβ,P37.1
15.0,Τ26Μβ,P37.2
15.0,Τ26Μβ,P37.3
15.0,Τ26Μβ,P37.4
15.0,Τ26Μβ,P37.5
15.0,Τ26Μβ,P37.9
15.0,Τ26Μβ,P50.0
15.0,Τ26Μβ,P50.1
15.0,Τ26Μβ,P50.2
15.0,Τ26Μβ,P50.3
15.0,Τ26Μβ,P50.4
15.0,Τ26Μβ,P50.5
15.0,Τ26Μβ,P51.0
15.0,Τ26Μβ,P52.1
15.0,Τ26Μβ,P52.4
15.0,Τ26Μβ,P52.5
15.0,Τ26Μβ,P52.6
15.0,Τ26Μβ,P52.8
15.0,Τ26Μβ,P53
15.0,Τ26Μβ,P54.0
15.0,Τ26Μβ,P54.1
15.0,Τ26Μβ,P54.2
15.0,Τ26Μβ,P54.3
15.0,Τ26Μβ,P54.4
15.0,Τ26Μβ,P54.9
15.0,Τ26Μβ,P55
15.0,Τ26Μβ,P55.1
15.0,Τ26Μβ,P55.8
15.0,Τ26Μβ,P58
15.0,Τ26Μβ,P58.0
15.0,Τ26Μβ,P58.1
15.0,Τ26Μβ,P58.2
15.0,Τ26Μβ,P58.8
15.0,Τ26Μβ,P59.1
15.0,Τ26Μβ,P59.2
15.0,Τ26Μβ,P61.0
15.0,Τ26Μβ,P61.1
15.0,Τ26Μβ,P61.2
15.0,Τ26Μβ,P61.3
15.0,Τ26Μβ,P61.4
15.0,Τ26Μβ,P61.5
15.0,Τ26Μβ,P61.6
15.0,Τ26Μβ,P61.8
15.0,Τ26Μβ,P70.3
15.0,Τ26Μβ,P70.4
15.0,Τ26Μβ,P70.8
15.0,Τ26Μβ,P71
15.0,Τ26Μβ,P71.1
15.0,Τ26Μβ,P71.2
15.0,Τ26Μβ,P71.4
15.0,Τ26Μβ,P71.8
15.0,Τ26Μβ,P72.1
15.0,Τ26Μβ,P74.0
15.0,Τ26Μβ,P74.1
15.0,Τ26Μβ,P74.2
15.0,Τ26Μβ,P74.3
15.0,Τ26Μβ,P74.4
15.0,Τ26Μβ,P74.5
15.0,Τ26Μβ,P74.9
15.0,Τ26Μβ,P76.0
15.0,Τ26Μβ,P76.1
15.0,Τ26Μβ,P77
15.0,Τ26Μβ,P78.9
15.0,Τ26Μβ,P81.9
15.0,Τ26Μβ,P83
15.0,Τ26Μβ,P83.0
15.0,Τ26Μβ,P90
15.0,Τ26Μβ,P91.0
15.0,Τ26Μβ,P91.2
15.0,Τ26Μβ,P91.3
15.0,Τ26Μβ,P91.4
15.0,Τ26Μβ,P91.9
15.0,Τ26Μβ,P93
15.0,Τ26Μβ,P94
15.0,Τ26Μβ,P94.1
15.0,Τ26Μβ,P94.2
15.0,Τ26Μβ,P94.8
15.0,Τ26Μβ,P96.1
15.0,Τ26Μβ,P96.2
15.0,Τ26Μβ,P96.3
15.0,Τ26Μβ,Q04
15.0,Τ26Μβ,Q04.0
15.0,Τ26Μβ,Q04.1
15.0,Τ26Μβ,Q04.2
15.0,Τ26Μβ,Q04.3
15.0,Τ26Μβ,Q04.5
15.0,Τ26Μβ,Q04.6
15.0,Τ26Μβ,Q04.8
15.0,Τ26Μβ,Q04.9
15.0,Τ26Μβ,Q05
15.0,Τ26Μβ,Q05.9
15.0,Τ26Μβ,Q06.1
15.0,Τ26Μβ,Q06.3
15.0,Τ26Μβ,Q07.0
15.0,Τ26Μβ,Q11
15.0,Τ26Μβ,Q11.0
15.0,Τ26Μβ,Q11.1
15.0,Τ26Μβ,Q11.2
15.0,Τ26Μβ,Q15.0
15.0,Τ26Μβ,Q21
15.0,Τ26Μβ,Q22
15.0,Τ26Μβ,Q23.8
15.0,Τ26Μβ,Q25.0
15.0,Τ26Μβ,Q25.8
15.0,Τ26Μβ,Q26.9
15.0,Τ26Μβ,Q27
15.0,Τ26Μβ,Q27.1
15.0,Τ26Μβ,Q27.2
15.0,Τ26Μβ,Q28.0
15.0,Τ26Μβ,Q28.1
15.0,Τ26Μβ,Q28.2
15.0,Τ26Μβ,Q28.8
15.0,Τ26Μβ,Q28.9
15.0,Τ26Μβ,Q30.0
15.0,Τ26Μβ,Q30.1
15.0,Τ26Μβ,Q31.1
15.0,Τ26Μβ,Q31.2
15.0,Τ26Μβ,Q32
15.0,Τ26Μβ,Q32.0
15.0,Τ26Μβ,Q32.2
15.0,Τ26Μβ,Q32.3
15.0,Τ26Μβ,Q33.0
15.0,Τ26Μβ,Q33.2
15.0,Τ26Μβ,Q33.4
15.0,Τ26Μβ,Q33.9
15.0,Τ26Μβ,Q34.0
15.0,Τ26Μβ,Q39.3
15.0,Τ26Μβ,Q39.5
15.0,Τ26Μβ,Q43.2
15.0,Τ26Μβ,Q44.6
15.0,Τ26Μβ,Q44.7
15.0,Τ26Μβ,Q56
15.0,Τ26Μβ,Q56.0
15.0,Τ26Μβ,Q56.1
15.0,Τ26Μβ,Q56.2
15.0,Τ26Μβ,Q56.3
15.0,Τ26Μβ,Q56.4
15.0,Τ26Μβ,Q74.3
15.0,Τ26Μβ,Q78.0
15.0,Τ26Μβ,Q80.0
15.0,Τ26Μβ,Q80.1
15.0,Τ26Μβ,Q80.2
15.0,Τ26Μβ,Q80.3
15.0,Τ26Μβ,Q80.4
15.0,Τ26Μβ,Q81
15.0,Τ27Μβ,P10
15.0,Τ27Μβ,P11.3
15.0,Τ27Μβ,P11.5
15.0,Τ27Μβ,P11.9
15.0,Τ27Μβ,P12.2
15.0,Τ27Μβ,P13.0
15.0,Τ27Μβ,P13.1
15.0,Τ27Μβ,P13.2
15.0,Τ27Μβ,P13.3
15.0,Τ27Μβ,P14.0
15.0,Τ27Μβ,P14.1
15.0,Τ27Μβ,P14.2
15.0,Τ27Μβ,P14.3
15.0,Τ27Μβ,P21.9
15.0,Τ27Μβ,P22
15.0,Τ27Μβ,P22.0
15.0,Τ27Μβ,P22.1
15.0,Τ27Μβ,P22.8
15.0,Τ27Μβ,P22.9
15.0,Τ27Μβ,P23
15.0,Τ27Μβ,P23.0
15.0,Τ27Μβ,P23.1
15.0,Τ27Μβ,P23.2
15.0,Τ27Μβ,P23.3
15.0,Τ27Μβ,P23.4
15.0,Τ27Μβ,P23.5
15.0,Τ27Μβ,P23.6
15.0,Τ27Μβ,P23.8
15.0,Τ27Μβ,P23.9
15.0,Τ27Μβ,P24
15.0,Τ27Μβ,P24.0
15.0,Τ27Μβ,P24.1
15.0,Τ27Μβ,P24.2
15.0,Τ27Μβ,P24.3
15.0,Τ27Μβ,P24.8
15.0,Τ27Μβ,P27.1
15.0,Τ27Μβ,P27.9
15.0,Τ27Μβ,P28.1
15.0,Τ27Μβ,P28.3
15.0,Τ27Μβ,P28.4
15.0,Τ27Μβ,P28.8
15.0,Τ27Μβ,P29.1
15.0,Τ27Μβ,P29.2
15.0,Τ27Μβ,P29.3
15.0,Τ27Μβ,P35
15.0,Τ27Μβ,P35.0
15.0,Τ27Μβ,P35.1
15.0,Τ27Μβ,P35.2
15.0,Τ27Μβ,P35.3
15.0,Τ27Μβ,P35.8
15.0,Τ27Μβ,P36
15.0,Τ27Μβ,P36.0
15.0,Τ27Μβ,P36.1
15.0,Τ27Μβ,P36.2
15.0,Τ27Μβ,P36.3
15.0,Τ27Μβ,P36.4
15.0,Τ27Μβ,P36.5
15.0,Τ27Μβ,P36.8
15.0,Τ27Μβ,P37
15.0,Τ27Μβ,P37.0
15.0,Τ27Μβ,P37.1
15.0,Τ27Μβ,P37.2
15.0,Τ27Μβ,P37.3
15.0,Τ27Μβ,P37.4
15.0,Τ27Μβ,P37.5
15.0,Τ27Μβ,P37.9
15.0,Τ27Μβ,P50.0
15.0,Τ27Μβ,P50.1
15.0,Τ27Μβ,P50.2
15.0,Τ27Μβ,P50.3
15.0,Τ27Μβ,P50.4
15.0,Τ27Μβ,P50.5
15.0,Τ27Μβ,P51.0
15.0,Τ27Μβ,P52.1
15.0,Τ27Μβ,P52.4
15.0,Τ27Μβ,P52.5
15.0,Τ27Μβ,P52.6
15.0,Τ27Μβ,P52.8
15.0,Τ27Μβ,P53
15.0,Τ27Μβ,P54.0
15.0,Τ27Μβ,P54.1
15.0,Τ27Μβ,P54.2
15.0,Τ27Μβ,P54.3
15.0,Τ27Μβ,P54.4
15.0,Τ27Μβ,P54.9
15.0,Τ27Μβ,P55
15.0,Τ27Μβ,P55.1
15.0,Τ27Μβ,P55.8
15.0,Τ27Μβ,P58
15.0,Τ27Μβ,P58.0
15.0,Τ27Μβ,P58.1
15.0,Τ27Μβ,P58.2
15.0,Τ27Μβ,P58.8
15.0,Τ27Μβ,P59.1
15.0,Τ27Μβ,P59.2
15.0,Τ27Μβ,P61.0
15.0,Τ27Μβ,P61.1
15.0,Τ27Μβ,P61.2
15.0,Τ27Μβ,P61.3
15.0,Τ27Μβ,P61.4
15.0,Τ27Μβ,P61.5
15.0,Τ27Μβ,P61.6
15.0,Τ27Μβ,P61.8
15.0,Τ27Μβ,P70.3
15.0,Τ27Μβ,P70.4
15.0,Τ27Μβ,P70.8
15.0,Τ27Μβ,P71
15.0,Τ27Μβ,P71.1
15.0,Τ27Μβ,P71.2
15.0,Τ27Μβ,P71.4
15.0,Τ27Μβ,P71.8
15.0,Τ27Μβ,P72.1
15.0,Τ27Μβ,P74.0
15.0,Τ27Μβ,P74.1
15.0,Τ27Μβ,P74.2
15.0,Τ27Μβ,P74.3
15.0,Τ27Μβ,P74.4
15.0,Τ27Μβ,P74.5
15.0,Τ27Μβ,P74.9
15.0,Τ27Μβ,P76.0
15.0,Τ27Μβ,P76.1
15.0,Τ27Μβ,P77
15.0,Τ27Μβ,P78.9
15.0,Τ27Μβ,P81.9
15.0,Τ27Μβ,P83
15.0,Τ27Μβ,P83.0
15.0,Τ27Μβ,P90
15.0,Τ27Μβ,P91.0
15.0,Τ27Μβ,P91.2
15.0,Τ27Μβ,P91.3
15.0,Τ27Μβ,P91.4
15.0,Τ27Μβ,P91.9
15.0,Τ27Μβ,P93
15.0,Τ27Μβ,P94
15.0,Τ27Μβ,P94.1
15.0,Τ27Μβ,P94.2
15.0,Τ27Μβ,P94.8
15.0,Τ27Μβ,P96.1
15.0,Τ27Μβ,P96.2
15.0,Τ27Μβ,P96.3
15.0,Τ27Μβ,Q04
15.0,Τ27Μβ,Q04.0
15.0,Τ27Μβ,Q04.1
15.0,Τ27Μβ,Q04.2
15.0,Τ27Μβ,Q04.3
15.0,Τ27Μβ,Q04.5
15.0,Τ27Μβ,Q04.6
15.0,Τ27Μβ,Q04.8
15.0,Τ27Μβ,Q04.9
15.0,Τ27Μβ,Q05
15.0,Τ27Μβ,Q05.9
15.0,Τ27Μβ,Q06.1
15.0,Τ27Μβ,Q06.3
15.0,Τ27Μβ,Q07.0
15.0,Τ27Μβ,Q11
15.0,Τ27Μβ,Q11.0
15.0,Τ27Μβ,Q11.1
15.0,Τ27Μβ,Q11.2
15.0,Τ27Μβ,Q15.0
15.0,Τ27Μβ,Q21
15.0,Τ27Μβ,Q22
15.0,Τ27Μβ,Q23.8
15.0,Τ27Μβ,Q25.0
15.0,Τ27Μβ,Q25.8
15.0,Τ27Μβ,Q26.9
15.0,Τ27Μβ,Q27
15.0,Τ27Μβ,Q27.1
15.0,Τ27Μβ,Q27.2
15.0,Τ27Μβ,Q28.0
15.0,Τ27Μβ,Q28.1
15.0,Τ27Μβ,Q28.2
15.0,Τ27Μβ,Q28.8
15.0,Τ27Μβ,Q28.9
15.0,Τ27Μβ,Q30.0
15.0,Τ27Μβ,Q30.1
15.0,Τ27Μβ,Q31.1
15.0,Τ27Μβ,Q31.2
15.0,Τ27Μβ,Q32
15.0,Τ27Μβ,Q32.0
15.0,Τ27Μβ,Q32.2
15.0,Τ27Μβ,Q32.3
15.0,Τ27Μβ,Q33.0
15.0,Τ27Μβ,Q33.2
15.0,Τ27Μβ,Q33.4
15.0,Τ27Μβ,Q33.9
15.0,Τ27Μβ,Q34.0
15.0,Τ27Μβ,Q39.3
15.0,Τ27Μβ,Q39.5
15.0,Τ27Μβ,Q43.2
15.0,Τ27Μβ,Q44.6
15.0,Τ27Μβ,Q44.7
15.0,Τ27Μβ,Q56
15.0,Τ27Μβ,Q56.0
15.0,Τ27Μβ,Q56.1
15.0,Τ27Μβ,Q56.2
15.0,Τ27Μβ,Q56.3
15.0,Τ27Μβ,Q56.4
15.0,Τ27Μβ,Q74.3
15.0,Τ27Μβ,Q78.0
15.0,Τ27Μβ,Q80.0
15.0,Τ27Μβ,Q80.1
15.0,Τ27Μβ,Q80.2
15.0,Τ27Μβ,Q80.3
15.0,Τ27Μβ,Q80.4
15.0,Τ27Μβ,Q81
15.0,Τ25Χ,P07.1
15.0,Τ26Χ,P07.1
15.0,Τ27Χ,O82
15.0,Τ27Χ,O80
15.0,Τ23Α,P05.1
15.0,Τ23Α,P05.1
15.0,Τ23Α,P05.9
15.0,Τ23Α,P05.9
15.0,Τ23Α,P07.3
15.0,Τ23Α,P07.3
15.0,Τ23Α,P10
15.0,Τ23Α,P10
15.0,Τ23Α,P10.0
15.0,Τ23Α,P10.0
15.0,Τ23Α,P10.1
15.0,Τ23Α,P10.1
15.0,Τ23Α,P10.2
15.0,Τ23Α,P10.2
15.0,Τ23Α,P10.4
15.0,Τ23Α,P10.4
15.0,Τ23Α,P10.8
15.0,Τ23Α,P10.8
15.0,Τ23Α,P10.9
15.0,Τ23Α,P10.9
15.0,Τ23Α,P11
15.0,Τ23Α,P11
15.0,Τ23Α,P11.0
15.0,Τ23Α,P11.0
15.0,Τ23Α,P11.1
15.0,Τ23Α,P11.1
15.0,Τ23Α,P11.2
15.0,Τ23Α,P11.2
15.0,Τ23Α,P11.3
15.0,Τ23Α,P11.3
15.0,Τ23Α,P11.4
15.0,Τ23Α,P11.4
15.0,Τ23Α,P11.5
15.0,Τ23Α,P11.5
15.0,Τ23Α,P11.9
15.0,Τ23Α,P11.9
15.0,Τ23Α,P12
15.0,Τ23Α,P12
15.0,Τ23Α,P12.0
15.0,Τ23Α,P12.0
15.0,Τ23Α,P12.1
15.0,Τ23Α,P12.1
15.0,Τ23Α,P12.2
15.0,Τ23Α,P12.2
15.0,Τ23Α,P12.3
15.0,Τ23Α,P12.3
15.0,Τ23Α,P12.4
15.0,Τ23Α,P12.4
15.0,Τ23Α,P12.8
15.0,Τ23Α,P12.8
15.0,Τ23Α,P12.9
15.0,Τ23Α,P12.9
15.0,Τ23Α,P13
15.0,Τ23Α,P13
15.0,Τ23Α,P13.0
15.0,Τ23Α,P13.0
15.0,Τ23Α,P13.1
15.0,Τ23Α,P13.1
15.0,Τ23Α,P13.2
15.0,Τ23Α,P13.2
15.0,Τ23Α,P13.3
15.0,Τ23Α,P13.3
15.0,Τ23Α,P13.4
15.0,Τ23Α,P13.4
15.0,Τ23Α,P13.8
15.0,Τ23Α,P13.8
15.0,Τ23Α,P13.9
15.0,Τ23Α,P13.9
15.0,Τ23Α,P14
15.0,Τ23Α,P14
15.0,Τ23Α,P14.0
15.0,Τ23Α,P14.0
15.0,Τ23Α,P14.1
15.0,Τ23Α,P14.1
15.0,Τ23Α,P14.2
15.0,Τ23Α,P14.2
15.0,Τ23Α,P14.3
15.0,Τ23Α,P14.3
15.0,Τ23Α,P14.8
15.0,Τ23Α,P14.8
15.0,Τ23Α,P14.9
15.0,Τ23Α,P14.9
15.0,Τ23Α,P15.2
15.0,Τ23Α,P15.2
15.0,Τ23Α,P15.3
15.0,Τ23Α,P15.3
15.0,Τ23Α,P15.4
15.0,Τ23Α,P15.4
15.0,Τ23Α,P15.6
15.0,Τ23Α,P15.6
15.0,Τ23Α,P15.8
15.0,Τ23Α,P15.8
15.0,Τ23Α,P15.9
15.0,Τ23Α,P15.9
15.0,Τ23Α,P20
15.0,Τ23Α,P20
15.0,Τ23Α,P21
15.0,Τ23Α,P21
15.0,Τ23Α,P21.9
15.0,Τ23Α,P21.9
15.0,Τ23Α,P22
15.0,Τ23Α,P22
15.0,Τ23Α,P22.0
15.0,Τ23Α,P22.0
15.0,Τ23Α,P22.1
15.0,Τ23Α,P22.1
15.0,Τ23Α,P22.8
15.0,Τ23Α,P22.8
15.0,Τ23Α,P22.9
15.0,Τ23Α,P22.9
15.0,Τ23Α,P23
15.0,Τ23Α,P23
15.0,Τ23Α,P23.0
15.0,Τ23Α,P23.0
15.0,Τ23Α,P23.1
15.0,Τ23Α,P23.1
15.0,Τ23Α,P23.2
15.0,Τ23Α,P23.2
15.0,Τ23Α,P23.3
15.0,Τ23Α,P23.3
15.0,Τ23Α,P23.4
15.0,Τ23Α,P23.4
15.0,Τ23Α,P23.5
15.0,Τ23Α,P23.5
15.0,Τ23Α,P23.6
15.0,Τ23Α,P23.6
15.0,Τ23Α,P23.8
15.0,Τ23Α,P23.8
15.0,Τ23Α,P24
15.0,Τ23Α,P24
15.0,Τ23Α,P24.0
15.0,Τ23Α,P24.0
15.0,Τ23Α,P24.1
15.0,Τ23Α,P24.1
15.0,Τ23Α,P24.2
15.0,Τ23Α,P24.2
15.0,Τ23Α,P24.3
15.0,Τ23Α,P24.3
15.0,Τ23Α,P24.8
15.0,Τ23Α,P24.8
15.0,Τ23Α,P24.9
15.0,Τ23Α,P24.9
15.0,Τ23Α,P25
15.0,Τ23Α,P25
15.0,Τ23Α,P25.0
15.0,Τ23Α,P25.0
15.0,Τ23Α,P25.1
15.0,Τ23Α,P25.1
15.0,Τ23Α,P25.2
15.0,Τ23Α,P25.2
15.0,Τ23Α,P25.3
15.0,Τ23Α,P25.3
15.0,Τ23Α,P25.8
15.0,Τ23Α,P25.8
15.0,Τ23Α,P26
15.0,Τ23Α,P26
15.0,Τ23Α,P26.0
15.0,Τ23Α,P26.0
15.0,Τ23Α,P26.1
15.0,Τ23Α,P26.1
15.0,Τ23Α,P26.8
15.0,Τ23Α,P26.8
15.0,Τ23Α,P26.9
15.0,Τ23Α,P26.9
15.0,Τ23Α,P27
15.0,Τ23Α,P27
15.0,Τ23Α,P27.0
15.0,Τ23Α,P27.0
15.0,Τ23Α,P27.1
15.0,Τ23Α,P27.8
15.0,Τ23Α,P27.8
15.0,Τ23Α,P27.9
15.0,Τ23Α,P27.9
15.0,Τ23Α,P28
15.0,Τ23Α,P28
15.0,Τ23Α,P28.0
15.0,Τ23Α,P28.0
15.0,Τ23Α,P28.1
15.0,Τ23Α,P28.1
15.0,Τ23Α,P28.2
15.0,Τ23Α,P28.2
15.0,Τ23Α,P28.3
15.0,Τ23Α,P28.4
15.0,Τ23Α,P28.4
15.0,Τ23Α,P28.5
15.0,Τ23Α,P28.5
15.0,Τ23Α,P28.8
15.0,Τ23Α,P28.8
15.0,Τ23Α,P28.9
15.0,Τ23Α,P28.9
15.0,Τ23Α,P29
15.0,Τ23Α,P29
15.0,Τ23Α,P29.0
15.0,Τ23Α,P29.0
15.0,Τ23Α,P29.1
15.0,Τ23Α,P29.1
15.0,Τ23Α,P29.2
15.0,Τ23Α,P29.2
15.0,Τ23Α,P29.3
15.0,Τ23Α,P29.3
15.0,Τ23Α,P29.4
15.0,Τ23Α,P29.4
15.0,Τ23Α,P29.9
15.0,Τ23Α,P29.9
15.0,Τ23Α,P35
15.0,Τ23Α,P35
15.0,Τ23Α,P35.0
15.0,Τ23Α,P35.0
15.0,Τ23Α,P35.1
15.0,Τ23Α,P35.1
15.0,Τ23Α,P35.3
15.0,Τ23Α,P35.3
15.0,Τ23Α,P35.8
15.0,Τ23Α,P35.8
15.0,Τ23Α,P35.9
15.0,Τ23Α,P35.9
15.0,Τ23Α,P36
15.0,Τ23Α,P36
15.0,Τ23Α,P36.0
15.0,Τ23Α,P36.0
15.0,Τ23Α,P36.1
15.0,Τ23Α,P36.1
15.0,Τ23Α,P36.2
15.0,Τ23Α,P36.2
15.0,Τ23Α,P36.3
15.0,Τ23Α,P36.3
15.0,Τ23Α,P36.4
15.0,Τ23Α,P36.4
15.0,Τ23Α,P36.5
15.0,Τ23Α,P36.5
15.0,Τ23Α,P36.8
15.0,Τ23Α,P36.8
15.0,Τ23Α,P36.9
15.0,Τ23Α,P36.9
15.0,Τ23Α,P37
15.0,Τ23Α,P37
15.0,Τ23Α,P37.0
15.0,Τ23Α,P37.0
15.0,Τ23Α,P37.1
15.0,Τ23Α,P37.1
15.0,Τ23Α,P37.2
15.0,Τ23Α,P37.2
15.0,Τ23Α,P37.3
15.0,Τ23Α,P37.3
15.0,Τ23Α,P37.4
15.0,Τ23Α,P37.4
15.0,Τ23Α,P37.5
15.0,Τ23Α,P37.5
15.0,Τ23Α,P37.8
15.0,Τ23Α,P37.8
15.0,Τ23Α,P37.9
15.0,Τ23Α,P37.9
15.0,Τ23Α,P38
15.0,Τ23Α,P38
15.0,Τ23Α,P39
15.0,Τ23Α,P39
15.0,Τ23Α,P39.0
15.0,Τ23Α,P39.0
15.0,Τ23Α,P39.1
15.0,Τ23Α,P39.1
15.0,Τ23Α,P39.2
15.0,Τ23Α,P39.2
15.0,Τ23Α,P39.4
15.0,Τ23Α,P39.4
15.0,Τ23Α,P50
15.0,Τ23Α,P50
15.0,Τ23Α,P50.0
15.0,Τ23Α,P50.0
15.0,Τ23Α,P50.1
15.0,Τ23Α,P50.1
15.0,Τ23Α,P50.2
15.0,Τ23Α,P50.2
15.0,Τ23Α,P50.3
15.0,Τ23Α,P50.3
15.0,Τ23Α,P50.4
15.0,Τ23Α,P50.4
15.0,Τ23Α,P50.5
15.0,Τ23Α,P50.5
15.0,Τ23Α,P50.8
15.0,Τ23Α,P50.8
15.0,Τ23Α,P50.9
15.0,Τ23Α,P50.9
15.0,Τ23Α,P51
15.0,Τ23Α,P51
15.0,Τ23Α,P51.0
15.0,Τ23Α,P51.0
15.0,Τ23Α,P51.8
15.0,Τ23Α,P51.8
15.0,Τ23Α,P51.9
15.0,Τ23Α,P51.9
15.0,Τ23Α,P52
15.0,Τ23Α,P52
15.0,Τ23Α,P52.0
15.0,Τ23Α,P52.0
15.0,Τ23Α,P52.1
15.0,Τ23Α,P52.1
15.0,Τ23Α,P52.2
15.0,Τ23Α,P52.2
15.0,Τ23Α,P52.3
15.0,Τ23Α,P52.3
15.0,Τ23Α,P52.4
15.0,Τ23Α,P52.4
15.0,Τ23Α,P52.5
15.0,Τ23Α,P52.5
15.0,Τ23Α,P52.6
15.0,Τ23Α,P52.6
15.0,Τ23Α,P52.8
15.0,Τ23Α,P52.8
15.0,Τ23Α,P52.9
15.0,Τ23Α,P52.9
15.0,Τ23Α,P53
15.0,Τ23Α,P53
15.0,Τ23Α,P54
15.0,Τ23Α,P54
15.0,Τ23Α,P54.0
15.0,Τ23Α,P54.0
15.0,Τ23Α,P54.1
15.0,Τ23Α,P54.1
15.0,Τ23Α,P54.2
15.0,Τ23Α,P54.2
15.0,Τ23Α,P54.3
15.0,Τ23Α,P54.3
15.0,Τ23Α,P54.4
15.0,Τ23Α,P54.4
15.0,Τ23Α,P54.5
15.0,Τ23Α,P54.5
15.0,Τ23Α,P54.6
15.0,Τ23Α,P54.6
15.0,Τ23Α,P54.8
15.0,Τ23Α,P54.8
15.0,Τ23Α,P54.9
15.0,Τ23Α,P54.9
15.0,Τ23Α,P55
15.0,Τ23Α,P55
15.0,Τ23Α,P55.1
15.0,Τ23Α,P55.1
15.0,Τ23Α,P55.8
15.0,Τ23Α,P55.8
15.0,Τ23Α,P55.9
15.0,Τ23Α,P55.9
15.0,Τ23Α,P56
15.0,Τ23Α,P56
15.0,Τ23Α,P56.0
15.0,Τ23Α,P56.0
15.0,Τ23Α,P56.9
15.0,Τ23Α,P56.9
15.0,Τ23Α,P57
15.0,Τ23Α,P57
15.0,Τ23Α,P57.8
15.0,Τ23Α,P57.8
15.0,Τ23Α,P57.9
15.0,Τ23Α,P57.9
15.0,Τ23Α,P58
15.0,Τ23Α,P58
15.0,Τ23Α,P58.0
15.0,Τ23Α,P58.0
15.0,Τ23Α,P58.1
15.0,Τ23Α,P58.1
15.0,Τ23Α,P58.2
15.0,Τ23Α,P58.2
15.0,Τ23Α,P58.4
15.0,Τ23Α,P58.4
15.0,Τ23Α,P58.8
15.0,Τ23Α,P58.8
15.0,Τ23Α,P58.9
15.0,Τ23Α,P58.9
15.0,Τ23Α,P59
15.0,Τ23Α,P59
15.0,Τ23Α,P59.0
15.0,Τ23Α,P59.0
15.0,Τ23Α,P59.1
15.0,Τ23Α,P59.1
15.0,Τ23Α,P59.2
15.0,Τ23Α,P59.2
15.0,Τ23Α,P59.3
15.0,Τ23Α,P59.3
15.0,Τ23Α,P59.8
15.0,Τ23Α,P59.8
15.0,Τ23Α,P59.9
15.0,Τ23Α,P59.9
15.0,Τ23Α,P60
15.0,Τ23Α,P60
15.0,Τ23Α,P61
15.0,Τ23Α,P61
15.0,Τ23Α,P61.0
15.0,Τ23Α,P61.0
15.0,Τ23Α,P61.1
15.0,Τ23Α,P61.1
15.0,Τ23Α,P61.2
15.0,Τ23Α,P61.2
15.0,Τ23Α,P61.3
15.0,Τ23Α,P61.3
15.0,Τ23Α,P61.4
15.0,Τ23Α,P61.4
15.0,Τ23Α,P61.5
15.0,Τ23Α,P61.5
15.0,Τ23Α,P61.6
15.0,Τ23Α,P61.6
15.0,Τ23Α,P61.8
15.0,Τ23Α,P61.8
15.0,Τ23Α,P61.9
15.0,Τ23Α,P61.9
15.0,Τ23Α,P70
15.0,Τ23Α,P70
15.0,Τ23Α,P70.0
15.0,Τ23Α,P70.0
15.0,Τ23Α,P70.1
15.0,Τ23Α,P70.1
15.0,Τ23Α,P70.2
15.0,Τ23Α,P70.2
15.0,Τ23Α,P70.3
15.0,Τ23Α,P70.3
15.0,Τ23Α,P70.4
15.0,Τ23Α,P70.4
15.0,Τ23Α,P70.8
15.0,Τ23Α,P70.8
15.0,Τ23Α,P70.9
15.0,Τ23Α,P70.9
15.0,Τ23Α,P71
15.0,Τ23Α,P71
15.0,Τ23Α,P71.0
15.0,Τ23Α,P71.0
15.0,Τ23Α,P71.1
15.0,Τ23Α,P71.1
15.0,Τ23Α,P71.2
15.0,Τ23Α,P71.2
15.0,Τ23Α,P71.3
15.0,Τ23Α,P71.3
15.0,Τ23Α,P71.4
15.0,Τ23Α,P71.4
15.0,Τ23Α,P71.8
15.0,Τ23Α,P71.8
15.0,Τ23Α,P71.9
15.0,Τ23Α,P71.9
15.0,Τ23Α,P72
15.0,Τ23Α,P72
15.0,Τ23Α,P72.0
15.0,Τ23Α,P72.0
15.0,Τ23Α,P72.1
15.0,Τ23Α,P72.1
15.0,Τ23Α,P72.2
15.0,Τ23Α,P72.2
15.0,Τ23Α,P72.8
15.0,Τ23Α,P72.8
15.0,Τ23Α,P72.9
15.0,Τ23Α,P72.9
15.0,Τ23Α,P74
15.0,Τ23Α,P74
15.0,Τ23Α,P74.0
15.0,Τ23Α,P74.1
15.0,Τ23Α,P74.1
15.0,Τ23Α,P74.2
15.0,Τ23Α,P74.2
15.0,Τ23Α,P74.3
15.0,Τ23Α,P74.3
15.0,Τ23Α,P74.4
15.0,Τ23Α,P74.4
15.0,Τ23Α,P74.5
15.0,Τ23Α,P74.5
15.0,Τ23Α,P74.8
15.0,Τ23Α,P74.8
15.0,Τ23Α,P74.9
15.0,Τ23Α,P74.9
15.0,Τ23Α,P75*
15.0,Τ23Α,P75*
15.0,Τ23Α,P76
15.0,Τ23Α,P76
15.0,Τ23Α,P76.0
15.0,Τ23Α,P76.0
15.0,Τ23Α,P76.1
15.0,Τ23Α,P76.1
15.0,Τ23Α,P77
15.0,Τ23Α,P77
15.0,Τ23Α,P78
15.0,Τ23Α,P78
15.0,Τ23Α,P78.2
15.0,Τ23Α,P78.2
15.0,Τ23Α,P78.3
15.0,Τ23Α,P78.3
15.0,Τ23Α,P78.8
15.0,Τ23Α,P78.8
15.0,Τ23Α,P78.9
15.0,Τ23Α,P78.9
15.0,Τ23Α,P80
15.0,Τ23Α,P80
15.0,Τ23Α,P81
15.0,Τ23Α,P81
15.0,Τ23Α,P81.0
15.0,Τ23Α,P81.0
15.0,Τ23Α,P81.8
15.0,Τ23Α,P81.8
15.0,Τ23Α,P81.9
15.0,Τ23Α,P81.9
15.0,Τ23Α,P82
15.0,Τ23Α,P82
15.0,Τ23Α,P83
15.0,Τ23Α,P83
15.0,Τ23Α,P83.0
15.0,Τ23Α,P83.0
15.0,Τ23Α,P83.1
15.0,Τ23Α,P83.1
15.0,Τ23Α,P83.2
15.0,Τ23Α,P83.2
15.0,Τ23Α,P83.3
15.0,Τ23Α,P83.3
15.0,Τ23Α,P83.4
15.0,Τ23Α,P83.4
15.0,Τ23Α,P83.5
15.0,Τ23Α,P83.5
15.0,Τ23Α,P83.6
15.0,Τ23Α,P83.6
15.0,Τ23Α,P83.8
15.0,Τ23Α,P83.8
15.0,Τ23Α,P83.9
15.0,Τ23Α,P83.9
15.0,Τ23Α,P84
15.0,Τ23Α,P84
15.0,Τ23Α,P85
15.0,Τ23Α,P85
15.0,Τ23Α,P90
15.0,Τ23Α,P90
15.0,Τ23Α,P91
15.0,Τ23Α,P91
15.0,Τ23Α,P91.0
15.0,Τ23Α,P91.0
15.0,Τ23Α,P91.1
15.0,Τ23Α,P91.1
15.0,Τ23Α,P91.2
15.0,Τ23Α,P91.2
15.0,Τ23Α,P91.3
15.0,Τ23Α,P91.3
15.0,Τ23Α,P91.4
15.0,Τ23Α,P91.4
15.0,Τ23Α,P91.5
15.0,Τ23Α,P91.5
15.0,Τ23Α,P91.8
15.0,Τ23Α,P91.8
15.0,Τ23Α,P91.9
15.0,Τ23Α,P91.9
15.0,Τ23Α,P92
15.0,Τ23Α,P92
15.0,Τ23Α,P92.0
15.0,Τ23Α,P92.0
15.0,Τ23Α,P92.2
15.0,Τ23Α,P92.2
15.0,Τ23Α,P92.3
15.0,Τ23Α,P92.3
15.0,Τ23Α,P92.4
15.0,Τ23Α,P92.4
15.0,Τ23Α,P92.8
15.0,Τ23Α,P92.8
15.0,Τ23Α,P92.9
15.0,Τ23Α,P92.9
15.0,Τ23Α,P93
15.0,Τ23Α,P93
15.0,Τ23Α,P94
15.0,Τ23Α,P94
15.0,Τ23Α,P94.0
15.0,Τ23Α,P94.0
15.0,Τ23Α,P94.1
15.0,Τ23Α,P94.1
15.0,Τ23Α,P94.2
15.0,Τ23Α,P94.2
15.0,Τ23Α,P94.8
15.0,Τ23Α,P94.8
15.0,Τ23Α,P94.9
15.0,Τ23Α,P94.9
15.0,Τ23Α,P95
15.0,Τ23Α,P95
15.0,Τ23Α,P96.0
15.0,Τ23Α,P96.0
15.0,Τ23Α,P96.1
15.0,Τ23Α,P96.1
15.0,Τ23Α,P96.2
15.0,Τ23Α,P96.2
15.0,Τ23Α,Q00
15.0,Τ23Α,Q00
15.0,Τ23Α,Q00.0
15.0,Τ23Α,Q00.0
15.0,Τ23Α,Q00.1
15.0,Τ23Α,Q00.1
15.0,Τ23Α,Q00.2
15.0,Τ23Α,Q00.2
15.0,Τ23Α,Q02
15.0,Τ23Α,Q02
15.0,Τ23Α,Q04
15.0,Τ23Α,Q04
15.0,Τ23Α,Q04.0
15.0,Τ23Α,Q04.0
15.0,Τ23Α,Q04.1
15.0,Τ23Α,Q04.1
15.0,Τ23Α,Q04.2
15.0,Τ23Α,Q04.2
15.0,Τ23Α,Q04.3
15.0,Τ23Α,Q04.3
15.0,Τ23Α,Q04.4
15.0,Τ23Α,Q04.4
15.0,Τ23Α,Q04.5
15.0,Τ23Α,Q04.5
15.0,Τ23Α,Q04.6
15.0,Τ23Α,Q04.6
15.0,Τ23Α,Q04.8
15.0,Τ23Α,Q04.8
15.0,Τ23Α,Q04.9
15.0,Τ23Α,Q04.9
15.0,Τ23Α,Q05
15.0,Τ23Α,Q05
15.0,Τ23Α,Q06
15.0,Τ23Α,Q06
15.0,Τ23Α,Q06.1
15.0,Τ23Α,Q06.1
15.0,Τ23Α,Q06.2
15.0,Τ23Α,Q06.2
15.0,Τ23Α,Q06.3
15.0,Τ23Α,Q06.3
15.0,Τ23Α,Q06.4
15.0,Τ23Α,Q06.4
15.0,Τ23Α,Q06.9
15.0,Τ23Α,Q06.9
15.0,Τ23Α,Q07
15.0,Τ23Α,Q07
15.0,Τ23Α,Q07.0
15.0,Τ23Α,Q07.0
15.0,Τ23Α,Q07.8
15.0,Τ23Α,Q07.8
15.0,Τ23Α,Q07.9
15.0,Τ23Α,Q07.9
15.0,Τ23Α,Q10
15.0,Τ23Α,Q10
15.0,Τ23Α,Q10.0
15.0,Τ23Α,Q10.0
15.0,Τ23Α,Q10.1
15.0,Τ23Α,Q10.1
15.0,Τ23Α,Q10.2
15.0,Τ23Α,Q10.2
15.0,Τ23Α,Q10.4
15.0,Τ23Α,Q10.4
15.0,Τ23Α,Q10.5
15.0,Τ23Α,Q10.5
15.0,Τ23Α,Q10.6
15.0,Τ23Α,Q10.6
15.0,Τ23Α,Q10.7
15.0,Τ23Α,Q10.7
15.0,Τ23Α,Q11
15.0,Τ23Α,Q11
15.0,Τ23Α,Q11.0
15.0,Τ23Α,Q11.0
15.0,Τ23Α,Q11.1
15.0,Τ23Α,Q11.1
15.0,Τ23Α,Q11.2
15.0,Τ23Α,Q11.2
15.0,Τ23Α,Q11.3
15.0,Τ23Α,Q11.3
15.0,Τ23Α,Q12
15.0,Τ23Α,Q12
15.0,Τ23Α,Q12.0
15.0,Τ23Α,Q12.0
15.0,Τ23Α,Q12.1
15.0,Τ23Α,Q12.1
15.0,Τ23Α,Q12.2
15.0,Τ23Α,Q12.2
15.0,Τ23Α,Q12.3
15.0,Τ23Α,Q12.3
15.0,Τ23Α,Q12.4
15.0,Τ23Α,Q12.4
15.0,Τ23Α,Q12.8
15.0,Τ23Α,Q12.8
15.0,Τ23Α,Q12.9
15.0,Τ23Α,Q12.9
15.0,Τ23Α,Q13
15.0,Τ23Α,Q13
15.0,Τ23Α,Q13.0
15.0,Τ23Α,Q13.0
15.0,Τ23Α,Q13.1
15.0,Τ23Α,Q13.1
15.0,Τ23Α,Q13.2
15.0,Τ23Α,Q13.2
15.0,Τ23Α,Q13.3
15.0,Τ23Α,Q13.3
15.0,Τ23Α,Q13.4
15.0,Τ23Α,Q13.4
15.0,Τ23Α,Q13.5
15.0,Τ23Α,Q13.5
15.0,Τ23Α,Q13.8
15.0,Τ23Α,Q13.8
15.0,Τ23Α,Q13.9
15.0,Τ23Α,Q13.9
15.0,Τ23Α,Q14.0
15.0,Τ23Α,Q14.0
15.0,Τ23Α,Q14.1
15.0,Τ23Α,Q14.1
15.0,Τ23Α,Q14.2
15.0,Τ23Α,Q14.2
15.0,Τ23Α,Q14.3
15.0,Τ23Α,Q14.3
15.0,Τ23Α,Q14.8
15.0,Τ23Α,Q14.8
15.0,Τ23Α,Q14.9
15.0,Τ23Α,Q14.9
15.0,Τ23Α,Q15
15.0,Τ23Α,Q15
15.0,Τ23Α,Q15.0
15.0,Τ23Α,Q15.0
15.0,Τ23Α,Q15.8
15.0,Τ23Α,Q15.8
15.0,Τ23Α,Q15.9
15.0,Τ23Α,Q15.9
15.0,Τ23Α,Q16
15.0,Τ23Α,Q16
15.0,Τ23Α,Q16.0
15.0,Τ23Α,Q16.0
15.0,Τ23Α,Q16.1
15.0,Τ23Α,Q16.1
15.0,Τ23Α,Q16.2
15.0,Τ23Α,Q16.2
15.0,Τ23Α,Q16.3
15.0,Τ23Α,Q16.3
15.0,Τ23Α,Q16.4
15.0,Τ23Α,Q16.4
15.0,Τ23Α,Q16.5
15.0,Τ23Α,Q16.5
15.0,Τ23Α,Q16.9
15.0,Τ23Α,Q16.9
15.0,Τ23Α,Q17
15.0,Τ23Α,Q17
15.0,Τ23Α,Q17.0
15.0,Τ23Α,Q17.0
15.0,Τ23Α,Q17.1
15.0,Τ23Α,Q17.1
15.0,Τ23Α,Q17.2
15.0,Τ23Α,Q17.2
15.0,Τ23Α,Q17.3
15.0,Τ23Α,Q17.3
15.0,Τ23Α,Q17.4
15.0,Τ23Α,Q17.4
15.0,Τ23Α,Q17.5
15.0,Τ23Α,Q17.5
15.0,Τ23Α,Q17.8
15.0,Τ23Α,Q17.8
15.0,Τ23Α,Q17.9
15.0,Τ23Α,Q17.9
15.0,Τ23Α,Q18
15.0,Τ23Α,Q18
15.0,Τ23Α,Q18.0
15.0,Τ23Α,Q18.0
15.0,Τ23Α,Q18.1
15.0,Τ23Α,Q18.1
15.0,Τ23Α,Q18.2
15.0,Τ23Α,Q18.2
15.0,Τ23Α,Q18.3
15.0,Τ23Α,Q18.3
15.0,Τ23Α,Q18.4
15.0,Τ23Α,Q18.4
15.0,Τ23Α,Q18.5
15.0,Τ23Α,Q18.5
15.0,Τ23Α,Q18.6
15.0,Τ23Α,Q18.6
15.0,Τ23Α,Q18.7
15.0,Τ23Α,Q18.7
15.0,Τ23Α,Q18.8
15.0,Τ23Α,Q18.8
15.0,Τ23Α,Q18.9
15.0,Τ23Α,Q18.9
15.0,Τ23Α,Q20
15.0,Τ23Α,Q20
15.0,Τ23Α,Q20.0
15.0,Τ23Α,Q20.0
15.0,Τ23Α,Q20.1
15.0,Τ23Α,Q20.1
15.0,Τ23Α,Q20.2
15.0,Τ23Α,Q20.2
15.0,Τ23Α,Q20.3
15.0,Τ23Α,Q20.3
15.0,Τ23Α,Q20.4
15.0,Τ23Α,Q20.4
15.0,Τ23Α,Q20.5
15.0,Τ23Α,Q20.5
15.0,Τ23Α,Q20.6
15.0,Τ23Α,Q20.6
15.0,Τ23Α,Q20.8
15.0,Τ23Α,Q20.8
15.0,Τ23Α,Q20.9
15.0,Τ23Α,Q20.9
15.0,Τ23Α,Q21
15.0,Τ23Α,Q21
15.0,Τ23Α,Q21.0
15.0,Τ23Α,Q21.0
15.0,Τ23Α,Q21.1
15.0,Τ23Α,Q21.1
15.0,Τ23Α,Q21.2
15.0,Τ23Α,Q21.2
15.0,Τ23Α,Q21.3
15.0,Τ23Α,Q21.3
15.0,Τ23Α,Q21.4
15.0,Τ23Α,Q21.4
15.0,Τ23Α,Q21.8
15.0,Τ23Α,Q21.8
15.0,Τ23Α,Q21.9
15.0,Τ23Α,Q21.9
15.0,Τ23Α,Q22
15.0,Τ23Α,Q22
15.0,Τ23Α,Q22.0
15.0,Τ23Α,Q22.0
15.0,Τ23Α,Q22.1
15.0,Τ23Α,Q22.1
15.0,Τ23Α,Q22.2
15.0,Τ23Α,Q22.2
15.0,Τ23Α,Q22.3
15.0,Τ23Α,Q22.3
15.0,Τ23Α,Q22.4
15.0,Τ23Α,Q22.4
15.0,Τ23Α,Q22.5
15.0,Τ23Α,Q22.5
15.0,Τ23Α,Q22.6
15.0,Τ23Α,Q22.6
15.0,Τ23Α,Q22.8
15.0,Τ23Α,Q22.8
15.0,Τ23Α,Q22.9
15.0,Τ23Α,Q22.9
15.0,Τ23Α,Q23
15.0,Τ23Α,Q23
15.0,Τ23Α,Q23.0
15.0,Τ23Α,Q23.0
15.0,Τ23Α,Q23.1
15.0,Τ23Α,Q23.1
15.0,Τ23Α,Q23.2
15.0,Τ23Α,Q23.2
15.0,Τ23Α,Q23.3
15.0,Τ23Α,Q23.3
15.0,Τ23Α,Q23.4
15.0,Τ23Α,Q23.4
15.0,Τ23Α,Q23.8
15.0,Τ23Α,Q23.8
15.0,Τ23Α,Q23.9
15.0,Τ23Α,Q23.9
15.0,Τ23Α,Q24
15.0,Τ23Α,Q24
15.0,Τ23Α,Q24.0
15.0,Τ23Α,Q24.0
15.0,Τ23Α,Q24.1
15.0,Τ23Α,Q24.1
15.0,Τ23Α,Q24.2
15.0,Τ23Α,Q24.2
15.0,Τ23Α,Q24.3
15.0,Τ23Α,Q24.3
15.0,Τ23Α,Q24.4
15.0,Τ23Α,Q24.4
15.0,Τ23Α,Q24.5
15.0,Τ23Α,Q24.5
15.0,Τ23Α,Q24.6
15.0,Τ23Α,Q24.6
15.0,Τ23Α,Q24.8
15.0,Τ23Α,Q24.8
15.0,Τ23Α,Q24.9
15.0,Τ23Α,Q24.9
15.0,Τ23Α,Q25
15.0,Τ23Α,Q25
15.0,Τ23Α,Q25.0
15.0,Τ23Α,Q25.0
15.0,Τ23Α,Q25.1
15.0,Τ23Α,Q25.1
15.0,Τ23Α,Q25.2
15.0,Τ23Α,Q25.2
15.0,Τ23Α,Q25.3
15.0,Τ23Α,Q25.3
15.0,Τ23Α,Q25.5
15.0,Τ23Α,Q25.5
15.0,Τ23Α,Q25.6
15.0,Τ23Α,Q25.6
15.0,Τ23Α,Q25.8
15.0,Τ23Α,Q25.8
15.0,Τ23Α,Q25.9
15.0,Τ23Α,Q25.9
15.0,Τ23Α,Q26
15.0,Τ23Α,Q26
15.0,Τ23Α,Q26.0
15.0,Τ23Α,Q26.0
15.0,Τ23Α,Q26.1
15.0,Τ23Α,Q26.1
15.0,Τ23Α,Q26.2
15.0,Τ23Α,Q26.2
15.0,Τ23Α,Q26.3
15.0,Τ23Α,Q26.3
15.0,Τ23Α,Q26.4
15.0,Τ23Α,Q26.4
15.0,Τ23Α,Q26.5
15.0,Τ23Α,Q26.5
15.0,Τ23Α,Q26.6
15.0,Τ23Α,Q26.6
15.0,Τ23Α,Q26.8
15.0,Τ23Α,Q26.8
15.0,Τ23Α,Q26.9
15.0,Τ23Α,Q26.9
15.0,Τ23Α,Q27
15.0,Τ23Α,Q27
15.0,Τ23Α,Q27.0
15.0,Τ23Α,Q27.0
15.0,Τ23Α,Q27.1
15.0,Τ23Α,Q27.1
15.0,Τ23Α,Q27.2
15.0,Τ23Α,Q27.2
15.0,Τ23Α,Q27.3
15.0,Τ23Α,Q27.3
15.0,Τ23Α,Q27.4
15.0,Τ23Α,Q27.4
15.0,Τ23Α,Q27.9
15.0,Τ23Α,Q27.9
15.0,Τ23Α,Q28
15.0,Τ23Α,Q28
15.0,Τ23Α,Q28.0
15.0,Τ23Α,Q28.0
15.0,Τ23Α,Q28.1
15.0,Τ23Α,Q28.1
15.0,Τ23Α,Q28.2
15.0,Τ23Α,Q28.2
15.0,Τ23Α,Q28.3
15.0,Τ23Α,Q28.3
15.0,Τ23Α,Q28.8
15.0,Τ23Α,Q28.8
15.0,Τ23Α,Q28.9
15.0,Τ23Α,Q28.9
15.0,Τ23Α,Q30
15.0,Τ23Α,Q30
15.0,Τ23Α,Q30.0
15.0,Τ23Α,Q30.0
15.0,Τ23Α,Q30.1
15.0,Τ23Α,Q30.1
15.0,Τ23Α,Q30.2
15.0,Τ23Α,Q30.2
15.0,Τ23Α,Q30.3
15.0,Τ23Α,Q30.3
15.0,Τ23Α,Q30.8
15.0,Τ23Α,Q30.8
15.0,Τ23Α,Q30.9
15.0,Τ23Α,Q30.9
15.0,Τ23Α,Q31
15.0,Τ23Α,Q31
15.0,Τ23Α,Q31.0
15.0,Τ23Α,Q31.0
15.0,Τ23Α,Q31.1
15.0,Τ23Α,Q31.1
15.0,Τ23Α,Q31.2
15.0,Τ23Α,Q31.2
15.0,Τ23Α,Q31.3
15.0,Τ23Α,Q31.3
15.0,Τ23Α,Q31.4
15.0,Τ23Α,Q31.4
15.0,Τ23Α,Q31.9
15.0,Τ23Α,Q31.9
15.0,Τ23Α,Q32
15.0,Τ23Α,Q32
15.0,Τ23Α,Q32.0
15.0,Τ23Α,Q32.0
15.0,Τ23Α,Q32.1
15.0,Τ23Α,Q32.1
15.0,Τ23Α,Q32.2
15.0,Τ23Α,Q32.2
15.0,Τ23Α,Q32.3
15.0,Τ23Α,Q32.3
15.0,Τ23Α,Q32.4
15.0,Τ23Α,Q32.4
15.0,Τ23Α,Q33
15.0,Τ23Α,Q33
15.0,Τ23Α,Q33.0
15.0,Τ23Α,Q33.0
15.0,Τ23Α,Q33.1
15.0,Τ23Α,Q33.1
15.0,Τ23Α,Q33.2
15.0,Τ23Α,Q33.2
15.0,Τ23Α,Q33.3
15.0,Τ23Α,Q33.3
15.0,Τ23Α,Q33.4
15.0,Τ23Α,Q33.4
15.0,Τ23Α,Q33.5
15.0,Τ23Α,Q33.5
15.0,Τ23Α,Q33.6
15.0,Τ23Α,Q33.6
15.0,Τ23Α,Q33.8
15.0,Τ23Α,Q33.8
15.0,Τ23Α,Q33.9
15.0,Τ23Α,Q33.9
15.0,Τ23Α,Q34
15.0,Τ23Α,Q34
15.0,Τ23Α,Q34.0
15.0,Τ23Α,Q34.0
15.0,Τ23Α,Q34.9
15.0,Τ23Α,Q34.9
15.0,Τ23Α,Q35
15.0,Τ23Α,Q35
15.0,Τ23Α,Q35.0
15.0,Τ23Α,Q35.0
15.0,Τ23Α,Q35.1
15.0,Τ23Α,Q35.1
15.0,Τ23Α,Q35.2
15.0,Τ23Α,Q35.2
15.0,Τ23Α,Q35.3
15.0,Τ23Α,Q35.3
15.0,Τ23Α,Q35.4
15.0,Τ23Α,Q35.4
15.0,Τ23Α,Q35.5
15.0,Τ23Α,Q35.5
15.0,Τ23Α,Q35.6
15.0,Τ23Α,Q35.6
15.0,Τ23Α,Q35.7
15.0,Τ23Α,Q35.7
15.0,Τ23Α,Q35.8
15.0,Τ23Α,Q35.8
15.0,Τ23Α,Q35.9
15.0,Τ23Α,Q35.9
15.0,Τ23Α,Q36
15.0,Τ23Α,Q36
15.0,Τ23Α,Q36.0
15.0,Τ23Α,Q36.0
15.0,Τ23Α,Q36.1
15.0,Τ23Α,Q36.1
15.0,Τ23Α,Q36.9
15.0,Τ23Α,Q36.9
15.0,Τ23Α,Q37
15.0,Τ23Α,Q37
15.0,Τ23Α,Q37.0
15.0,Τ23Α,Q37.0
15.0,Τ23Α,Q37.1
15.0,Τ23Α,Q37.1
15.0,Τ23Α,Q37.2
15.0,Τ23Α,Q37.2
15.0,Τ23Α,Q37.3
15.0,Τ23Α,Q37.3
15.0,Τ23Α,Q37.4
15.0,Τ23Α,Q37.4
15.0,Τ23Α,Q37.5
15.0,Τ23Α,Q37.5
15.0,Τ23Α,Q37.8
15.0,Τ23Α,Q37.8
15.0,Τ23Α,Q37.9
15.0,Τ23Α,Q37.9
15.0,Τ23Α,Q38
15.0,Τ23Α,Q38
15.0,Τ23Α,Q38.0
15.0,Τ23Α,Q38.0
15.0,Τ23Α,Q38.1
15.0,Τ23Α,Q38.1
15.0,Τ23Α,Q38.2
15.0,Τ23Α,Q38.2
15.0,Τ23Α,Q38.3
15.0,Τ23Α,Q38.3
15.0,Τ23Α,Q38.4
15.0,Τ23Α,Q38.4
15.0,Τ23Α,Q38.5
15.0,Τ23Α,Q38.5
15.0,Τ23Α,Q38.6
15.0,Τ23Α,Q38.6
15.0,Τ23Α,Q38.7
15.0,Τ23Α,Q38.7
15.0,Τ23Α,Q38.8
15.0,Τ23Α,Q38.8
15.0,Τ23Α,Q39
15.0,Τ23Α,Q39
15.0,Τ23Α,Q40
15.0,Τ23Α,Q40
15.0,Τ23Α,Q40.3
15.0,Τ23Α,Q40.3
15.0,Τ23Α,Q43.2
15.0,Τ23Α,Q43.2
15.0,Τ23Α,Q43.5
15.0,Τ23Α,Q43.5
15.0,Τ23Α,Q43.6
15.0,Τ23Α,Q43.6
15.0,Τ23Α,Q43.9
15.0,Τ23Α,Q43.9
15.0,Τ23Α,Q44
15.0,Τ23Α,Q44
15.0,Τ23Α,Q45.0
15.0,Τ23Α,Q45.0
15.0,Τ23Α,Q45.3
15.0,Τ23Α,Q45.3
15.0,Τ23Α,Q50
15.0,Τ23Α,Q50
15.0,Τ23Α,Q51
15.0,Τ23Α,Q51
15.0,Τ23Α,Q52
15.0,Τ23Α,Q52
15.0,Τ23Α,Q52.0
15.0,Τ23Α,Q52.0
15.0,Τ23Α,Q52.1
15.0,Τ23Α,Q52.1
15.0,Τ23Α,Q52.3
15.0,Τ23Α,Q52.3
15.0,Τ23Α,Q52.6
15.0,Τ23Α,Q52.6
15.0,Τ23Α,Q52.7
15.0,Τ23Α,Q52.7
15.0,Τ23Α,Q52.9
15.0,Τ23Α,Q52.9
15.0,Τ23Α,Q53
15.0,Τ23Α,Q53
15.0,Τ23Α,Q53.0
15.0,Τ23Α,Q53.0
15.0,Τ23Α,Q54
15.0,Τ23Α,Q54
15.0,Τ23Α,Q56
15.0,Τ23Α,Q56
15.0,Τ23Α,Q56.0
15.0,Τ23Α,Q56.0
15.0,Τ23Α,Q56.1
15.0,Τ23Α,Q56.1
15.0,Τ23Α,Q56.2
15.0,Τ23Α,Q56.2
15.0,Τ23Α,Q56.3
15.0,Τ23Α,Q56.3
15.0,Τ23Α,Q56.4
15.0,Τ23Α,Q56.4
15.0,Τ23Α,Q60
15.0,Τ23Α,Q60
15.0,Τ23Α,Q60.0
15.0,Τ23Α,Q60.0
15.0,Τ23Α,Q60.1
15.0,Τ23Α,Q60.1
15.0,Τ23Α,Q60.2
15.0,Τ23Α,Q60.2
15.0,Τ23Α,Q60.3
15.0,Τ23Α,Q60.3
15.0,Τ23Α,Q60.4
15.0,Τ23Α,Q60.4
15.0,Τ23Α,Q60.5
15.0,Τ23Α,Q60.5
15.0,Τ23Α,Q60.6
15.0,Τ23Α,Q60.6
15.0,Τ23Α,Q61
15.0,Τ23Α,Q61
15.0,Τ23Α,Q61.0
15.0,Τ23Α,Q61.0
15.0,Τ23Α,Q61.1
15.0,Τ23Α,Q61.1
15.0,Τ23Α,Q61.2
15.0,Τ23Α,Q61.2
15.0,Τ23Α,Q61.3
15.0,Τ23Α,Q61.3
15.0,Τ23Α,Q61.4
15.0,Τ23Α,Q61.4
15.0,Τ23Α,Q61.5
15.0,Τ23Α,Q61.5
15.0,Τ23Α,Q61.8
15.0,Τ23Α,Q61.8
15.0,Τ23Α,Q61.9
15.0,Τ23Α,Q61.9
15.0,Τ23Α,Q62
15.0,Τ23Α,Q62
15.0,Τ23Α,Q62.0
15.0,Τ23Α,Q62.0
15.0,Τ23Α,Q62.1
15.0,Τ23Α,Q62.1
15.0,Τ23Α,Q62.2
15.0,Τ23Α,Q62.2
15.0,Τ23Α,Q62.3
15.0,Τ23Α,Q62.3
15.0,Τ23Α,Q62.4
15.0,Τ23Α,Q62.4
15.0,Τ23Α,Q62.5
15.0,Τ23Α,Q62.5
15.0,Τ23Α,Q62.6
15.0,Τ23Α,Q62.6
15.0,Τ23Α,Q62.7
15.0,Τ23Α,Q62.7
15.0,Τ23Α,Q62.8
15.0,Τ23Α,Q62.8
15.0,Τ23Α,Q63
15.0,Τ23Α,Q63
15.0,Τ23Α,Q63.0
15.0,Τ23Α,Q63.0
15.0,Τ23Α,Q63.1
15.0,Τ23Α,Q63.1
15.0,Τ23Α,Q63.2
15.0,Τ23Α,Q63.2
15.0,Τ23Α,Q63.3
15.0,Τ23Α,Q63.3
15.0,Τ23Α,Q63.8
15.0,Τ23Α,Q63.8
15.0,Τ23Α,Q63.9
15.0,Τ23Α,Q63.9
15.0,Τ23Α,Q64
15.0,Τ23Α,Q64
15.0,Τ23Α,Q64.0
15.0,Τ23Α,Q64.0
15.0,Τ23Α,Q64.6
15.0,Τ23Α,Q64.6
15.0,Τ23Α,Q64.8
15.0,Τ23Α,Q64.8
15.0,Τ23Α,Q64.9
15.0,Τ23Α,Q64.9
15.0,Τ23Α,Q65
15.0,Τ23Α,Q65
15.0,Τ23Α,Q65.0
15.0,Τ23Α,Q65.0
15.0,Τ23Α,Q65.1
15.0,Τ23Α,Q65.1
15.0,Τ23Α,Q65.2
15.0,Τ23Α,Q65.2
15.0,Τ23Α,Q65.9
15.0,Τ23Α,Q65.9
15.0,Τ23Α,Q66
15.0,Τ23Α,Q66
15.0,Τ23Α,Q66.0
15.0,Τ23Α,Q66.0
15.0,Τ23Α,Q66.1
15.0,Τ23Α,Q66.1
15.0,Τ23Α,Q66.2
15.0,Τ23Α,Q66.2
15.0,Τ23Α,Q66.3
15.0,Τ23Α,Q66.3
15.0,Τ23Α,Q66.6
15.0,Τ23Α,Q66.6
15.0,Τ23Α,Q66.8
15.0,Τ23Α,Q66.8
15.0,Τ23Α,Q66.9
15.0,Τ23Α,Q66.9
15.0,Τ23Α,Q67
15.0,Τ23Α,Q67
15.0,Τ23Α,Q67.5
15.0,Τ23Α,Q67.5
15.0,Τ23Α,Q67.8
15.0,Τ23Α,Q67.8
15.0,Τ23Α,Q68
15.0,Τ23Α,Q68
15.0,Τ23Α,Q69
15.0,Τ23Α,Q69
15.0,Τ23Α,Q69.0
15.0,Τ23Α,Q69.0
15.0,Τ23Α,Q69.2
15.0,Τ23Α,Q69.2
15.0,Τ23Α,Q71
15.0,Τ23Α,Q71
15.0,Τ23Α,Q72
15.0,Τ23Α,Q72
15.0,Τ23Α,Q73.0
15.0,Τ23Α,Q73.0
15.0,Τ23Α,Q73.1
15.0,Τ23Α,Q73.1
15.0,Τ23Α,Q74.3
15.0,Τ23Α,Q74.3
15.0,Τ23Α,Q75.3
15.0,Τ23Α,Q75.3
15.0,Τ23Α,Q76.0
15.0,Τ23Α,Q76.0
15.0,Τ23Α,Q77.0
15.0,Τ23Α,Q77.0
15.0,Τ23Α,Q77.1
15.0,Τ23Α,Q77.1
15.0,Τ23Α,Q77.4
15.0,Τ23Α,Q77.4
15.0,Τ23Α,Q78.0
15.0,Τ23Α,Q78.0
15.0,Τ23Α,Q78.9
15.0,Τ23Α,Q78.9
15.0,Τ23Α,Q80
15.0,Τ23Α,Q80
15.0,Τ23Α,Q81
15.0,Τ23Α,Q81
15.0,Τ23Α,Q82.0
15.0,Τ23Α,Q82.0
15.0,Τ23Α,Q82.2
15.0,Τ23Α,Q82.2
15.0,Τ23Α,Q82.3
15.0,Τ23Α,Q82.3
15.0,Τ23Α,Q82.4
15.0,Τ23Α,Q82.4
15.0,Τ23Α,Q82.5
15.0,Τ23Α,Q82.5
15.0,Τ23Α,Q82.9
15.0,Τ23Α,Q82.9
15.0,Τ23Α,Q85.0
15.0,Τ23Α,Q85.0
15.0,Τ23Α,Q85.1
15.0,Τ23Α,Q85.1
15.0,Τ23Α,Q86.0
15.0,Τ23Α,Q86.0
15.0,Τ23Α,Q87.2
15.0,Τ23Α,Q87.2
15.0,Τ23Α,Q87.3
15.0,Τ23Α,Q87.3
15.0,Τ23Α,Q87.4
15.0,Τ23Α,Q87.4
15.0,Τ23Α,Q89.2
15.0,Τ23Α,Q89.2
15.0,Τ23Α,Q89.3
15.0,Τ23Α,Q89.3
15.0,Τ23Α,Q90
15.0,Τ23Α,Q90
15.0,Τ23Α,Q91
15.0,Τ23Α,Q91
15.0,Τ23Α,Q96
15.0,Τ23Α,Q96
15.0,Τ23Α,Q99.9
15.0,Τ23Α,Q99.9
15.0,Τ23Α,P05.1
15.0,Τ23Α,P05.1
15.0,Τ23Α,P05.9
15.0,Τ23Α,P05.9
15.0,Τ23Α,P07.3
15.0,Τ23Α,P07.3
15.0,Τ23Α,P10
15.0,Τ23Α,P10
15.0,Τ23Α,P10.0
15.0,Τ23Α,P10.0
15.0,Τ23Α,P10.1
15.0,Τ23Α,P10.1
15.0,Τ23Α,P10.2
15.0,Τ23Α,P10.2
15.0,Τ23Α,P10.4
15.0,Τ23Α,P10.4
15.0,Τ23Α,P10.8
15.0,Τ23Α,P10.8
15.0,Τ23Α,P10.9
15.0,Τ23Α,P10.9
15.0,Τ23Α,P11
15.0,Τ23Α,P11
15.0,Τ23Α,P11.0
15.0,Τ23Α,P11.0
15.0,Τ23Α,P11.1
15.0,Τ23Α,P11.1
15.0,Τ23Α,P11.2
15.0,Τ23Α,P11.2
15.0,Τ23Α,P11.3
15.0,Τ23Α,P11.3
15.0,Τ23Α,P11.4
15.0,Τ23Α,P11.4
15.0,Τ23Α,P11.5
15.0,Τ23Α,P11.5
15.0,Τ23Α,P11.9
15.0,Τ23Α,P11.9
15.0,Τ23Α,P12
15.0,Τ23Α,P12
15.0,Τ23Α,P12.0
15.0,Τ23Α,P12.0
15.0,Τ23Α,P12.1
15.0,Τ23Α,P12.1
15.0,Τ23Α,P12.2
15.0,Τ23Α,P12.2
15.0,Τ23Α,P12.3
15.0,Τ23Α,P12.3
15.0,Τ23Α,P12.4
15.0,Τ23Α,P12.4
15.0,Τ23Α,P12.8
15.0,Τ23Α,P12.8
15.0,Τ23Α,P12.9
15.0,Τ23Α,P12.9
15.0,Τ23Α,P13
15.0,Τ23Α,P13
15.0,Τ23Α,P13.0
15.0,Τ23Α,P13.0
15.0,Τ23Α,P13.1
15.0,Τ23Α,P13.1
15.0,Τ23Α,P13.2
15.0,Τ23Α,P13.2
15.0,Τ23Α,P13.3
15.0,Τ23Α,P13.3
15.0,Τ23Α,P13.4
15.0,Τ23Α,P13.4
15.0,Τ23Α,P13.8
15.0,Τ23Α,P13.8
15.0,Τ23Α,P13.9
15.0,Τ23Α,P13.9
15.0,Τ23Α,P14
15.0,Τ23Α,P14
15.0,Τ23Α,P14.0
15.0,Τ23Α,P14.0
15.0,Τ23Α,P14.1
15.0,Τ23Α,P14.1
15.0,Τ23Α,P14.2
15.0,Τ23Α,P14.2
15.0,Τ23Α,P14.3
15.0,Τ23Α,P14.3
15.0,Τ23Α,P14.8
15.0,Τ23Α,P14.8
15.0,Τ23Α,P14.9
15.0,Τ23Α,P14.9
15.0,Τ23Α,P15.2
15.0,Τ23Α,P15.2
15.0,Τ23Α,P15.3
15.0,Τ23Α,P15.3
15.0,Τ23Α,P15.4
15.0,Τ23Α,P15.4
15.0,Τ23Α,P15.6
15.0,Τ23Α,P15.6
15.0,Τ23Α,P15.8
15.0,Τ23Α,P15.8
15.0,Τ23Α,P15.9
15.0,Τ23Α,P15.9
15.0,Τ23Α,P20
15.0,Τ23Α,P20
15.0,Τ23Α,P21
15.0,Τ23Α,P21
15.0,Τ23Α,P21.9
15.0,Τ23Α,P21.9
15.0,Τ23Α,P22
15.0,Τ23Α,P22
15.0,Τ23Α,P22.0
15.0,Τ23Α,P22.0
15.0,Τ23Α,P22.1
15.0,Τ23Α,P22.1
15.0,Τ23Α,P22.8
15.0,Τ23Α,P22.8
15.0,Τ23Α,P22.9
15.0,Τ23Α,P22.9
15.0,Τ23Α,P23
15.0,Τ23Α,P23
15.0,Τ23Α,P23.0
15.0,Τ23Α,P23.0
15.0,Τ23Α,P23.1
15.0,Τ23Α,P23.1
15.0,Τ23Α,P23.2
15.0,Τ23Α,P23.2
15.0,Τ23Α,P23.3
15.0,Τ23Α,P23.3
15.0,Τ23Α,P23.4
15.0,Τ23Α,P23.4
15.0,Τ23Α,P23.5
15.0,Τ23Α,P23.5
15.0,Τ23Α,P23.6
15.0,Τ23Α,P23.6
15.0,Τ23Α,P23.8
15.0,Τ23Α,P23.8
15.0,Τ23Α,P24
15.0,Τ23Α,P24
15.0,Τ23Α,P24.0
15.0,Τ23Α,P24.0
15.0,Τ23Α,P24.1
15.0,Τ23Α,P24.1
15.0,Τ23Α,P24.2
15.0,Τ23Α,P24.2
15.0,Τ23Α,P24.3
15.0,Τ23Α,P24.3
15.0,Τ23Α,P24.8
15.0,Τ23Α,P24.8
15.0,Τ23Α,P24.9
15.0,Τ23Α,P24.9
15.0,Τ23Α,P25
15.0,Τ23Α,P25
15.0,Τ23Α,P25.0
15.0,Τ23Α,P25.0
15.0,Τ23Α,P25.1
15.0,Τ23Α,P25.1
15.0,Τ23Α,P25.2
15.0,Τ23Α,P25.2
15.0,Τ23Α,P25.3
15.0,Τ23Α,P25.3
15.0,Τ23Α,P25.8
15.0,Τ23Α,P25.8
15.0,Τ23Α,P26
15.0,Τ23Α,P26
15.0,Τ23Α,P26.0
15.0,Τ23Α,P26.0
15.0,Τ23Α,P26.1
15.0,Τ23Α,P26.1
15.0,Τ23Α,P26.8
15.0,Τ23Α,P26.8
15.0,Τ23Α,P26.9
15.0,Τ23Α,P26.9
15.0,Τ23Α,P27
15.0,Τ23Α,P27
15.0,Τ23Α,P27.0
15.0,Τ23Α,P27.0
15.0,Τ23Α,P27.1
15.0,Τ23Α,P27.8
15.0,Τ23Α,P27.8
15.0,Τ23Α,P27.9
15.0,Τ23Α,P27.9
15.0,Τ23Α,P28
15.0,Τ23Α,P28
15.0,Τ23Α,P28.0
15.0,Τ23Α,P28.0
15.0,Τ23Α,P28.1
15.0,Τ23Α,P28.1
15.0,Τ23Α,P28.2
15.0,Τ23Α,P28.2
15.0,Τ23Α,P28.3
15.0,Τ23Α,P28.4
15.0,Τ23Α,P28.4
15.0,Τ23Α,P28.5
15.0,Τ23Α,P28.5
15.0,Τ23Α,P28.8
15.0,Τ23Α,P28.8
15.0,Τ23Α,P28.9
15.0,Τ23Α,P28.9
15.0,Τ23Α,P29
15.0,Τ23Α,P29
15.0,Τ23Α,P29.0
15.0,Τ23Α,P29.0
15.0,Τ23Α,P29.1
15.0,Τ23Α,P29.1
15.0,Τ23Α,P29.2
15.0,Τ23Α,P29.2
15.0,Τ23Α,P29.3
15.0,Τ23Α,P29.3
15.0,Τ23Α,P29.4
15.0,Τ23Α,P29.4
15.0,Τ23Α,P29.9
15.0,Τ23Α,P29.9
15.0,Τ23Α,P35
15.0,Τ23Α,P35
15.0,Τ23Α,P35.0
15.0,Τ23Α,P35.0
15.0,Τ23Α,P35.1
15.0,Τ23Α,P35.1
15.0,Τ23Α,P35.3
15.0,Τ23Α,P35.3
15.0,Τ23Α,P35.8
15.0,Τ23Α,P35.8
15.0,Τ23Α,P35.9
15.0,Τ23Α,P35.9
15.0,Τ23Α,P36
15.0,Τ23Α,P36
15.0,Τ23Α,P36.0
15.0,Τ23Α,P36.0
15.0,Τ23Α,P36.1
15.0,Τ23Α,P36.1
15.0,Τ23Α,P36.2
15.0,Τ23Α,P36.2
15.0,Τ23Α,P36.3
15.0,Τ23Α,P36.3
15.0,Τ23Α,P36.4
15.0,Τ23Α,P36.4
15.0,Τ23Α,P36.5
15.0,Τ23Α,P36.5
15.0,Τ23Α,P36.8
15.0,Τ23Α,P36.8
15.0,Τ23Α,P36.9
15.0,Τ23Α,P36.9
15.0,Τ23Α,P37
15.0,Τ23Α,P37
15.0,Τ23Α,P37.0
15.0,Τ23Α,P37.0
15.0,Τ23Α,P37.1
15.0,Τ23Α,P37.1
15.0,Τ23Α,P37.2
15.0,Τ23Α,P37.2
15.0,Τ23Α,P37.3
15.0,Τ23Α,P37.3
15.0,Τ23Α,P37.4
15.0,Τ23Α,P37.4
15.0,Τ23Α,P37.5
15.0,Τ23Α,P37.5
15.0,Τ23Α,P37.8
15.0,Τ23Α,P37.8
15.0,Τ23Α,P37.9
15.0,Τ23Α,P37.9
15.0,Τ23Α,P38
15.0,Τ23Α,P38
15.0,Τ23Α,P39
15.0,Τ23Α,P39
15.0,Τ23Α,P39.0
15.0,Τ23Α,P39.0
15.0,Τ23Α,P39.1
15.0,Τ23Α,P39.1
15.0,Τ23Α,P39.2
15.0,Τ23Α,P39.2
15.0,Τ23Α,P39.4
15.0,Τ23Α,P39.4
15.0,Τ23Α,P50
15.0,Τ23Α,P50
15.0,Τ23Α,P50.0
15.0,Τ23Α,P50.0
15.0,Τ23Α,P50.1
15.0,Τ23Α,P50.1
15.0,Τ23Α,P50.2
15.0,Τ23Α,P50.2
15.0,Τ23Α,P50.3
15.0,Τ23Α,P50.3
15.0,Τ23Α,P50.4
15.0,Τ23Α,P50.4
15.0,Τ23Α,P50.5
15.0,Τ23Α,P50.5
15.0,Τ23Α,P50.8
15.0,Τ23Α,P50.8
15.0,Τ23Α,P50.9
15.0,Τ23Α,P50.9
15.0,Τ23Α,P51
15.0,Τ23Α,P51
15.0,Τ23Α,P51.0
15.0,Τ23Α,P51.0
15.0,Τ23Α,P51.8
15.0,Τ23Α,P51.8
15.0,Τ23Α,P51.9
15.0,Τ23Α,P51.9
15.0,Τ23Α,P52
15.0,Τ23Α,P52
15.0,Τ23Α,P52.0
15.0,Τ23Α,P52.0
15.0,Τ23Α,P52.1
15.0,Τ23Α,P52.1
15.0,Τ23Α,P52.2
15.0,Τ23Α,P52.2
15.0,Τ23Α,P52.3
15.0,Τ23Α,P52.3
15.0,Τ23Α,P52.4
15.0,Τ23Α,P52.4
15.0,Τ23Α,P52.5
15.0,Τ23Α,P52.5
15.0,Τ23Α,P52.6
15.0,Τ23Α,P52.6
15.0,Τ23Α,P52.8
15.0,Τ23Α,P52.8
15.0,Τ23Α,P52.9
15.0,Τ23Α,P52.9
15.0,Τ23Α,P53
15.0,Τ23Α,P53
15.0,Τ23Α,P54
15.0,Τ23Α,P54
15.0,Τ23Α,P54.0
15.0,Τ23Α,P54.0
15.0,Τ23Α,P54.1
15.0,Τ23Α,P54.1
15.0,Τ23Α,P54.2
15.0,Τ23Α,P54.2
15.0,Τ23Α,P54.3
15.0,Τ23Α,P54.3
15.0,Τ23Α,P54.4
15.0,Τ23Α,P54.4
15.0,Τ23Α,P54.5
15.0,Τ23Α,P54.5
15.0,Τ23Α,P54.6
15.0,Τ23Α,P54.6
15.0,Τ23Α,P54.8
15.0,Τ23Α,P54.8
15.0,Τ23Α,P54.9
15.0,Τ23Α,P54.9
15.0,Τ23Α,P55
15.0,Τ23Α,P55
15.0,Τ23Α,P55.1
15.0,Τ23Α,P55.1
15.0,Τ23Α,P55.8
15.0,Τ23Α,P55.8
15.0,Τ23Α,P55.9
15.0,Τ23Α,P55.9
15.0,Τ23Α,P56
15.0,Τ23Α,P56
15.0,Τ23Α,P56.0
15.0,Τ23Α,P56.0
15.0,Τ23Α,P56.9
15.0,Τ23Α,P56.9
15.0,Τ23Α,P57
15.0,Τ23Α,P57
15.0,Τ23Α,P57.8
15.0,Τ23Α,P57.8
15.0,Τ23Α,P57.9
15.0,Τ23Α,P57.9
15.0,Τ23Α,P58
15.0,Τ23Α,P58
15.0,Τ23Α,P58.0
15.0,Τ23Α,P58.0
15.0,Τ23Α,P58.1
15.0,Τ23Α,P58.1
15.0,Τ23Α,P58.2
15.0,Τ23Α,P58.2
15.0,Τ23Α,P58.4
15.0,Τ23Α,P58.4
15.0,Τ23Α,P58.8
15.0,Τ23Α,P58.8
15.0,Τ23Α,P58.9
15.0,Τ23Α,P58.9
15.0,Τ23Α,P59
15.0,Τ23Α,P59
15.0,Τ23Α,P59.0
15.0,Τ23Α,P59.0
15.0,Τ23Α,P59.1
15.0,Τ23Α,P59.1
15.0,Τ23Α,P59.2
15.0,Τ23Α,P59.2
15.0,Τ23Α,P59.3
15.0,Τ23Α,P59.3
15.0,Τ23Α,P59.8
15.0,Τ23Α,P59.8
15.0,Τ23Α,P59.9
15.0,Τ23Α,P59.9
15.0,Τ23Α,P60
15.0,Τ23Α,P60
15.0,Τ23Α,P61
15.0,Τ23Α,P61
15.0,Τ23Α,P61.0
15.0,Τ23Α,P61.0
15.0,Τ23Α,P61.1
15.0,Τ23Α,P61.1
15.0,Τ23Α,P61.2
15.0,Τ23Α,P61.2
15.0,Τ23Α,P61.3
15.0,Τ23Α,P61.3
15.0,Τ23Α,P61.4
15.0,Τ23Α,P61.4
15.0,Τ23Α,P61.5
15.0,Τ23Α,P61.5
15.0,Τ23Α,P61.6
15.0,Τ23Α,P61.6
15.0,Τ23Α,P61.8
15.0,Τ23Α,P61.8
15.0,Τ23Α,P61.9
15.0,Τ23Α,P61.9
15.0,Τ23Α,P70
15.0,Τ23Α,P70
15.0,Τ23Α,P70.0
15.0,Τ23Α,P70.0
15.0,Τ23Α,P70.1
15.0,Τ23Α,P70.1
15.0,Τ23Α,P70.2
15.0,Τ23Α,P70.2
15.0,Τ23Α,P70.3
15.0,Τ23Α,P70.3
15.0,Τ23Α,P70.4
15.0,Τ23Α,P70.4
15.0,Τ23Α,P70.8
15.0,Τ23Α,P70.8
15.0,Τ23Α,P70.9
15.0,Τ23Α,P70.9
15.0,Τ23Α,P71
15.0,Τ23Α,P71
15.0,Τ23Α,P71.0
15.0,Τ23Α,P71.0
15.0,Τ23Α,P71.1
15.0,Τ23Α,P71.1
15.0,Τ23Α,P71.2
15.0,Τ23Α,P71.2
15.0,Τ23Α,P71.3
15.0,Τ23Α,P71.3
15.0,Τ23Α,P71.4
15.0,Τ23Α,P71.4
15.0,Τ23Α,P71.8
15.0,Τ23Α,P71.8
15.0,Τ23Α,P71.9
15.0,Τ23Α,P71.9
15.0,Τ23Α,P72
15.0,Τ23Α,P72
15.0,Τ23Α,P72.0
15.0,Τ23Α,P72.0
15.0,Τ23Α,P72.1
15.0,Τ23Α,P72.1
15.0,Τ23Α,P72.2
15.0,Τ23Α,P72.2
15.0,Τ23Α,P72.8
15.0,Τ23Α,P72.8
15.0,Τ23Α,P72.9
15.0,Τ23Α,P72.9
15.0,Τ23Α,P74
15.0,Τ23Α,P74
15.0,Τ23Α,P74.0
15.0,Τ23Α,P74.1
15.0,Τ23Α,P74.1
15.0,Τ23Α,P74.2
15.0,Τ23Α,P74.2
15.0,Τ23Α,P74.3
15.0,Τ23Α,P74.3
15.0,Τ23Α,P74.4
15.0,Τ23Α,P74.4
15.0,Τ23Α,P74.5
15.0,Τ23Α,P74.5
15.0,Τ23Α,P74.8
15.0,Τ23Α,P74.8
15.0,Τ23Α,P74.9
15.0,Τ23Α,P74.9
15.0,Τ23Α,P75*
15.0,Τ23Α,P75*
15.0,Τ23Α,P76
15.0,Τ23Α,P76
15.0,Τ23Α,P76.0
15.0,Τ23Α,P76.0
15.0,Τ23Α,P76.1
15.0,Τ23Α,P76.1
15.0,Τ23Α,P77
15.0,Τ23Α,P77
15.0,Τ23Α,P78
15.0,Τ23Α,P78
15.0,Τ23Α,P78.2
15.0,Τ23Α,P78.2
15.0,Τ23Α,P78.3
15.0,Τ23Α,P78.3
15.0,Τ23Α,P78.8
15.0,Τ23Α,P78.8
15.0,Τ23Α,P78.9
15.0,Τ23Α,P78.9
15.0,Τ23Α,P80
15.0,Τ23Α,P80
15.0,Τ23Α,P81
15.0,Τ23Α,P81
15.0,Τ23Α,P81.0
15.0,Τ23Α,P81.0
15.0,Τ23Α,P81.8
15.0,Τ23Α,P81.8
15.0,Τ23Α,P81.9
15.0,Τ23Α,P81.9
15.0,Τ23Α,P82
15.0,Τ23Α,P82
15.0,Τ23Α,P83
15.0,Τ23Α,P83
15.0,Τ23Α,P83.0
15.0,Τ23Α,P83.0
15.0,Τ23Α,P83.1
15.0,Τ23Α,P83.1
15.0,Τ23Α,P83.2
15.0,Τ23Α,P83.2
15.0,Τ23Α,P83.3
15.0,Τ23Α,P83.3
15.0,Τ23Α,P83.4
15.0,Τ23Α,P83.4
15.0,Τ23Α,P83.5
15.0,Τ23Α,P83.5
15.0,Τ23Α,P83.6
15.0,Τ23Α,P83.6
15.0,Τ23Α,P83.8
15.0,Τ23Α,P83.8
15.0,Τ23Α,P83.9
15.0,Τ23Α,P83.9
15.0,Τ23Α,P84
15.0,Τ23Α,P84
15.0,Τ23Α,P85
15.0,Τ23Α,P85
15.0,Τ23Α,P90
15.0,Τ23Α,P90
15.0,Τ23Α,P91
15.0,Τ23Α,P91
15.0,Τ23Α,P91.0
15.0,Τ23Α,P91.0
15.0,Τ23Α,P91.1
15.0,Τ23Α,P91.1
15.0,Τ23Α,P91.2
15.0,Τ23Α,P91.2
15.0,Τ23Α,P91.3
15.0,Τ23Α,P91.3
15.0,Τ23Α,P91.4
15.0,Τ23Α,P91.4
15.0,Τ23Α,P91.5
15.0,Τ23Α,P91.5
15.0,Τ23Α,P91.8
15.0,Τ23Α,P91.8
15.0,Τ23Α,P91.9
15.0,Τ23Α,P91.9
15.0,Τ23Α,P92
15.0,Τ23Α,P92
15.0,Τ23Α,P92.0
15.0,Τ23Α,P92.0
15.0,Τ23Α,P92.2
15.0,Τ23Α,P92.2
15.0,Τ23Α,P92.3
15.0,Τ23Α,P92.3
15.0,Τ23Α,P92.4
15.0,Τ23Α,P92.4
15.0,Τ23Α,P92.8
15.0,Τ23Α,P92.8
15.0,Τ23Α,P92.9
15.0,Τ23Α,P92.9
15.0,Τ23Α,P93
15.0,Τ23Α,P93
15.0,Τ23Α,P94
15.0,Τ23Α,P94
15.0,Τ23Α,P94.0
15.0,Τ23Α,P94.0
15.0,Τ23Α,P94.1
15.0,Τ23Α,P94.1
15.0,Τ23Α,P94.2
15.0,Τ23Α,P94.2
15.0,Τ23Α,P94.8
15.0,Τ23Α,P94.8
15.0,Τ23Α,P94.9
15.0,Τ23Α,P94.9
15.0,Τ23Α,P95
15.0,Τ23Α,P95
15.0,Τ23Α,P96.0
15.0,Τ23Α,P96.0
15.0,Τ23Α,P96.1
15.0,Τ23Α,P96.1
15.0,Τ23Α,P96.2
15.0,Τ23Α,P96.2
15.0,Τ23Α,Q00
15.0,Τ23Α,Q00
15.0,Τ23Α,Q00.0
15.0,Τ23Α,Q00.0
15.0,Τ23Α,Q00.1
15.0,Τ23Α,Q00.1
15.0,Τ23Α,Q00.2
15.0,Τ23Α,Q00.2
15.0,Τ23Α,Q02
15.0,Τ23Α,Q02
15.0,Τ23Α,Q04
15.0,Τ23Α,Q04
15.0,Τ23Α,Q04.0
15.0,Τ23Α,Q04.0
15.0,Τ23Α,Q04.1
15.0,Τ23Α,Q04.1
15.0,Τ23Α,Q04.2
15.0,Τ23Α,Q04.2
15.0,Τ23Α,Q04.3
15.0,Τ23Α,Q04.3
15.0,Τ23Α,Q04.4
15.0,Τ23Α,Q04.4
15.0,Τ23Α,Q04.5
15.0,Τ23Α,Q04.5
15.0,Τ23Α,Q04.6
15.0,Τ23Α,Q04.6
15.0,Τ23Α,Q04.8
15.0,Τ23Α,Q04.8
15.0,Τ23Α,Q04.9
15.0,Τ23Α,Q04.9
15.0,Τ23Α,Q05
15.0,Τ23Α,Q05
15.0,Τ23Α,Q06
15.0,Τ23Α,Q06
15.0,Τ23Α,Q06.1
15.0,Τ23Α,Q06.1
15.0,Τ23Α,Q06.2
15.0,Τ23Α,Q06.2
15.0,Τ23Α,Q06.3
15.0,Τ23Α,Q06.3
15.0,Τ23Α,Q06.4
15.0,Τ23Α,Q06.4
15.0,Τ23Α,Q06.9
15.0,Τ23Α,Q06.9
15.0,Τ23Α,Q07
15.0,Τ23Α,Q07
15.0,Τ23Α,Q07.0
15.0,Τ23Α,Q07.0
15.0,Τ23Α,Q07.8
15.0,Τ23Α,Q07.8
15.0,Τ23Α,Q07.9
15.0,Τ23Α,Q07.9
15.0,Τ23Α,Q10
15.0,Τ23Α,Q10
15.0,Τ23Α,Q10.0
15.0,Τ23Α,Q10.0
15.0,Τ23Α,Q10.1
15.0,Τ23Α,Q10.1
15.0,Τ23Α,Q10.2
15.0,Τ23Α,Q10.2
15.0,Τ23Α,Q10.4
15.0,Τ23Α,Q10.4
15.0,Τ23Α,Q10.5
15.0,Τ23Α,Q10.5
15.0,Τ23Α,Q10.6
15.0,Τ23Α,Q10.6
15.0,Τ23Α,Q10.7
15.0,Τ23Α,Q10.7
15.0,Τ23Α,Q11
15.0,Τ23Α,Q11
15.0,Τ23Α,Q11.0
15.0,Τ23Α,Q11.0
15.0,Τ23Α,Q11.1
15.0,Τ23Α,Q11.1
15.0,Τ23Α,Q11.2
15.0,Τ23Α,Q11.2
15.0,Τ23Α,Q11.3
15.0,Τ23Α,Q11.3
15.0,Τ23Α,Q12
15.0,Τ23Α,Q12
15.0,Τ23Α,Q12.0
15.0,Τ23Α,Q12.0
15.0,Τ23Α,Q12.1
15.0,Τ23Α,Q12.1
15.0,Τ23Α,Q12.2
15.0,Τ23Α,Q12.2
15.0,Τ23Α,Q12.3
15.0,Τ23Α,Q12.3
15.0,Τ23Α,Q12.4
15.0,Τ23Α,Q12.4
15.0,Τ23Α,Q12.8
15.0,Τ23Α,Q12.8
15.0,Τ23Α,Q12.9
15.0,Τ23Α,Q12.9
15.0,Τ23Α,Q13
15.0,Τ23Α,Q13
15.0,Τ23Α,Q13.0
15.0,Τ23Α,Q13.0
15.0,Τ23Α,Q13.1
15.0,Τ23Α,Q13.1
15.0,Τ23Α,Q13.2
15.0,Τ23Α,Q13.2
15.0,Τ23Α,Q13.3
15.0,Τ23Α,Q13.3
15.0,Τ23Α,Q13.4
15.0,Τ23Α,Q13.4
15.0,Τ23Α,Q13.5
15.0,Τ23Α,Q13.5
15.0,Τ23Α,Q13.8
15.0,Τ23Α,Q13.8
15.0,Τ23Α,Q13.9
15.0,Τ23Α,Q13.9
15.0,Τ23Α,Q14.0
15.0,Τ23Α,Q14.0
15.0,Τ23Α,Q14.1
15.0,Τ23Α,Q14.1
15.0,Τ23Α,Q14.2
15.0,Τ23Α,Q14.2
15.0,Τ23Α,Q14.3
15.0,Τ23Α,Q14.3
15.0,Τ23Α,Q14.8
15.0,Τ23Α,Q14.8
15.0,Τ23Α,Q14.9
15.0,Τ23Α,Q14.9
15.0,Τ23Α,Q15
15.0,Τ23Α,Q15
15.0,Τ23Α,Q15.0
15.0,Τ23Α,Q15.0
15.0,Τ23Α,Q15.8
15.0,Τ23Α,Q15.8
15.0,Τ23Α,Q15.9
15.0,Τ23Α,Q15.9
15.0,Τ23Α,Q16
15.0,Τ23Α,Q16
15.0,Τ23Α,Q16.0
15.0,Τ23Α,Q16.0
15.0,Τ23Α,Q16.1
15.0,Τ23Α,Q16.1
15.0,Τ23Α,Q16.2
15.0,Τ23Α,Q16.2
15.0,Τ23Α,Q16.3
15.0,Τ23Α,Q16.3
15.0,Τ23Α,Q16.4
15.0,Τ23Α,Q16.4
15.0,Τ23Α,Q16.5
15.0,Τ23Α,Q16.5
15.0,Τ23Α,Q16.9
15.0,Τ23Α,Q16.9
15.0,Τ23Α,Q17
15.0,Τ23Α,Q17
15.0,Τ23Α,Q17.0
15.0,Τ23Α,Q17.0
15.0,Τ23Α,Q17.1
15.0,Τ23Α,Q17.1
15.0,Τ23Α,Q17.2
15.0,Τ23Α,Q17.2
15.0,Τ23Α,Q17.3
15.0,Τ23Α,Q17.3
15.0,Τ23Α,Q17.4
15.0,Τ23Α,Q17.4
15.0,Τ23Α,Q17.5
15.0,Τ23Α,Q17.5
15.0,Τ23Α,Q17.8
15.0,Τ23Α,Q17.8
15.0,Τ23Α,Q17.9
15.0,Τ23Α,Q17.9
15.0,Τ23Α,Q18
15.0,Τ23Α,Q18
15.0,Τ23Α,Q18.0
15.0,Τ23Α,Q18.0
15.0,Τ23Α,Q18.1
15.0,Τ23Α,Q18.1
15.0,Τ23Α,Q18.2
15.0,Τ23Α,Q18.2
15.0,Τ23Α,Q18.3
15.0,Τ23Α,Q18.3
15.0,Τ23Α,Q18.4
15.0,Τ23Α,Q18.4
15.0,Τ23Α,Q18.5
15.0,Τ23Α,Q18.5
15.0,Τ23Α,Q18.6
15.0,Τ23Α,Q18.6
15.0,Τ23Α,Q18.7
15.0,Τ23Α,Q18.7
15.0,Τ23Α,Q18.8
15.0,Τ23Α,Q18.8
15.0,Τ23Α,Q18.9
15.0,Τ23Α,Q18.9
15.0,Τ23Α,Q20
15.0,Τ23Α,Q20
15.0,Τ23Α,Q20.0
15.0,Τ23Α,Q20.0
15.0,Τ23Α,Q20.1
15.0,Τ23Α,Q20.1
15.0,Τ23Α,Q20.2
15.0,Τ23Α,Q20.2
15.0,Τ23Α,Q20.3
15.0,Τ23Α,Q20.3
15.0,Τ23Α,Q20.4
15.0,Τ23Α,Q20.4
15.0,Τ23Α,Q20.5
15.0,Τ23Α,Q20.5
15.0,Τ23Α,Q20.6
15.0,Τ23Α,Q20.6
15.0,Τ23Α,Q20.8
15.0,Τ23Α,Q20.8
15.0,Τ23Α,Q20.9
15.0,Τ23Α,Q20.9
15.0,Τ23Α,Q21
15.0,Τ23Α,Q21
15.0,Τ23Α,Q21.0
15.0,Τ23Α,Q21.0
15.0,Τ23Α,Q21.1
15.0,Τ23Α,Q21.1
15.0,Τ23Α,Q21.2
15.0,Τ23Α,Q21.2
15.0,Τ23Α,Q21.3
15.0,Τ23Α,Q21.3
15.0,Τ23Α,Q21.4
15.0,Τ23Α,Q21.4
15.0,Τ23Α,Q21.8
15.0,Τ23Α,Q21.8
15.0,Τ23Α,Q21.9
15.0,Τ23Α,Q21.9
15.0,Τ23Α,Q22
15.0,Τ23Α,Q22
15.0,Τ23Α,Q22.0
15.0,Τ23Α,Q22.0
15.0,Τ23Α,Q22.1
15.0,Τ23Α,Q22.1
15.0,Τ23Α,Q22.2
15.0,Τ23Α,Q22.2
15.0,Τ23Α,Q22.3
15.0,Τ23Α,Q22.3
15.0,Τ23Α,Q22.4
15.0,Τ23Α,Q22.4
15.0,Τ23Α,Q22.5
15.0,Τ23Α,Q22.5
15.0,Τ23Α,Q22.6
15.0,Τ23Α,Q22.6
15.0,Τ23Α,Q22.8
15.0,Τ23Α,Q22.8
15.0,Τ23Α,Q22.9
15.0,Τ23Α,Q22.9
15.0,Τ23Α,Q23
15.0,Τ23Α,Q23
15.0,Τ23Α,Q23.0
15.0,Τ23Α,Q23.0
15.0,Τ23Α,Q23.1
15.0,Τ23Α,Q23.1
15.0,Τ23Α,Q23.2
15.0,Τ23Α,Q23.2
15.0,Τ23Α,Q23.3
15.0,Τ23Α,Q23.3
15.0,Τ23Α,Q23.4
15.0,Τ23Α,Q23.4
15.0,Τ23Α,Q23.8
15.0,Τ23Α,Q23.8
15.0,Τ23Α,Q23.9
15.0,Τ23Α,Q23.9
15.0,Τ23Α,Q24
15.0,Τ23Α,Q24
15.0,Τ23Α,Q24.0
15.0,Τ23Α,Q24.0
15.0,Τ23Α,Q24.1
15.0,Τ23Α,Q24.1
15.0,Τ23Α,Q24.2
15.0,Τ23Α,Q24.2
15.0,Τ23Α,Q24.3
15.0,Τ23Α,Q24.3
15.0,Τ23Α,Q24.4
15.0,Τ23Α,Q24.4
15.0,Τ23Α,Q24.5
15.0,Τ23Α,Q24.5
15.0,Τ23Α,Q24.6
15.0,Τ23Α,Q24.6
15.0,Τ23Α,Q24.8
15.0,Τ23Α,Q24.8
15.0,Τ23Α,Q24.9
15.0,Τ23Α,Q24.9
15.0,Τ23Α,Q25
15.0,Τ23Α,Q25
15.0,Τ23Α,Q25.0
15.0,Τ23Α,Q25.0
15.0,Τ23Α,Q25.1
15.0,Τ23Α,Q25.1
15.0,Τ23Α,Q25.2
15.0,Τ23Α,Q25.2
15.0,Τ23Α,Q25.3
15.0,Τ23Α,Q25.3
15.0,Τ23Α,Q25.5
15.0,Τ23Α,Q25.5
15.0,Τ23Α,Q25.6
15.0,Τ23Α,Q25.6
15.0,Τ23Α,Q25.8
15.0,Τ23Α,Q25.8
15.0,Τ23Α,Q25.9
15.0,Τ23Α,Q25.9
15.0,Τ23Α,Q26
15.0,Τ23Α,Q26
15.0,Τ23Α,Q26.0
15.0,Τ23Α,Q26.0
15.0,Τ23Α,Q26.1
15.0,Τ23Α,Q26.1
15.0,Τ23Α,Q26.2
15.0,Τ23Α,Q26.2
15.0,Τ23Α,Q26.3
15.0,Τ23Α,Q26.3
15.0,Τ23Α,Q26.4
15.0,Τ23Α,Q26.4
15.0,Τ23Α,Q26.5
15.0,Τ23Α,Q26.5
15.0,Τ23Α,Q26.6
15.0,Τ23Α,Q26.6
15.0,Τ23Α,Q26.8
15.0,Τ23Α,Q26.8
15.0,Τ23Α,Q26.9
15.0,Τ23Α,Q26.9
15.0,Τ23Α,Q27
15.0,Τ23Α,Q27
15.0,Τ23Α,Q27.0
15.0,Τ23Α,Q27.0
15.0,Τ23Α,Q27.1
15.0,Τ23Α,Q27.1
15.0,Τ23Α,Q27.2
15.0,Τ23Α,Q27.2
15.0,Τ23Α,Q27.3
15.0,Τ23Α,Q27.3
15.0,Τ23Α,Q27.4
15.0,Τ23Α,Q27.4
15.0,Τ23Α,Q27.9
15.0,Τ23Α,Q27.9
15.0,Τ23Α,Q28
15.0,Τ23Α,Q28
15.0,Τ23Α,Q28.0
15.0,Τ23Α,Q28.0
15.0,Τ23Α,Q28.1
15.0,Τ23Α,Q28.1
15.0,Τ23Α,Q28.2
15.0,Τ23Α,Q28.2
15.0,Τ23Α,Q28.3
15.0,Τ23Α,Q28.3
15.0,Τ23Α,Q28.8
15.0,Τ23Α,Q28.8
15.0,Τ23Α,Q28.9
15.0,Τ23Α,Q28.9
15.0,Τ23Α,Q30
15.0,Τ23Α,Q30
15.0,Τ23Α,Q30.0
15.0,Τ23Α,Q30.0
15.0,Τ23Α,Q30.1
15.0,Τ23Α,Q30.1
15.0,Τ23Α,Q30.2
15.0,Τ23Α,Q30.2
15.0,Τ23Α,Q30.3
15.0,Τ23Α,Q30.3
15.0,Τ23Α,Q30.8
15.0,Τ23Α,Q30.8
15.0,Τ23Α,Q30.9
15.0,Τ23Α,Q30.9
15.0,Τ23Α,Q31
15.0,Τ23Α,Q31
15.0,Τ23Α,Q31.0
15.0,Τ23Α,Q31.0
15.0,Τ23Α,Q31.1
15.0,Τ23Α,Q31.1
15.0,Τ23Α,Q31.2
15.0,Τ23Α,Q31.2
15.0,Τ23Α,Q31.3
15.0,Τ23Α,Q31.3
15.0,Τ23Α,Q31.4
15.0,Τ23Α,Q31.4
15.0,Τ23Α,Q31.9
15.0,Τ23Α,Q31.9
15.0,Τ23Α,Q32
15.0,Τ23Α,Q32
15.0,Τ23Α,Q32.0
15.0,Τ23Α,Q32.0
15.0,Τ23Α,Q32.1
15.0,Τ23Α,Q32.1
15.0,Τ23Α,Q32.2
15.0,Τ23Α,Q32.2
15.0,Τ23Α,Q32.3
15.0,Τ23Α,Q32.3
15.0,Τ23Α,Q32.4
15.0,Τ23Α,Q32.4
15.0,Τ23Α,Q33
15.0,Τ23Α,Q33
15.0,Τ23Α,Q33.0
15.0,Τ23Α,Q33.0
15.0,Τ23Α,Q33.1
15.0,Τ23Α,Q33.1
15.0,Τ23Α,Q33.2
15.0,Τ23Α,Q33.2
15.0,Τ23Α,Q33.3
15.0,Τ23Α,Q33.3
15.0,Τ23Α,Q33.4
15.0,Τ23Α,Q33.4
15.0,Τ23Α,Q33.5
15.0,Τ23Α,Q33.5
15.0,Τ23Α,Q33.6
15.0,Τ23Α,Q33.6
15.0,Τ23Α,Q33.8
15.0,Τ23Α,Q33.8
15.0,Τ23Α,Q33.9
15.0,Τ23Α,Q33.9
15.0,Τ23Α,Q34
15.0,Τ23Α,Q34
15.0,Τ23Α,Q34.0
15.0,Τ23Α,Q34.0
15.0,Τ23Α,Q34.9
15.0,Τ23Α,Q34.9
15.0,Τ23Α,Q35
15.0,Τ23Α,Q35
15.0,Τ23Α,Q35.0
15.0,Τ23Α,Q35.0
15.0,Τ23Α,Q35.1
15.0,Τ23Α,Q35.1
15.0,Τ23Α,Q35.2
15.0,Τ23Α,Q35.2
15.0,Τ23Α,Q35.3
15.0,Τ23Α,Q35.3
15.0,Τ23Α,Q35.4
15.0,Τ23Α,Q35.4
15.0,Τ23Α,Q35.5
15.0,Τ23Α,Q35.5
15.0,Τ23Α,Q35.6
15.0,Τ23Α,Q35.6
15.0,Τ23Α,Q35.7
15.0,Τ23Α,Q35.7
15.0,Τ23Α,Q35.8
15.0,Τ23Α,Q35.8
15.0,Τ23Α,Q35.9
15.0,Τ23Α,Q35.9
15.0,Τ23Α,Q36
15.0,Τ23Α,Q36
15.0,Τ23Α,Q36.0
15.0,Τ23Α,Q36.0
15.0,Τ23Α,Q36.1
15.0,Τ23Α,Q36.1
15.0,Τ23Α,Q36.9
15.0,Τ23Α,Q36.9
15.0,Τ23Α,Q37
15.0,Τ23Α,Q37
15.0,Τ23Α,Q37.0
15.0,Τ23Α,Q37.0
15.0,Τ23Α,Q37.1
15.0,Τ23Α,Q37.1
15.0,Τ23Α,Q37.2
15.0,Τ23Α,Q37.2
15.0,Τ23Α,Q37.3
15.0,Τ23Α,Q37.3
15.0,Τ23Α,Q37.4
15.0,Τ23Α,Q37.4
15.0,Τ23Α,Q37.5
15.0,Τ23Α,Q37.5
15.0,Τ23Α,Q37.8
15.0,Τ23Α,Q37.8
15.0,Τ23Α,Q37.9
15.0,Τ23Α,Q37.9
15.0,Τ23Α,Q38
15.0,Τ23Α,Q38
15.0,Τ23Α,Q38.0
15.0,Τ23Α,Q38.0
15.0,Τ23Α,Q38.1
15.0,Τ23Α,Q38.1
15.0,Τ23Α,Q38.2
15.0,Τ23Α,Q38.2
15.0,Τ23Α,Q38.3
15.0,Τ23Α,Q38.3
15.0,Τ23Α,Q38.4
15.0,Τ23Α,Q38.4
15.0,Τ23Α,Q38.5
15.0,Τ23Α,Q38.5
15.0,Τ23Α,Q38.6
15.0,Τ23Α,Q38.6
15.0,Τ23Α,Q38.7
15.0,Τ23Α,Q38.7
15.0,Τ23Α,Q38.8
15.0,Τ23Α,Q38.8
15.0,Τ23Α,Q39
15.0,Τ23Α,Q39
15.0,Τ23Α,Q40
15.0,Τ23Α,Q40
15.0,Τ23Α,Q40.3
15.0,Τ23Α,Q40.3
15.0,Τ23Α,Q43.2
15.0,Τ23Α,Q43.2
15.0,Τ23Α,Q43.5
15.0,Τ23Α,Q43.5
15.0,Τ23Α,Q43.6
15.0,Τ23Α,Q43.6
15.0,Τ23Α,Q43.9
15.0,Τ23Α,Q43.9
15.0,Τ23Α,Q44
15.0,Τ23Α,Q44
15.0,Τ23Α,Q45.0
15.0,Τ23Α,Q45.0
15.0,Τ23Α,Q45.3
15.0,Τ23Α,Q45.3
15.0,Τ23Α,Q50
15.0,Τ23Α,Q50
15.0,Τ23Α,Q51
15.0,Τ23Α,Q51
15.0,Τ23Α,Q52
15.0,Τ23Α,Q52
15.0,Τ23Α,Q52.0
15.0,Τ23Α,Q52.0
15.0,Τ23Α,Q52.1
15.0,Τ23Α,Q52.1
15.0,Τ23Α,Q52.3
15.0,Τ23Α,Q52.3
15.0,Τ23Α,Q52.6
15.0,Τ23Α,Q52.6
15.0,Τ23Α,Q52.7
15.0,Τ23Α,Q52.7
15.0,Τ23Α,Q52.9
15.0,Τ23Α,Q52.9
15.0,Τ23Α,Q53
15.0,Τ23Α,Q53
15.0,Τ23Α,Q53.0
15.0,Τ23Α,Q53.0
15.0,Τ23Α,Q54
15.0,Τ23Α,Q54
15.0,Τ23Α,Q56
15.0,Τ23Α,Q56
15.0,Τ23Α,Q56.0
15.0,Τ23Α,Q56.0
15.0,Τ23Α,Q56.1
15.0,Τ23Α,Q56.1
15.0,Τ23Α,Q56.2
15.0,Τ23Α,Q56.2
15.0,Τ23Α,Q56.3
15.0,Τ23Α,Q56.3
15.0,Τ23Α,Q56.4
15.0,Τ23Α,Q56.4
15.0,Τ23Α,Q60
15.0,Τ23Α,Q60
15.0,Τ23Α,Q60.0
15.0,Τ23Α,Q60.0
15.0,Τ23Α,Q60.1
15.0,Τ23Α,Q60.1
15.0,Τ23Α,Q60.2
15.0,Τ23Α,Q60.2
15.0,Τ23Α,Q60.3
15.0,Τ23Α,Q60.3
15.0,Τ23Α,Q60.4
15.0,Τ23Α,Q60.4
15.0,Τ23Α,Q60.5
15.0,Τ23Α,Q60.5
15.0,Τ23Α,Q60.6
15.0,Τ23Α,Q60.6
15.0,Τ23Α,Q61
15.0,Τ23Α,Q61
15.0,Τ23Α,Q61.0
15.0,Τ23Α,Q61.0
15.0,Τ23Α,Q61.1
15.0,Τ23Α,Q61.1
15.0,Τ23Α,Q61.2
15.0,Τ23Α,Q61.2
15.0,Τ23Α,Q61.3
15.0,Τ23Α,Q61.3
15.0,Τ23Α,Q61.4
15.0,Τ23Α,Q61.4
15.0,Τ23Α,Q61.5
15.0,Τ23Α,Q61.5
15.0,Τ23Α,Q61.8
15.0,Τ23Α,Q61.8
15.0,Τ23Α,Q61.9
15.0,Τ23Α,Q61.9
15.0,Τ23Α,Q62
15.0,Τ23Α,Q62
15.0,Τ23Α,Q62.0
15.0,Τ23Α,Q62.0
15.0,Τ23Α,Q62.1
15.0,Τ23Α,Q62.1
15.0,Τ23Α,Q62.2
15.0,Τ23Α,Q62.2
15.0,Τ23Α,Q62.3
15.0,Τ23Α,Q62.3
15.0,Τ23Α,Q62.4
15.0,Τ23Α,Q62.4
15.0,Τ23Α,Q62.5
15.0,Τ23Α,Q62.5
15.0,Τ23Α,Q62.6
15.0,Τ23Α,Q62.6
15.0,Τ23Α,Q62.7
15.0,Τ23Α,Q62.7
15.0,Τ23Α,Q62.8
15.0,Τ23Α,Q62.8
15.0,Τ23Α,Q63
15.0,Τ23Α,Q63
15.0,Τ23Α,Q63.0
15.0,Τ23Α,Q63.0
15.0,Τ23Α,Q63.1
15.0,Τ23Α,Q63.1
15.0,Τ23Α,Q63.2
15.0,Τ23Α,Q63.2
15.0,Τ23Α,Q63.3
15.0,Τ23Α,Q63.3
15.0,Τ23Α,Q63.8
15.0,Τ23Α,Q63.8
15.0,Τ23Α,Q63.9
15.0,Τ23Α,Q63.9
15.0,Τ23Α,Q64
15.0,Τ23Α,Q64
15.0,Τ23Α,Q64.0
15.0,Τ23Α,Q64.0
15.0,Τ23Α,Q64.6
15.0,Τ23Α,Q64.6
15.0,Τ23Α,Q64.8
15.0,Τ23Α,Q64.8
15.0,Τ23Α,Q64.9
15.0,Τ23Α,Q64.9
15.0,Τ23Α,Q65
15.0,Τ23Α,Q65
15.0,Τ23Α,Q65.0
15.0,Τ23Α,Q65.0
15.0,Τ23Α,Q65.1
15.0,Τ23Α,Q65.1
15.0,Τ23Α,Q65.2
15.0,Τ23Α,Q65.2
15.0,Τ23Α,Q65.9
15.0,Τ23Α,Q65.9
15.0,Τ23Α,Q66
15.0,Τ23Α,Q66
15.0,Τ23Α,Q66.0
15.0,Τ23Α,Q66.0
15.0,Τ23Α,Q66.1
15.0,Τ23Α,Q66.1
15.0,Τ23Α,Q66.2
15.0,Τ23Α,Q66.2
15.0,Τ23Α,Q66.3
15.0,Τ23Α,Q66.3
15.0,Τ23Α,Q66.6
15.0,Τ23Α,Q66.6
15.0,Τ23Α,Q66.8
15.0,Τ23Α,Q66.8
15.0,Τ23Α,Q66.9
15.0,Τ23Α,Q66.9
15.0,Τ23Α,Q67
15.0,Τ23Α,Q67
15.0,Τ23Α,Q67.5
15.0,Τ23Α,Q67.5
15.0,Τ23Α,Q67.8
15.0,Τ23Α,Q67.8
15.0,Τ23Α,Q68
15.0,Τ23Α,Q68
15.0,Τ23Α,Q69
15.0,Τ23Α,Q69
15.0,Τ23Α,Q69.0
15.0,Τ23Α,Q69.0
15.0,Τ23Α,Q69.2
15.0,Τ23Α,Q69.2
15.0,Τ23Α,Q71
15.0,Τ23Α,Q71
15.0,Τ23Α,Q72
15.0,Τ23Α,Q72
15.0,Τ23Α,Q73.0
15.0,Τ23Α,Q73.0
15.0,Τ23Α,Q73.1
15.0,Τ23Α,Q73.1
15.0,Τ23Α,Q74.3
15.0,Τ23Α,Q74.3
15.0,Τ23Α,Q75.3
15.0,Τ23Α,Q75.3
15.0,Τ23Α,Q76.0
15.0,Τ23Α,Q76.0
15.0,Τ23Α,Q77.0
15.0,Τ23Α,Q77.0
15.0,Τ23Α,Q77.1
15.0,Τ23Α,Q77.1
15.0,Τ23Α,Q77.4
15.0,Τ23Α,Q77.4
15.0,Τ23Α,Q78.0
15.0,Τ23Α,Q78.0
15.0,Τ23Α,Q78.9
15.0,Τ23Α,Q78.9
15.0,Τ23Α,Q80
15.0,Τ23Α,Q80
15.0,Τ23Α,Q81
15.0,Τ23Α,Q81
15.0,Τ23Α,Q82.0
15.0,Τ23Α,Q82.0
15.0,Τ23Α,Q82.2
15.0,Τ23Α,Q82.2
15.0,Τ23Α,Q82.3
15.0,Τ23Α,Q82.3
15.0,Τ23Α,Q82.4
15.0,Τ23Α,Q82.4
15.0,Τ23Α,Q82.5
15.0,Τ23Α,Q82.5
15.0,Τ23Α,Q82.9
15.0,Τ23Α,Q82.9
15.0,Τ23Α,Q85.0
15.0,Τ23Α,Q85.0
15.0,Τ23Α,Q85.1
15.0,Τ23Α,Q85.1
15.0,Τ23Α,Q86.0
15.0,Τ23Α,Q86.0
15.0,Τ23Α,Q87.2
15.0,Τ23Α,Q87.2
15.0,Τ23Α,Q87.3
15.0,Τ23Α,Q87.3
15.0,Τ23Α,Q87.4
15.0,Τ23Α,Q87.4
15.0,Τ23Α,Q89.2
15.0,Τ23Α,Q89.2
15.0,Τ23Α,Q89.3
15.0,Τ23Α,Q89.3
15.0,Τ23Α,Q90
15.0,Τ23Α,Q90
15.0,Τ23Α,Q91
15.0,Τ23Α,Q91
15.0,Τ23Α,Q96
15.0,Τ23Α,Q96
15.0,Τ23Α,Q99.9
15.0,Τ23Α,Q99.9
15.0,Τ24Α,P05.0
15.0,Τ24Α,P05.0
15.0,Τ24Α,P05.1
15.0,Τ24Α,P05.1
15.0,Τ24Α,P05.9
15.0,Τ24Α,P05.9
15.0,Τ24Α,P07.3
15.0,Τ24Α,P07.3
15.0,Τ24Α,P10
15.0,Τ24Α,P10
15.0,Τ24Α,P10.0
15.0,Τ24Α,P10.0
15.0,Τ24Α,P10.1
15.0,Τ24Α,P10.1
15.0,Τ24Α,P10.2
15.0,Τ24Α,P10.2
15.0,Τ24Α,P10.4
15.0,Τ24Α,P10.4
15.0,Τ24Α,P10.8
15.0,Τ24Α,P10.8
15.0,Τ24Α,P10.9
15.0,Τ24Α,P10.9
15.0,Τ24Α,P11
15.0,Τ24Α,P11
15.0,Τ24Α,P11.0
15.0,Τ24Α,P11.0
15.0,Τ24Α,P11.1
15.0,Τ24Α,P11.1
15.0,Τ24Α,P11.2
15.0,Τ24Α,P11.2
15.0,Τ24Α,P11.3
15.0,Τ24Α,P11.3
15.0,Τ24Α,P11.4
15.0,Τ24Α,P11.4
15.0,Τ24Α,P11.5
15.0,Τ24Α,P11.5
15.0,Τ24Α,P11.9
15.0,Τ24Α,P11.9
15.0,Τ24Α,P12
15.0,Τ24Α,P12
15.0,Τ24Α,P12.0
15.0,Τ24Α,P12.0
15.0,Τ24Α,P12.1
15.0,Τ24Α,P12.1
15.0,Τ24Α,P12.2
15.0,Τ24Α,P12.2
15.0,Τ24Α,P12.3
15.0,Τ24Α,P12.3
15.0,Τ24Α,P12.4
15.0,Τ24Α,P12.4
15.0,Τ24Α,P12.8
15.0,Τ24Α,P12.8
15.0,Τ24Α,P12.9
15.0,Τ24Α,P12.9
15.0,Τ24Α,P13
15.0,Τ24Α,P13
15.0,Τ24Α,P13.0
15.0,Τ24Α,P13.0
15.0,Τ24Α,P13.1
15.0,Τ24Α,P13.1
15.0,Τ24Α,P13.2
15.0,Τ24Α,P13.2
15.0,Τ24Α,P13.3
15.0,Τ24Α,P13.3
15.0,Τ24Α,P13.4
15.0,Τ24Α,P13.4
15.0,Τ24Α,P13.8
15.0,Τ24Α,P13.8
15.0,Τ24Α,P13.9
15.0,Τ24Α,P13.9
15.0,Τ24Α,P14
15.0,Τ24Α,P14
15.0,Τ24Α,P14.0
15.0,Τ24Α,P14.0
15.0,Τ24Α,P14.1
15.0,Τ24Α,P14.1
15.0,Τ24Α,P14.2
15.0,Τ24Α,P14.2
15.0,Τ24Α,P14.3
15.0,Τ24Α,P14.3
15.0,Τ24Α,P14.8
15.0,Τ24Α,P14.8
15.0,Τ24Α,P14.9
15.0,Τ24Α,P14.9
15.0,Τ24Α,P15.2
15.0,Τ24Α,P15.2
15.0,Τ24Α,P15.3
15.0,Τ24Α,P15.3
15.0,Τ24Α,P15.4
15.0,Τ24Α,P15.4
15.0,Τ24Α,P15.6
15.0,Τ24Α,P15.6
15.0,Τ24Α,P15.8
15.0,Τ24Α,P15.8
15.0,Τ24Α,P15.9
15.0,Τ24Α,P15.9
15.0,Τ24Α,P20
15.0,Τ24Α,P20
15.0,Τ24Α,P21
15.0,Τ24Α,P21
15.0,Τ24Α,P21.9
15.0,Τ24Α,P21.9
15.0,Τ24Α,P22
15.0,Τ24Α,P22
15.0,Τ24Α,P22.0
15.0,Τ24Α,P22.0
15.0,Τ24Α,P22.1
15.0,Τ24Α,P22.1
15.0,Τ24Α,P22.8
15.0,Τ24Α,P22.8
15.0,Τ24Α,P22.9
15.0,Τ24Α,P22.9
15.0,Τ24Α,P23
15.0,Τ24Α,P23
15.0,Τ24Α,P23.0
15.0,Τ24Α,P23.0
15.0,Τ24Α,P23.1
15.0,Τ24Α,P23.1
15.0,Τ24Α,P23.2
15.0,Τ24Α,P23.2
15.0,Τ24Α,P23.3
15.0,Τ24Α,P23.3
15.0,Τ24Α,P23.4
15.0,Τ24Α,P23.4
15.0,Τ24Α,P23.5
15.0,Τ24Α,P23.5
15.0,Τ24Α,P23.6
15.0,Τ24Α,P23.6
15.0,Τ24Α,P23.8
15.0,Τ24Α,P23.8
15.0,Τ24Α,P24
15.0,Τ24Α,P24
15.0,Τ24Α,P24.0
15.0,Τ24Α,P24.0
15.0,Τ24Α,P24.1
15.0,Τ24Α,P24.1
15.0,Τ24Α,P24.2
15.0,Τ24Α,P24.2
15.0,Τ24Α,P24.3
15.0,Τ24Α,P24.3
15.0,Τ24Α,P24.8
15.0,Τ24Α,P24.8
15.0,Τ24Α,P24.9
15.0,Τ24Α,P24.9
15.0,Τ24Α,P25
15.0,Τ24Α,P25
15.0,Τ24Α,P25.0
15.0,Τ24Α,P25.0
15.0,Τ24Α,P25.1
15.0,Τ24Α,P25.1
15.0,Τ24Α,P25.2
15.0,Τ24Α,P25.2
15.0,Τ24Α,P25.3
15.0,Τ24Α,P25.3
15.0,Τ24Α,P25.8
15.0,Τ24Α,P25.8
15.0,Τ24Α,P26
15.0,Τ24Α,P26
15.0,Τ24Α,P26.0
15.0,Τ24Α,P26.0
15.0,Τ24Α,P26.1
15.0,Τ24Α,P26.1
15.0,Τ24Α,P26.8
15.0,Τ24Α,P26.8
15.0,Τ24Α,P26.9
15.0,Τ24Α,P26.9
15.0,Τ24Α,P27
15.0,Τ24Α,P27
15.0,Τ24Α,P27.0
15.0,Τ24Α,P27.0
15.0,Τ24Α,P27.1
15.0,Τ24Α,P27.8
15.0,Τ24Α,P27.8
15.0,Τ24Α,P27.9
15.0,Τ24Α,P27.9
15.0,Τ24Α,P28
15.0,Τ24Α,P28
15.0,Τ24Α,P28.0
15.0,Τ24Α,P28.0
15.0,Τ24Α,P28.1
15.0,Τ24Α,P28.1
15.0,Τ24Α,P28.2
15.0,Τ24Α,P28.2
15.0,Τ24Α,P28.3
15.0,Τ24Α,P28.4
15.0,Τ24Α,P28.4
15.0,Τ24Α,P28.5
15.0,Τ24Α,P28.5
15.0,Τ24Α,P28.8
15.0,Τ24Α,P28.8
15.0,Τ24Α,P28.9
15.0,Τ24Α,P28.9
15.0,Τ24Α,P29
15.0,Τ24Α,P29
15.0,Τ24Α,P29.0
15.0,Τ24Α,P29.0
15.0,Τ24Α,P29.1
15.0,Τ24Α,P29.1
15.0,Τ24Α,P29.2
15.0,Τ24Α,P29.2
15.0,Τ24Α,P29.3
15.0,Τ24Α,P29.3
15.0,Τ24Α,P29.4
15.0,Τ24Α,P29.4
15.0,Τ24Α,P29.9
15.0,Τ24Α,P29.9
15.0,Τ24Α,P35
15.0,Τ24Α,P35
15.0,Τ24Α,P35.0
15.0,Τ24Α,P35.0
15.0,Τ24Α,P35.1
15.0,Τ24Α,P35.1
15.0,Τ24Α,P35.3
15.0,Τ24Α,P35.3
15.0,Τ24Α,P35.8
15.0,Τ24Α,P35.8
15.0,Τ24Α,P35.9
15.0,Τ24Α,P35.9
15.0,Τ24Α,P36
15.0,Τ24Α,P36
15.0,Τ24Α,P36.0
15.0,Τ24Α,P36.0
15.0,Τ24Α,P36.1
15.0,Τ24Α,P36.1
15.0,Τ24Α,P36.2
15.0,Τ24Α,P36.2
15.0,Τ24Α,P36.3
15.0,Τ24Α,P36.3
15.0,Τ24Α,P36.4
15.0,Τ24Α,P36.4
15.0,Τ24Α,P36.5
15.0,Τ24Α,P36.5
15.0,Τ24Α,P36.8
15.0,Τ24Α,P36.8
15.0,Τ24Α,P36.9
15.0,Τ24Α,P36.9
15.0,Τ24Α,P37
15.0,Τ24Α,P37
15.0,Τ24Α,P37.0
15.0,Τ24Α,P37.0
15.0,Τ24Α,P37.1
15.0,Τ24Α,P37.1
15.0,Τ24Α,P37.2
15.0,Τ24Α,P37.2
15.0,Τ24Α,P37.3
15.0,Τ24Α,P37.3
15.0,Τ24Α,P37.4
15.0,Τ24Α,P37.4
15.0,Τ24Α,P37.5
15.0,Τ24Α,P37.5
15.0,Τ24Α,P37.8
15.0,Τ24Α,P37.8
15.0,Τ24Α,P37.9
15.0,Τ24Α,P37.9
15.0,Τ24Α,P38
15.0,Τ24Α,P38
15.0,Τ24Α,P39
15.0,Τ24Α,P39
15.0,Τ24Α,P39.0
15.0,Τ24Α,P39.0
15.0,Τ24Α,P39.1
15.0,Τ24Α,P39.1
15.0,Τ24Α,P39.2
15.0,Τ24Α,P39.2
15.0,Τ24Α,P39.4
15.0,Τ24Α,P39.4
15.0,Τ24Α,P50
15.0,Τ24Α,P50
15.0,Τ24Α,P50.0
15.0,Τ24Α,P50.0
15.0,Τ24Α,P50.1
15.0,Τ24Α,P50.1
15.0,Τ24Α,P50.2
15.0,Τ24Α,P50.2
15.0,Τ24Α,P50.3
15.0,Τ24Α,P50.3
15.0,Τ24Α,P50.4
15.0,Τ24Α,P50.4
15.0,Τ24Α,P50.5
15.0,Τ24Α,P50.5
15.0,Τ24Α,P50.8
15.0,Τ24Α,P50.8
15.0,Τ24Α,P50.9
15.0,Τ24Α,P50.9
15.0,Τ24Α,P51
15.0,Τ24Α,P51
15.0,Τ24Α,P51.0
15.0,Τ24Α,P51.0
15.0,Τ24Α,P51.8
15.0,Τ24Α,P51.8
15.0,Τ24Α,P51.9
15.0,Τ24Α,P51.9
15.0,Τ24Α,P52
15.0,Τ24Α,P52
15.0,Τ24Α,P52.0
15.0,Τ24Α,P52.0
15.0,Τ24Α,P52.1
15.0,Τ24Α,P52.1
15.0,Τ24Α,P52.2
15.0,Τ24Α,P52.2
15.0,Τ24Α,P52.3
15.0,Τ24Α,P52.3
15.0,Τ24Α,P52.4
15.0,Τ24Α,P52.4
15.0,Τ24Α,P52.5
15.0,Τ24Α,P52.5
15.0,Τ24Α,P52.6
15.0,Τ24Α,P52.6
15.0,Τ24Α,P52.8
15.0,Τ24Α,P52.8
15.0,Τ24Α,P52.9
15.0,Τ24Α,P52.9
15.0,Τ24Α,P53
15.0,Τ24Α,P53
15.0,Τ24Α,P54
15.0,Τ24Α,P54
15.0,Τ24Α,P54.0
15.0,Τ24Α,P54.0
15.0,Τ24Α,P54.1
15.0,Τ24Α,P54.1
15.0,Τ24Α,P54.2
15.0,Τ24Α,P54.2
15.0,Τ24Α,P54.3
15.0,Τ24Α,P54.3
15.0,Τ24Α,P54.4
15.0,Τ24Α,P54.4
15.0,Τ24Α,P54.5
15.0,Τ24Α,P54.5
15.0,Τ24Α,P54.6
15.0,Τ24Α,P54.6
15.0,Τ24Α,P54.8
15.0,Τ24Α,P54.8
15.0,Τ24Α,P54.9
15.0,Τ24Α,P54.9
15.0,Τ24Α,P55
15.0,Τ24Α,P55
15.0,Τ24Α,P55.1
15.0,Τ24Α,P55.1
15.0,Τ24Α,P55.8
15.0,Τ24Α,P55.8
15.0,Τ24Α,P55.9
15.0,Τ24Α,P55.9
15.0,Τ24Α,P56
15.0,Τ24Α,P56
15.0,Τ24Α,P56.0
15.0,Τ24Α,P56.0
15.0,Τ24Α,P56.9
15.0,Τ24Α,P56.9
15.0,Τ24Α,P57
15.0,Τ24Α,P57
15.0,Τ24Α,P57.8
15.0,Τ24Α,P57.8
15.0,Τ24Α,P57.9
15.0,Τ24Α,P57.9
15.0,Τ24Α,P58
15.0,Τ24Α,P58
15.0,Τ24Α,P58.0
15.0,Τ24Α,P58.0
15.0,Τ24Α,P58.1
15.0,Τ24Α,P58.1
15.0,Τ24Α,P58.2
15.0,Τ24Α,P58.2
15.0,Τ24Α,P58.4
15.0,Τ24Α,P58.4
15.0,Τ24Α,P58.8
15.0,Τ24Α,P58.8
15.0,Τ24Α,P58.9
15.0,Τ24Α,P58.9
15.0,Τ24Α,P59
15.0,Τ24Α,P59
15.0,Τ24Α,P59.0
15.0,Τ24Α,P59.0
15.0,Τ24Α,P59.1
15.0,Τ24Α,P59.1
15.0,Τ24Α,P59.2
15.0,Τ24Α,P59.2
15.0,Τ24Α,P59.3
15.0,Τ24Α,P59.3
15.0,Τ24Α,P59.8
15.0,Τ24Α,P59.8
15.0,Τ24Α,P59.9
15.0,Τ24Α,P59.9
15.0,Τ24Α,P60
15.0,Τ24Α,P60
15.0,Τ24Α,P61
15.0,Τ24Α,P61
15.0,Τ24Α,P61.0
15.0,Τ24Α,P61.0
15.0,Τ24Α,P61.1
15.0,Τ24Α,P61.1
15.0,Τ24Α,P61.2
15.0,Τ24Α,P61.2
15.0,Τ24Α,P61.3
15.0,Τ24Α,P61.3
15.0,Τ24Α,P61.4
15.0,Τ24Α,P61.4
15.0,Τ24Α,P61.5
15.0,Τ24Α,P61.5
15.0,Τ24Α,P61.6
15.0,Τ24Α,P61.6
15.0,Τ24Α,P61.8
15.0,Τ24Α,P61.8
15.0,Τ24Α,P61.9
15.0,Τ24Α,P61.9
15.0,Τ24Α,P70
15.0,Τ24Α,P70
15.0,Τ24Α,P70.0
15.0,Τ24Α,P70.0
15.0,Τ24Α,P70.1
15.0,Τ24Α,P70.1
15.0,Τ24Α,P70.2
15.0,Τ24Α,P70.2
15.0,Τ24Α,P70.3
15.0,Τ24Α,P70.3
15.0,Τ24Α,P70.4
15.0,Τ24Α,P70.4
15.0,Τ24Α,P70.8
15.0,Τ24Α,P70.8
15.0,Τ24Α,P70.9
15.0,Τ24Α,P70.9
15.0,Τ24Α,P71
15.0,Τ24Α,P71
15.0,Τ24Α,P71.0
15.0,Τ24Α,P71.0
15.0,Τ24Α,P71.1
15.0,Τ24Α,P71.1
15.0,Τ24Α,P71.2
15.0,Τ24Α,P71.2
15.0,Τ24Α,P71.3
15.0,Τ24Α,P71.3
15.0,Τ24Α,P71.4
15.0,Τ24Α,P71.4
15.0,Τ24Α,P71.8
15.0,Τ24Α,P71.8
15.0,Τ24Α,P71.9
15.0,Τ24Α,P71.9
15.0,Τ24Α,P72
15.0,Τ24Α,P72
15.0,Τ24Α,P72.0
15.0,Τ24Α,P72.0
15.0,Τ24Α,P72.1
15.0,Τ24Α,P72.1
15.0,Τ24Α,P72.2
15.0,Τ24Α,P72.2
15.0,Τ24Α,P72.8
15.0,Τ24Α,P72.8
15.0,Τ24Α,P72.9
15.0,Τ24Α,P72.9
15.0,Τ24Α,P74
15.0,Τ24Α,P74
15.0,Τ24Α,P74.0
15.0,Τ24Α,P74.1
15.0,Τ24Α,P74.1
15.0,Τ24Α,P74.2
15.0,Τ24Α,P74.2
15.0,Τ24Α,P74.3
15.0,Τ24Α,P74.3
15.0,Τ24Α,P74.4
15.0,Τ24Α,P74.4
15.0,Τ24Α,P74.5
15.0,Τ24Α,P74.5
15.0,Τ24Α,P74.8
15.0,Τ24Α,P74.8
15.0,Τ24Α,P74.9
15.0,Τ24Α,P74.9
15.0,Τ24Α,P75*
15.0,Τ24Α,P75*
15.0,Τ24Α,P76
15.0,Τ24Α,P76
15.0,Τ24Α,P76.0
15.0,Τ24Α,P76.0
15.0,Τ24Α,P76.1
15.0,Τ24Α,P76.1
15.0,Τ24Α,P77
15.0,Τ24Α,P77
15.0,Τ24Α,P78
15.0,Τ24Α,P78
15.0,Τ24Α,P78.2
15.0,Τ24Α,P78.2
15.0,Τ24Α,P78.3
15.0,Τ24Α,P78.3
15.0,Τ24Α,P78.8
15.0,Τ24Α,P78.8
15.0,Τ24Α,P78.9
15.0,Τ24Α,P78.9
15.0,Τ24Α,P80
15.0,Τ24Α,P80
15.0,Τ24Α,P81
15.0,Τ24Α,P81
15.0,Τ24Α,P81.0
15.0,Τ24Α,P81.0
15.0,Τ24Α,P81.8
15.0,Τ24Α,P81.8
15.0,Τ24Α,P81.9
15.0,Τ24Α,P81.9
15.0,Τ24Α,P82
15.0,Τ24Α,P82
15.0,Τ24Α,P83
15.0,Τ24Α,P83
15.0,Τ24Α,P83.0
15.0,Τ24Α,P83.0
15.0,Τ24Α,P83.1
15.0,Τ24Α,P83.1
15.0,Τ24Α,P83.2
15.0,Τ24Α,P83.2
15.0,Τ24Α,P83.3
15.0,Τ24Α,P83.3
15.0,Τ24Α,P83.4
15.0,Τ24Α,P83.4
15.0,Τ24Α,P83.5
15.0,Τ24Α,P83.5
15.0,Τ24Α,P83.6
15.0,Τ24Α,P83.6
15.0,Τ24Α,P83.8
15.0,Τ24Α,P83.8
15.0,Τ24Α,P83.9
15.0,Τ24Α,P83.9
15.0,Τ24Α,P84
15.0,Τ24Α,P84
15.0,Τ24Α,P85
15.0,Τ24Α,P85
15.0,Τ24Α,P90
15.0,Τ24Α,P90
15.0,Τ24Α,P91
15.0,Τ24Α,P91
15.0,Τ24Α,P91.0
15.0,Τ24Α,P91.0
15.0,Τ24Α,P91.1
15.0,Τ24Α,P91.1
15.0,Τ24Α,P91.2
15.0,Τ24Α,P91.2
15.0,Τ24Α,P91.3
15.0,Τ24Α,P91.3
15.0,Τ24Α,P91.4
15.0,Τ24Α,P91.4
15.0,Τ24Α,P91.5
15.0,Τ24Α,P91.5
15.0,Τ24Α,P91.8
15.0,Τ24Α,P91.8
15.0,Τ24Α,P91.9
15.0,Τ24Α,P91.9
15.0,Τ24Α,P92
15.0,Τ24Α,P92
15.0,Τ24Α,P92.0
15.0,Τ24Α,P92.0
15.0,Τ24Α,P92.2
15.0,Τ24Α,P92.2
15.0,Τ24Α,P92.3
15.0,Τ24Α,P92.3
15.0,Τ24Α,P92.4
15.0,Τ24Α,P92.4
15.0,Τ24Α,P92.8
15.0,Τ24Α,P92.8
15.0,Τ24Α,P92.9
15.0,Τ24Α,P92.9
15.0,Τ24Α,P93
15.0,Τ24Α,P93
15.0,Τ24Α,P94
15.0,Τ24Α,P94
15.0,Τ24Α,P94.0
15.0,Τ24Α,P94.0
15.0,Τ24Α,P94.1
15.0,Τ24Α,P94.1
15.0,Τ24Α,P94.2
15.0,Τ24Α,P94.2
15.0,Τ24Α,P94.8
15.0,Τ24Α,P94.8
15.0,Τ24Α,P94.9
15.0,Τ24Α,P94.9
15.0,Τ24Α,P95
15.0,Τ24Α,P95
15.0,Τ24Α,P96.0
15.0,Τ24Α,P96.0
15.0,Τ24Α,P96.1
15.0,Τ24Α,P96.1
15.0,Τ24Α,P96.2
15.0,Τ24Α,P96.2
15.0,Τ24Α,Q00
15.0,Τ24Α,Q00
15.0,Τ24Α,Q00.0
15.0,Τ24Α,Q00.0
15.0,Τ24Α,Q00.1
15.0,Τ24Α,Q00.1
15.0,Τ24Α,Q00.2
15.0,Τ24Α,Q00.2
15.0,Τ24Α,Q02
15.0,Τ24Α,Q02
15.0,Τ24Α,Q04
15.0,Τ24Α,Q04
15.0,Τ24Α,Q04.0
15.0,Τ24Α,Q04.0
15.0,Τ24Α,Q04.1
15.0,Τ24Α,Q04.1
15.0,Τ24Α,Q04.2
15.0,Τ24Α,Q04.2
15.0,Τ24Α,Q04.3
15.0,Τ24Α,Q04.3
15.0,Τ24Α,Q04.4
15.0,Τ24Α,Q04.4
15.0,Τ24Α,Q04.5
15.0,Τ24Α,Q04.5
15.0,Τ24Α,Q04.6
15.0,Τ24Α,Q04.6
15.0,Τ24Α,Q04.8
15.0,Τ24Α,Q04.8
15.0,Τ24Α,Q04.9
15.0,Τ24Α,Q04.9
15.0,Τ24Α,Q05
15.0,Τ24Α,Q05
15.0,Τ24Α,Q06
15.0,Τ24Α,Q06
15.0,Τ24Α,Q06.1
15.0,Τ24Α,Q06.1
15.0,Τ24Α,Q06.2
15.0,Τ24Α,Q06.2
15.0,Τ24Α,Q06.3
15.0,Τ24Α,Q06.3
15.0,Τ24Α,Q06.4
15.0,Τ24Α,Q06.4
15.0,Τ24Α,Q06.9
15.0,Τ24Α,Q06.9
15.0,Τ24Α,Q07
15.0,Τ24Α,Q07
15.0,Τ24Α,Q07.0
15.0,Τ24Α,Q07.0
15.0,Τ24Α,Q07.8
15.0,Τ24Α,Q07.8
15.0,Τ24Α,Q07.9
15.0,Τ24Α,Q07.9
15.0,Τ24Α,Q10
15.0,Τ24Α,Q10
15.0,Τ24Α,Q10.0
15.0,Τ24Α,Q10.0
15.0,Τ24Α,Q10.1
15.0,Τ24Α,Q10.1
15.0,Τ24Α,Q10.2
15.0,Τ24Α,Q10.2
15.0,Τ24Α,Q10.4
15.0,Τ24Α,Q10.4
15.0,Τ24Α,Q10.5
15.0,Τ24Α,Q10.5
15.0,Τ24Α,Q10.6
15.0,Τ24Α,Q10.6
15.0,Τ24Α,Q10.7
15.0,Τ24Α,Q10.7
15.0,Τ24Α,Q11
15.0,Τ24Α,Q11
15.0,Τ24Α,Q11.0
15.0,Τ24Α,Q11.0
15.0,Τ24Α,Q11.1
15.0,Τ24Α,Q11.1
15.0,Τ24Α,Q11.2
15.0,Τ24Α,Q11.2
15.0,Τ24Α,Q11.3
15.0,Τ24Α,Q11.3
15.0,Τ24Α,Q12
15.0,Τ24Α,Q12
15.0,Τ24Α,Q12.0
15.0,Τ24Α,Q12.0
15.0,Τ24Α,Q12.1
15.0,Τ24Α,Q12.1
15.0,Τ24Α,Q12.2
15.0,Τ24Α,Q12.2
15.0,Τ24Α,Q12.3
15.0,Τ24Α,Q12.3
15.0,Τ24Α,Q12.4
15.0,Τ24Α,Q12.4
15.0,Τ24Α,Q12.8
15.0,Τ24Α,Q12.8
15.0,Τ24Α,Q12.9
15.0,Τ24Α,Q12.9
15.0,Τ24Α,Q13
15.0,Τ24Α,Q13
15.0,Τ24Α,Q13.0
15.0,Τ24Α,Q13.0
15.0,Τ24Α,Q13.1
15.0,Τ24Α,Q13.1
15.0,Τ24Α,Q13.2
15.0,Τ24Α,Q13.2
15.0,Τ24Α,Q13.3
15.0,Τ24Α,Q13.3
15.0,Τ24Α,Q13.4
15.0,Τ24Α,Q13.4
15.0,Τ24Α,Q13.5
15.0,Τ24Α,Q13.5
15.0,Τ24Α,Q13.8
15.0,Τ24Α,Q13.8
15.0,Τ24Α,Q13.9
15.0,Τ24Α,Q13.9
15.0,Τ24Α,Q14.0
15.0,Τ24Α,Q14.0
15.0,Τ24Α,Q14.1
15.0,Τ24Α,Q14.1
15.0,Τ24Α,Q14.2
15.0,Τ24Α,Q14.2
15.0,Τ24Α,Q14.3
15.0,Τ24Α,Q14.3
15.0,Τ24Α,Q14.8
15.0,Τ24Α,Q14.8
15.0,Τ24Α,Q14.9
15.0,Τ24Α,Q14.9
15.0,Τ24Α,Q15
15.0,Τ24Α,Q15
15.0,Τ24Α,Q15.0
15.0,Τ24Α,Q15.0
15.0,Τ24Α,Q15.8
15.0,Τ24Α,Q15.8
15.0,Τ24Α,Q15.9
15.0,Τ24Α,Q15.9
15.0,Τ24Α,Q16
15.0,Τ24Α,Q16
15.0,Τ24Α,Q16.0
15.0,Τ24Α,Q16.0
15.0,Τ24Α,Q16.1
15.0,Τ24Α,Q16.1
15.0,Τ24Α,Q16.2
15.0,Τ24Α,Q16.2
15.0,Τ24Α,Q16.3
15.0,Τ24Α,Q16.3
15.0,Τ24Α,Q16.4
15.0,Τ24Α,Q16.4
15.0,Τ24Α,Q16.5
15.0,Τ24Α,Q16.5
15.0,Τ24Α,Q16.9
15.0,Τ24Α,Q16.9
15.0,Τ24Α,Q17
15.0,Τ24Α,Q17
15.0,Τ24Α,Q17.0
15.0,Τ24Α,Q17.0
15.0,Τ24Α,Q17.1
15.0,Τ24Α,Q17.1
15.0,Τ24Α,Q17.2
15.0,Τ24Α,Q17.2
15.0,Τ24Α,Q17.3
15.0,Τ24Α,Q17.3
15.0,Τ24Α,Q17.4
15.0,Τ24Α,Q17.4
15.0,Τ24Α,Q17.5
15.0,Τ24Α,Q17.5
15.0,Τ24Α,Q17.8
15.0,Τ24Α,Q17.8
15.0,Τ24Α,Q17.9
15.0,Τ24Α,Q17.9
15.0,Τ24Α,Q18
15.0,Τ24Α,Q18
15.0,Τ24Α,Q18.0
15.0,Τ24Α,Q18.0
15.0,Τ24Α,Q18.1
15.0,Τ24Α,Q18.1
15.0,Τ24Α,Q18.2
15.0,Τ24Α,Q18.2
15.0,Τ24Α,Q18.3
15.0,Τ24Α,Q18.3
15.0,Τ24Α,Q18.4
15.0,Τ24Α,Q18.4
15.0,Τ24Α,Q18.5
15.0,Τ24Α,Q18.5
15.0,Τ24Α,Q18.6
15.0,Τ24Α,Q18.6
15.0,Τ24Α,Q18.7
15.0,Τ24Α,Q18.7
15.0,Τ24Α,Q18.8
15.0,Τ24Α,Q18.8
15.0,Τ24Α,Q18.9
15.0,Τ24Α,Q18.9
15.0,Τ24Α,Q20
15.0,Τ24Α,Q20
15.0,Τ24Α,Q20.0
15.0,Τ24Α,Q20.0
15.0,Τ24Α,Q20.1
15.0,Τ24Α,Q20.1
15.0,Τ24Α,Q20.2
15.0,Τ24Α,Q20.2
15.0,Τ24Α,Q20.3
15.0,Τ24Α,Q20.3
15.0,Τ24Α,Q20.4
15.0,Τ24Α,Q20.4
15.0,Τ24Α,Q20.5
15.0,Τ24Α,Q20.5
15.0,Τ24Α,Q20.6
15.0,Τ24Α,Q20.6
15.0,Τ24Α,Q20.8
15.0,Τ24Α,Q20.8
15.0,Τ24Α,Q20.9
15.0,Τ24Α,Q20.9
15.0,Τ24Α,Q21
15.0,Τ24Α,Q21
15.0,Τ24Α,Q21.0
15.0,Τ24Α,Q21.0
15.0,Τ24Α,Q21.1
15.0,Τ24Α,Q21.1
15.0,Τ24Α,Q21.2
15.0,Τ24Α,Q21.2
15.0,Τ24Α,Q21.3
15.0,Τ24Α,Q21.3
15.0,Τ24Α,Q21.4
15.0,Τ24Α,Q21.4
15.0,Τ24Α,Q21.8
15.0,Τ24Α,Q21.8
15.0,Τ24Α,Q21.9
15.0,Τ24Α,Q21.9
15.0,Τ24Α,Q22
15.0,Τ24Α,Q22
15.0,Τ24Α,Q22.0
15.0,Τ24Α,Q22.0
15.0,Τ24Α,Q22.1
15.0,Τ24Α,Q22.1
15.0,Τ24Α,Q22.2
15.0,Τ24Α,Q22.2
15.0,Τ24Α,Q22.3
15.0,Τ24Α,Q22.3
15.0,Τ24Α,Q22.4
15.0,Τ24Α,Q22.4
15.0,Τ24Α,Q22.5
15.0,Τ24Α,Q22.5
15.0,Τ24Α,Q22.6
15.0,Τ24Α,Q22.6
15.0,Τ24Α,Q22.8
15.0,Τ24Α,Q22.8
15.0,Τ24Α,Q22.9
15.0,Τ24Α,Q22.9
15.0,Τ24Α,Q23
15.0,Τ24Α,Q23
15.0,Τ24Α,Q23.0
15.0,Τ24Α,Q23.0
15.0,Τ24Α,Q23.1
15.0,Τ24Α,Q23.1
15.0,Τ24Α,Q23.2
15.0,Τ24Α,Q23.2
15.0,Τ24Α,Q23.3
15.0,Τ24Α,Q23.3
15.0,Τ24Α,Q23.4
15.0,Τ24Α,Q23.4
15.0,Τ24Α,Q23.8
15.0,Τ24Α,Q23.8
15.0,Τ24Α,Q23.9
15.0,Τ24Α,Q23.9
15.0,Τ24Α,Q24
15.0,Τ24Α,Q24
15.0,Τ24Α,Q24.0
15.0,Τ24Α,Q24.0
15.0,Τ24Α,Q24.1
15.0,Τ24Α,Q24.1
15.0,Τ24Α,Q24.2
15.0,Τ24Α,Q24.2
15.0,Τ24Α,Q24.3
15.0,Τ24Α,Q24.3
15.0,Τ24Α,Q24.4
15.0,Τ24Α,Q24.4
15.0,Τ24Α,Q24.5
15.0,Τ24Α,Q24.5
15.0,Τ24Α,Q24.6
15.0,Τ24Α,Q24.6
15.0,Τ24Α,Q24.8
15.0,Τ24Α,Q24.8
15.0,Τ24Α,Q24.9
15.0,Τ24Α,Q24.9
15.0,Τ24Α,Q25
15.0,Τ24Α,Q25
15.0,Τ24Α,Q25.0
15.0,Τ24Α,Q25.0
15.0,Τ24Α,Q25.1
15.0,Τ24Α,Q25.1
15.0,Τ24Α,Q25.2
15.0,Τ24Α,Q25.2
15.0,Τ24Α,Q25.3
15.0,Τ24Α,Q25.3
15.0,Τ24Α,Q25.5
15.0,Τ24Α,Q25.5
15.0,Τ24Α,Q25.6
15.0,Τ24Α,Q25.6
15.0,Τ24Α,Q25.8
15.0,Τ24Α,Q25.8
15.0,Τ24Α,Q25.9
15.0,Τ24Α,Q25.9
15.0,Τ24Α,Q26
15.0,Τ24Α,Q26
15.0,Τ24Α,Q26.0
15.0,Τ24Α,Q26.0
15.0,Τ24Α,Q26.1
15.0,Τ24Α,Q26.1
15.0,Τ24Α,Q26.2
15.0,Τ24Α,Q26.2
15.0,Τ24Α,Q26.3
15.0,Τ24Α,Q26.3
15.0,Τ24Α,Q26.4
15.0,Τ24Α,Q26.4
15.0,Τ24Α,Q26.5
15.0,Τ24Α,Q26.5
15.0,Τ24Α,Q26.6
15.0,Τ24Α,Q26.6
15.0,Τ24Α,Q26.8
15.0,Τ24Α,Q26.8
15.0,Τ24Α,Q26.9
15.0,Τ24Α,Q26.9
15.0,Τ24Α,Q27
15.0,Τ24Α,Q27
15.0,Τ24Α,Q27.0
15.0,Τ24Α,Q27.0
15.0,Τ24Α,Q27.1
15.0,Τ24Α,Q27.1
15.0,Τ24Α,Q27.2
15.0,Τ24Α,Q27.2
15.0,Τ24Α,Q27.3
15.0,Τ24Α,Q27.3
15.0,Τ24Α,Q27.4
15.0,Τ24Α,Q27.4
15.0,Τ24Α,Q27.9
15.0,Τ24Α,Q27.9
15.0,Τ24Α,Q28
15.0,Τ24Α,Q28
15.0,Τ24Α,Q28.0
15.0,Τ24Α,Q28.0
15.0,Τ24Α,Q28.1
15.0,Τ24Α,Q28.1
15.0,Τ24Α,Q28.2
15.0,Τ24Α,Q28.2
15.0,Τ24Α,Q28.3
15.0,Τ24Α,Q28.3
15.0,Τ24Α,Q28.8
15.0,Τ24Α,Q28.8
15.0,Τ24Α,Q28.9
15.0,Τ24Α,Q28.9
15.0,Τ24Α,Q30
15.0,Τ24Α,Q30
15.0,Τ24Α,Q30.0
15.0,Τ24Α,Q30.0
15.0,Τ24Α,Q30.1
15.0,Τ24Α,Q30.1
15.0,Τ24Α,Q30.2
15.0,Τ24Α,Q30.2
15.0,Τ24Α,Q30.3
15.0,Τ24Α,Q30.3
15.0,Τ24Α,Q30.8
15.0,Τ24Α,Q30.8
15.0,Τ24Α,Q30.9
15.0,Τ24Α,Q30.9
15.0,Τ24Α,Q31
15.0,Τ24Α,Q31
15.0,Τ24Α,Q31.0
15.0,Τ24Α,Q31.0
15.0,Τ24Α,Q31.1
15.0,Τ24Α,Q31.1
15.0,Τ24Α,Q31.2
15.0,Τ24Α,Q31.2
15.0,Τ24Α,Q31.3
15.0,Τ24Α,Q31.3
15.0,Τ24Α,Q31.4
15.0,Τ24Α,Q31.4
15.0,Τ24Α,Q31.9
15.0,Τ24Α,Q31.9
15.0,Τ24Α,Q32
15.0,Τ24Α,Q32
15.0,Τ24Α,Q32.0
15.0,Τ24Α,Q32.0
15.0,Τ24Α,Q32.1
15.0,Τ24Α,Q32.1
15.0,Τ24Α,Q32.2
15.0,Τ24Α,Q32.2
15.0,Τ24Α,Q32.3
15.0,Τ24Α,Q32.3
15.0,Τ24Α,Q32.4
15.0,Τ24Α,Q32.4
15.0,Τ24Α,Q33
15.0,Τ24Α,Q33
15.0,Τ24Α,Q33.0
15.0,Τ24Α,Q33.0
15.0,Τ24Α,Q33.1
15.0,Τ24Α,Q33.1
15.0,Τ24Α,Q33.2
15.0,Τ24Α,Q33.2
15.0,Τ24Α,Q33.3
15.0,Τ24Α,Q33.3
15.0,Τ24Α,Q33.4
15.0,Τ24Α,Q33.4
15.0,Τ24Α,Q33.5
15.0,Τ24Α,Q33.5
15.0,Τ24Α,Q33.6
15.0,Τ24Α,Q33.6
15.0,Τ24Α,Q33.8
15.0,Τ24Α,Q33.8
15.0,Τ24Α,Q33.9
15.0,Τ24Α,Q33.9
15.0,Τ24Α,Q34
15.0,Τ24Α,Q34
15.0,Τ24Α,Q34.0
15.0,Τ24Α,Q34.0
15.0,Τ24Α,Q34.9
15.0,Τ24Α,Q34.9
15.0,Τ24Α,Q35
15.0,Τ24Α,Q35
15.0,Τ24Α,Q35.0
15.0,Τ24Α,Q35.0
15.0,Τ24Α,Q35.1
15.0,Τ24Α,Q35.1
15.0,Τ24Α,Q35.2
15.0,Τ24Α,Q35.2
15.0,Τ24Α,Q35.3
15.0,Τ24Α,Q35.3
15.0,Τ24Α,Q35.4
15.0,Τ24Α,Q35.4
15.0,Τ24Α,Q35.5
15.0,Τ24Α,Q35.5
15.0,Τ24Α,Q35.6
15.0,Τ24Α,Q35.6
15.0,Τ24Α,Q35.7
15.0,Τ24Α,Q35.7
15.0,Τ24Α,Q35.8
15.0,Τ24Α,Q35.8
15.0,Τ24Α,Q35.9
15.0,Τ24Α,Q35.9
15.0,Τ24Α,Q36
15.0,Τ24Α,Q36
15.0,Τ24Α,Q36.0
15.0,Τ24Α,Q36.0
15.0,Τ24Α,Q36.1
15.0,Τ24Α,Q36.1
15.0,Τ24Α,Q36.9
15.0,Τ24Α,Q36.9
15.0,Τ24Α,Q37
15.0,Τ24Α,Q37
15.0,Τ24Α,Q37.0
15.0,Τ24Α,Q37.0
15.0,Τ24Α,Q37.1
15.0,Τ24Α,Q37.1
15.0,Τ24Α,Q37.2
15.0,Τ24Α,Q37.2
15.0,Τ24Α,Q37.3
15.0,Τ24Α,Q37.3
15.0,Τ24Α,Q37.4
15.0,Τ24Α,Q37.4
15.0,Τ24Α,Q37.5
15.0,Τ24Α,Q37.5
15.0,Τ24Α,Q37.8
15.0,Τ24Α,Q37.8
15.0,Τ24Α,Q37.9
15.0,Τ24Α,Q37.9
15.0,Τ24Α,Q38
15.0,Τ24Α,Q38
15.0,Τ24Α,Q38.0
15.0,Τ24Α,Q38.0
15.0,Τ24Α,Q38.1
15.0,Τ24Α,Q38.1
15.0,Τ24Α,Q38.2
15.0,Τ24Α,Q38.2
15.0,Τ24Α,Q38.3
15.0,Τ24Α,Q38.3
15.0,Τ24Α,Q38.4
15.0,Τ24Α,Q38.4
15.0,Τ24Α,Q38.5
15.0,Τ24Α,Q38.5
15.0,Τ24Α,Q38.6
15.0,Τ24Α,Q38.6
15.0,Τ24Α,Q38.7
15.0,Τ24Α,Q38.7
15.0,Τ24Α,Q38.8
15.0,Τ24Α,Q38.8
15.0,Τ24Α,Q39
15.0,Τ24Α,Q39
15.0,Τ24Α,Q40
15.0,Τ24Α,Q40
15.0,Τ24Α,Q40.3
15.0,Τ24Α,Q40.3
15.0,Τ24Α,Q43.2
15.0,Τ24Α,Q43.2
15.0,Τ24Α,Q43.5
15.0,Τ24Α,Q43.5
15.0,Τ24Α,Q43.6
15.0,Τ24Α,Q43.6
15.0,Τ24Α,Q43.9
15.0,Τ24Α,Q43.9
15.0,Τ24Α,Q44
15.0,Τ24Α,Q44
15.0,Τ24Α,Q45.0
15.0,Τ24Α,Q45.0
15.0,Τ24Α,Q45.3
15.0,Τ24Α,Q45.3
15.0,Τ24Α,Q50
15.0,Τ24Α,Q50
15.0,Τ24Α,Q51
15.0,Τ24Α,Q51
15.0,Τ24Α,Q52
15.0,Τ24Α,Q52
15.0,Τ24Α,Q52.0
15.0,Τ24Α,Q52.0
15.0,Τ24Α,Q52.1
15.0,Τ24Α,Q52.1
15.0,Τ24Α,Q52.3
15.0,Τ24Α,Q52.3
15.0,Τ24Α,Q52.6
15.0,Τ24Α,Q52.6
15.0,Τ24Α,Q52.7
15.0,Τ24Α,Q52.7
15.0,Τ24Α,Q52.9
15.0,Τ24Α,Q52.9
15.0,Τ24Α,Q53
15.0,Τ24Α,Q53
15.0,Τ24Α,Q53.0
15.0,Τ24Α,Q53.0
15.0,Τ24Α,Q54
15.0,Τ24Α,Q54
15.0,Τ24Α,Q56
15.0,Τ24Α,Q56
15.0,Τ24Α,Q56.0
15.0,Τ24Α,Q56.0
15.0,Τ24Α,Q56.1
15.0,Τ24Α,Q56.1
15.0,Τ24Α,Q56.2
15.0,Τ24Α,Q56.2
15.0,Τ24Α,Q56.3
15.0,Τ24Α,Q56.3
15.0,Τ24Α,Q56.4
15.0,Τ24Α,Q56.4
15.0,Τ24Α,Q60
15.0,Τ24Α,Q60
15.0,Τ24Α,Q60.0
15.0,Τ24Α,Q60.0
15.0,Τ24Α,Q60.1
15.0,Τ24Α,Q60.1
15.0,Τ24Α,Q60.2
15.0,Τ24Α,Q60.2
15.0,Τ24Α,Q60.3
15.0,Τ24Α,Q60.3
15.0,Τ24Α,Q60.4
15.0,Τ24Α,Q60.4
15.0,Τ24Α,Q60.5
15.0,Τ24Α,Q60.5
15.0,Τ24Α,Q60.6
15.0,Τ24Α,Q60.6
15.0,Τ24Α,Q61
15.0,Τ24Α,Q61
15.0,Τ24Α,Q61.0
15.0,Τ24Α,Q61.0
15.0,Τ24Α,Q61.1
15.0,Τ24Α,Q61.1
15.0,Τ24Α,Q61.2
15.0,Τ24Α,Q61.2
15.0,Τ24Α,Q61.3
15.0,Τ24Α,Q61.3
15.0,Τ24Α,Q61.4
15.0,Τ24Α,Q61.4
15.0,Τ24Α,Q61.5
15.0,Τ24Α,Q61.5
15.0,Τ24Α,Q61.8
15.0,Τ24Α,Q61.8
15.0,Τ24Α,Q61.9
15.0,Τ24Α,Q61.9
15.0,Τ24Α,Q62
15.0,Τ24Α,Q62
15.0,Τ24Α,Q62.0
15.0,Τ24Α,Q62.0
15.0,Τ24Α,Q62.1
15.0,Τ24Α,Q62.1
15.0,Τ24Α,Q62.2
15.0,Τ24Α,Q62.2
15.0,Τ24Α,Q62.3
15.0,Τ24Α,Q62.3
15.0,Τ24Α,Q62.4
15.0,Τ24Α,Q62.4
15.0,Τ24Α,Q62.5
15.0,Τ24Α,Q62.5
15.0,Τ24Α,Q62.6
15.0,Τ24Α,Q62.6
15.0,Τ24Α,Q62.7
15.0,Τ24Α,Q62.7
15.0,Τ24Α,Q62.8
15.0,Τ24Α,Q62.8
15.0,Τ24Α,Q63
15.0,Τ24Α,Q63
15.0,Τ24Α,Q63.0
15.0,Τ24Α,Q63.0
15.0,Τ24Α,Q63.1
15.0,Τ24Α,Q63.1
15.0,Τ24Α,Q63.2
15.0,Τ24Α,Q63.2
15.0,Τ24Α,Q63.3
15.0,Τ24Α,Q63.3
15.0,Τ24Α,Q63.8
15.0,Τ24Α,Q63.8
15.0,Τ24Α,Q63.9
15.0,Τ24Α,Q63.9
15.0,Τ24Α,Q64
15.0,Τ24Α,Q64
15.0,Τ24Α,Q64.0
15.0,Τ24Α,Q64.0
15.0,Τ24Α,Q64.6
15.0,Τ24Α,Q64.6
15.0,Τ24Α,Q64.8
15.0,Τ24Α,Q64.8
15.0,Τ24Α,Q64.9
15.0,Τ24Α,Q64.9
15.0,Τ24Α,Q65
15.0,Τ24Α,Q65
15.0,Τ24Α,Q65.0
15.0,Τ24Α,Q65.0
15.0,Τ24Α,Q65.1
15.0,Τ24Α,Q65.1
15.0,Τ24Α,Q65.2
15.0,Τ24Α,Q65.2
15.0,Τ24Α,Q65.9
15.0,Τ24Α,Q65.9
15.0,Τ24Α,Q66
15.0,Τ24Α,Q66
15.0,Τ24Α,Q66.0
15.0,Τ24Α,Q66.0
15.0,Τ24Α,Q66.1
15.0,Τ24Α,Q66.1
15.0,Τ24Α,Q66.2
15.0,Τ24Α,Q66.2
15.0,Τ24Α,Q66.3
15.0,Τ24Α,Q66.3
15.0,Τ24Α,Q66.6
15.0,Τ24Α,Q66.6
15.0,Τ24Α,Q66.8
15.0,Τ24Α,Q66.8
15.0,Τ24Α,Q66.9
15.0,Τ24Α,Q66.9
15.0,Τ24Α,Q67
15.0,Τ24Α,Q67
15.0,Τ24Α,Q67.5
15.0,Τ24Α,Q67.5
15.0,Τ24Α,Q67.8
15.0,Τ24Α,Q67.8
15.0,Τ24Α,Q68
15.0,Τ24Α,Q68
15.0,Τ24Α,Q69
15.0,Τ24Α,Q69
15.0,Τ24Α,Q69.0
15.0,Τ24Α,Q69.0
15.0,Τ24Α,Q69.2
15.0,Τ24Α,Q69.2
15.0,Τ24Α,Q71
15.0,Τ24Α,Q71
15.0,Τ24Α,Q72
15.0,Τ24Α,Q72
15.0,Τ24Α,Q73.0
15.0,Τ24Α,Q73.0
15.0,Τ24Α,Q73.1
15.0,Τ24Α,Q73.1
15.0,Τ24Α,Q74.3
15.0,Τ24Α,Q74.3
15.0,Τ24Α,Q75.3
15.0,Τ24Α,Q75.3
15.0,Τ24Α,Q76.0
15.0,Τ24Α,Q76.0
15.0,Τ24Α,Q77.0
15.0,Τ24Α,Q77.0
15.0,Τ24Α,Q77.1
15.0,Τ24Α,Q77.1
15.0,Τ24Α,Q77.4
15.0,Τ24Α,Q77.4
15.0,Τ24Α,Q78.0
15.0,Τ24Α,Q78.0
15.0,Τ24Α,Q78.9
15.0,Τ24Α,Q78.9
15.0,Τ24Α,Q80
15.0,Τ24Α,Q80
15.0,Τ24Α,Q81
15.0,Τ24Α,Q81
15.0,Τ24Α,Q82.0
15.0,Τ24Α,Q82.0
15.0,Τ24Α,Q82.2
15.0,Τ24Α,Q82.2
15.0,Τ24Α,Q82.3
15.0,Τ24Α,Q82.3
15.0,Τ24Α,Q82.4
15.0,Τ24Α,Q82.4
15.0,Τ24Α,Q82.5
15.0,Τ24Α,Q82.5
15.0,Τ24Α,Q82.9
15.0,Τ24Α,Q82.9
15.0,Τ24Α,Q85.0
15.0,Τ24Α,Q85.0
15.0,Τ24Α,Q85.1
15.0,Τ24Α,Q85.1
15.0,Τ24Α,Q86.0
15.0,Τ24Α,Q86.0
15.0,Τ24Α,Q87.2
15.0,Τ24Α,Q87.2
15.0,Τ24Α,Q87.3
15.0,Τ24Α,Q87.3
15.0,Τ24Α,Q87.4
15.0,Τ24Α,Q87.4
15.0,Τ24Α,Q89.2
15.0,Τ24Α,Q89.2
15.0,Τ24Α,Q89.3
15.0,Τ24Α,Q89.3
15.0,Τ24Α,Q90
15.0,Τ24Α,Q90
15.0,Τ24Α,Q91
15.0,Τ24Α,Q91
15.0,Τ24Α,Q96
15.0,Τ24Α,Q96
15.0,Τ24Α,Q99.9
15.0,Τ24Α,Q99.9
15.0,Τ27Μγ,P05.0
15.0,Τ27Μγ,P05.1
15.0,Τ27Μγ,P12.0
15.0,Τ27Μγ,P12.1
15.0,Τ27Μγ,P12.3
15.0,Τ27Μγ,P12.4
15.0,Τ27Μγ,P13.2
15.0,Τ27Μγ,P13.4
15.0,Τ27Μγ,P15.2
15.0,Τ27Μγ,P15.6
15.0,Τ27Μγ,P38
15.0,Τ27Μγ,P39.0
15.0,Τ27Μγ,P39.1
15.0,Τ27Μγ,P51
15.0,Τ27Μγ,P52.0
15.0,Τ27Μγ,P54.5
15.0,Τ27Μγ,P54.6
15.0,Τ27Μγ,P59.3
15.0,Τ27Μγ,P59.8
15.0,Τ27Μγ,P59.9
15.0,Τ27Μγ,P70.0
15.0,Τ27Μγ,P70.1
15.0,Τ27Μγ,P72.2
15.0,Τ27Μγ,P72.8
15.0,Τ27Μγ,P78.2
15.0,Τ27Μγ,P78.3
15.0,Τ27Μγ,P80.8
15.0,Τ27Μγ,P81.0
15.0,Τ27Μγ,P83.1
15.0,Τ27Μγ,P83.4
15.0,Τ27Μγ,P83.5
15.0,Τ27Μγ,P83.6
15.0,Τ27Μγ,P83.8
15.0,Τ27Μγ,P85
15.0,Τ27Μγ,P91.1
15.0,Τ27Μγ,P92
15.0,Τ27Μγ,P92.0
15.0,Τ27Μγ,P92.2
15.0,Τ27Μγ,P92.3
15.0,Τ27Μγ,P92.4
15.0,Τ27Μγ,P92.9
15.0,Τ27Μγ,Q02
15.0,Τ27Μγ,Q10
15.0,Τ27Μγ,Q10.0
15.0,Τ27Μγ,Q10.1
15.0,Τ27Μγ,Q10.2
15.0,Τ27Μγ,Q10.4
15.0,Τ27Μγ,Q10.5
15.0,Τ27Μγ,Q10.6
15.0,Τ27Μγ,Q11.3
15.0,Τ27Μγ,Q12
15.0,Τ27Μγ,Q12.0
15.0,Τ27Μγ,Q12.1
15.0,Τ27Μγ,Q12.3
15.0,Τ27Μγ,Q12.9
15.0,Τ27Μγ,Q13
15.0,Τ27Μγ,Q13.0
15.0,Τ27Μγ,Q13.1
15.0,Τ27Μγ,Q13.2
15.0,Τ27Μγ,Q13.3
15.0,Τ27Μγ,Q14.0
15.0,Τ27Μγ,Q14.1
15.0,Τ27Μγ,Q14.2
15.0,Τ27Μγ,Q14.8
15.0,Τ27Μγ,Q16
15.0,Τ27Μγ,Q16.0
15.0,Τ27Μγ,Q16.1
15.0,Τ27Μγ,Q16.2
15.0,Τ27Μγ,Q16.3
15.0,Τ27Μγ,Q16.4
15.0,Τ27Μγ,Q16.5
15.0,Τ27Μγ,Q16.9
15.0,Τ27Μγ,Q17
15.0,Τ27Μγ,Q17.0
15.0,Τ27Μγ,Q17.1
15.0,Τ27Μγ,Q17.2
15.0,Τ27Μγ,Q17.3
15.0,Τ27Μγ,Q17.4
15.0,Τ27Μγ,Q17.8
15.0,Τ27Μγ,Q18
15.0,Τ27Μγ,Q18.1
15.0,Τ27Μγ,Q18.2
15.0,Τ27Μγ,Q18.3
15.0,Τ27Μγ,Q18.8
15.0,Τ27Μγ,Q27
15.0,Τ27Μγ,Q27.4
15.0,Τ27Μγ,Q30.8
15.0,Τ27Μγ,Q30.9
15.0,Τ27Μγ,Q31.4
15.0,Τ27Μγ,Q33.1
15.0,Τ27Μγ,Q34.8
15.0,Τ27Μγ,Q35
15.0,Τ27Μγ,Q35.7
15.0,Τ27Μγ,Q36
15.0,Τ27Μγ,Q37
15.0,Τ27Μγ,Q38
15.0,Τ27Μγ,Q50.0
15.0,Τ27Μγ,Q50.1
15.0,Τ27Μγ,Q50.3
15.0,Τ27Μγ,Q51
15.0,Τ27Μγ,Q52
15.0,Τ27Μγ,Q52.0
15.0,Τ27Μγ,Q52.1
15.0,Τ27Μγ,Q52.3
15.0,Τ27Μγ,Q52.5
15.0,Τ27Μγ,Q52.6
15.0,Τ27Μγ,Q52.7
15.0,Τ27Μγ,Q52.8
15.0,Τ27Μγ,Q53
15.0,Τ27Μγ,Q53.0
15.0,Τ27Μγ,Q53.1
15.0,Τ27Μγ,Q53.2
15.0,Τ27Μγ,Q53.9
15.0,Τ27Μγ,Q54
15.0,Τ27Μγ,Q54.0
15.0,Τ27Μγ,Q54.1
15.0,Τ27Μγ,Q54.2
15.0,Τ27Μγ,Q54.3
15.0,Τ27Μγ,Q54.4
15.0,Τ27Μγ,Q54.8
15.0,Τ27Μγ,Q55
15.0,Τ27Μγ,Q55.0
15.0,Τ27Μγ,Q55.1
15.0,Τ27Μγ,Q55.2
15.0,Τ27Μγ,Q55.3
15.0,Τ27Μγ,Q55.5
15.0,Τ27Μγ,Q55.6
15.0,Τ27Μγ,Q60.0
15.0,Τ27Μγ,Q60.3
15.0,Τ27Μγ,Q62.0
15.0,Τ27Μγ,Q62.2
15.0,Τ27Μγ,Q62.4
15.0,Τ27Μγ,Q62.5
15.0,Τ27Μγ,Q62.6
15.0,Τ27Μγ,Q62.7
15.0,Τ27Μγ,Q63
15.0,Τ27Μγ,Q63.0
15.0,Τ27Μγ,Q63.1
15.0,Τ27Μγ,Q63.2
15.0,Τ27Μγ,Q63.3
15.0,Τ27Μγ,Q63.8
15.0,Τ27Μγ,Q63.9
15.0,Τ27Μγ,Q64
15.0,Τ27Μγ,Q64.0
15.0,Τ27Μγ,Q64.6
15.0,Τ27Μγ,Q65
15.0,Τ27Μγ,Q65.0
15.0,Τ27Μγ,Q65.1
15.0,Τ27Μγ,Q65.2
15.0,Τ27Μγ,Q65.3
15.0,Τ27Μγ,Q65.4
15.0,Τ27Μγ,Q65.5
15.0,Τ27Μγ,Q65.6
15.0,Τ27Μγ,Q65.8
15.0,Τ27Μγ,Q65.9
15.0,Τ27Μγ,Q66
15.0,Τ27Μγ,Q66.0
15.0,Τ27Μγ,Q66.1
15.0,Τ27Μγ,Q66.2
15.0,Τ27Μγ,Q66.3
15.0,Τ27Μγ,Q66.4
15.0,Τ27Μγ,Q66.6
15.0,Τ27Μγ,Q66.7
15.0,Τ27Μγ,Q66.8
15.0,Τ27Μγ,Q66.9
15.0,Τ27Μγ,Q67
15.0,Τ27Μγ,Q67.0
15.0,Τ27Μγ,Q67.1
15.0,Τ27Μγ,Q67.2
15.0,Τ27Μγ,Q67.3
15.0,Τ27Μγ,Q67.4
15.0,Τ27Μγ,Q67.5
15.0,Τ27Μγ,Q67.6
15.0,Τ27Μγ,Q67.7
15.0,Τ27Μγ,Q67.8
15.0,Τ27Μγ,Q68
15.0,Τ27Μγ,Q68.0
15.0,Τ27Μγ,Q68.1
15.0,Τ27Μγ,Q68.2
15.0,Τ27Μγ,Q68.3
15.0,Τ27Μγ,Q68.4
15.0,Τ27Μγ,Q68.5
15.0,Τ27Μγ,Q68.8
15.0,Τ27Μγ,Q69
15.0,Τ27Μγ,Q69.0
15.0,Τ27Μγ,Q69.1
15.0,Τ27Μγ,Q69.2
15.0,Τ27Μγ,Q71
15.0,Τ27Μγ,Q72
15.0,Τ27Μγ,Q73.1
15.0,Τ27Μγ,Q74.1
15.0,Τ27Μγ,Q75.0
15.0,Τ27Μγ,Q75.1
15.0,Τ27Μγ,Q75.2
15.0,Τ27Μγ,Q75.3
15.0,Τ27Μγ,Q75.4
15.0,Τ27Μγ,Q75.5
15.0,Τ27Μγ,Q75.8
15.0,Τ27Μγ,Q75.9
15.0,Τ27Μγ,Q76
15.0,Τ27Μγ,Q76.0
15.0,Τ27Μγ,Q76.1
15.0,Τ27Μγ,Q76.2
15.0,Τ27Μγ,Q76.3
15.0,Τ27Μγ,Q76.5
15.0,Τ27Μγ,Q76.6
15.0,Τ27Μγ,Q76.7
15.0,Τ27Μγ,Q76.8
15.0,Τ27Μγ,Q76.9
15.0,Τ27Μγ,Q77
15.0,Τ27Μγ,Q77.0
15.0,Τ27Μγ,Q77.9
15.0,Τ27Μγ,Q78.1
15.0,Τ27Μγ,Q78.2
15.0,Τ27Μγ,Q78.5
15.0,Τ27Μγ,Q78.9
15.0,Τ27Μγ,Q79.6
15.0,Τ27Μγ,Q82.0
15.0,Τ27Μγ,Q82.2
15.0,Τ27Μγ,Q82.3
15.0,Τ27Μγ,Q82.4
15.0,Τ27Μγ,Q82.5
15.0,Τ27Μγ,Q82.9
15.0,Τ27Μγ,Q83
15.0,Τ27Μγ,Q84
15.0,Τ27Μγ,Q84.0
15.0,Τ27Μγ,Q84.1
15.0,Τ27Μγ,Q84.2
15.0,Τ27Μγ,Q84.3
15.0,Τ27Μγ,Q84.6
15.0,Τ27Μγ,Q84.8
15.0,Τ27Μγ,Q85.0
15.0,Τ27Μγ,Q85.1
15.0,Τ27Μγ,Q86
15.0,Τ27Μγ,Q86.0
15.0,Τ27Μγ,Q86.1
15.0,Τ27Μγ,Q86.2
15.0,Τ27Μγ,Q86.8
15.0,Τ27Μγ,Q87.1
15.0,Τ27Μγ,Q87.2
15.0,Τ27Μγ,Q87.3
15.0,Τ27Μγ,Q87.4
15.0,Τ27Μγ,Q87.5
15.0,Τ27Μγ,Q89.0
15.0,Τ27Μγ,Q89.1
15.0,Τ27Μγ,Q89.2
15.0,Τ27Μγ,Q89.3
15.0,Τ27Μγ,Q90
15.0,Τ27Μγ,Q91
15.0,Τ27Μγ,Q92
15.0,Τ27Μγ,Q93
15.0,Τ27Μγ,Q96
15.0,Τ27Μγ,Q97
15.0,Τ27Μγ,Q97.0
15.0,Τ27Μγ,Q97.1
15.0,Τ27Μγ,Q97.2
15.0,Τ27Μγ,Q97.3
15.0,Τ27Μγ,Q97.9
15.0,Τ27Μγ,Q98
15.0,Τ27Μγ,Q98.0
15.0,Τ27Μγ,Q98.9
15.0,Τ27Μγ,Q99
15.0,Τ27Μγ,Q99.1
15.0,Τ27Μγ,Q99.2
15.0,Τ27Μγ,Q99.8
15.0,Τ23Α,P05.1
15.0,Τ23Α,P05.1
15.0,Τ23Α,P05.9
15.0,Τ23Α,P05.9
15.0,Τ23Α,P07.3
15.0,Τ23Α,P07.3
15.0,Τ23Α,P10
15.0,Τ23Α,P10
15.0,Τ23Α,P10.0
15.0,Τ23Α,P10.0
15.0,Τ23Α,P10.1
15.0,Τ23Α,P10.1
15.0,Τ23Α,P10.2
15.0,Τ23Α,P10.2
15.0,Τ23Α,P10.4
15.0,Τ23Α,P10.4
15.0,Τ23Α,P10.8
15.0,Τ23Α,P10.8
15.0,Τ23Α,P10.9
15.0,Τ23Α,P10.9
15.0,Τ23Α,P11
15.0,Τ23Α,P11
15.0,Τ23Α,P11.0
15.0,Τ23Α,P11.0
15.0,Τ23Α,P11.1
15.0,Τ23Α,P11.1
15.0,Τ23Α,P11.2
15.0,Τ23Α,P11.2
15.0,Τ23Α,P11.3
15.0,Τ23Α,P11.3
15.0,Τ23Α,P11.4
15.0,Τ23Α,P11.4
15.0,Τ23Α,P11.5
15.0,Τ23Α,P11.5
15.0,Τ23Α,P11.9
15.0,Τ23Α,P11.9
15.0,Τ23Α,P12
15.0,Τ23Α,P12
15.0,Τ23Α,P12.0
15.0,Τ23Α,P12.0
15.0,Τ23Α,P12.1
15.0,Τ23Α,P12.1
15.0,Τ23Α,P12.2
15.0,Τ23Α,P12.2
15.0,Τ23Α,P12.3
15.0,Τ23Α,P12.3
15.0,Τ23Α,P12.4
15.0,Τ23Α,P12.4
15.0,Τ23Α,P12.8
15.0,Τ23Α,P12.8
15.0,Τ23Α,P12.9
15.0,Τ23Α,P12.9
15.0,Τ23Α,P13
15.0,Τ23Α,P13
15.0,Τ23Α,P13.0
15.0,Τ23Α,P13.0
15.0,Τ23Α,P13.1
15.0,Τ23Α,P13.1
15.0,Τ23Α,P13.2
15.0,Τ23Α,P13.2
15.0,Τ23Α,P13.3
15.0,Τ23Α,P13.3
15.0,Τ23Α,P13.4
15.0,Τ23Α,P13.4
15.0,Τ23Α,P13.8
15.0,Τ23Α,P13.8
15.0,Τ23Α,P13.9
15.0,Τ23Α,P13.9
15.0,Τ23Α,P14
15.0,Τ23Α,P14
15.0,Τ23Α,P14.0
15.0,Τ23Α,P14.0
15.0,Τ23Α,P14.1
15.0,Τ23Α,P14.1
15.0,Τ23Α,P14.2
15.0,Τ23Α,P14.2
15.0,Τ23Α,P14.3
15.0,Τ23Α,P14.3
15.0,Τ23Α,P14.8
15.0,Τ23Α,P14.8
15.0,Τ23Α,P14.9
15.0,Τ23Α,P14.9
15.0,Τ23Α,P15.2
15.0,Τ23Α,P15.2
15.0,Τ23Α,P15.3
15.0,Τ23Α,P15.3
15.0,Τ23Α,P15.4
15.0,Τ23Α,P15.4
15.0,Τ23Α,P15.6
15.0,Τ23Α,P15.6
15.0,Τ23Α,P15.8
15.0,Τ23Α,P15.8
15.0,Τ23Α,P15.9
15.0,Τ23Α,P15.9
15.0,Τ23Α,P20
15.0,Τ23Α,P20
15.0,Τ23Α,P21
15.0,Τ23Α,P21
15.0,Τ23Α,P21.9
15.0,Τ23Α,P21.9
15.0,Τ23Α,P22
15.0,Τ23Α,P22
15.0,Τ23Α,P22.0
15.0,Τ23Α,P22.0
15.0,Τ23Α,P22.1
15.0,Τ23Α,P22.1
15.0,Τ23Α,P22.8
15.0,Τ23Α,P22.8
15.0,Τ23Α,P22.9
15.0,Τ23Α,P22.9
15.0,Τ23Α,P23
15.0,Τ23Α,P23
15.0,Τ23Α,P23.0
15.0,Τ23Α,P23.0
15.0,Τ23Α,P23.1
15.0,Τ23Α,P23.1
15.0,Τ23Α,P23.2
15.0,Τ23Α,P23.2
15.0,Τ23Α,P23.3
15.0,Τ23Α,P23.3
15.0,Τ23Α,P23.4
15.0,Τ23Α,P23.4
15.0,Τ23Α,P23.5
15.0,Τ23Α,P23.5
15.0,Τ23Α,P23.6
15.0,Τ23Α,P23.6
15.0,Τ23Α,P23.8
15.0,Τ23Α,P23.8
15.0,Τ23Α,P24
15.0,Τ23Α,P24
15.0,Τ23Α,P24.0
15.0,Τ23Α,P24.0
15.0,Τ23Α,P24.1
15.0,Τ23Α,P24.1
15.0,Τ23Α,P24.2
15.0,Τ23Α,P24.2
15.0,Τ23Α,P24.3
15.0,Τ23Α,P24.3
15.0,Τ23Α,P24.8
15.0,Τ23Α,P24.8
15.0,Τ23Α,P24.9
15.0,Τ23Α,P24.9
15.0,Τ23Α,P25
15.0,Τ23Α,P25
15.0,Τ23Α,P25.0
15.0,Τ23Α,P25.0
15.0,Τ23Α,P25.1
15.0,Τ23Α,P25.1
15.0,Τ23Α,P25.2
15.0,Τ23Α,P25.2
15.0,Τ23Α,P25.3
15.0,Τ23Α,P25.3
15.0,Τ23Α,P25.8
15.0,Τ23Α,P25.8
15.0,Τ23Α,P26
15.0,Τ23Α,P26
15.0,Τ23Α,P26.0
15.0,Τ23Α,P26.0
15.0,Τ23Α,P26.1
15.0,Τ23Α,P26.1
15.0,Τ23Α,P26.8
15.0,Τ23Α,P26.8
15.0,Τ23Α,P26.9
15.0,Τ23Α,P26.9
15.0,Τ23Α,P27
15.0,Τ23Α,P27
15.0,Τ23Α,P27.0
15.0,Τ23Α,P27.0
15.0,Τ23Α,P27.1
15.0,Τ23Α,P27.8
15.0,Τ23Α,P27.8
15.0,Τ23Α,P27.9
15.0,Τ23Α,P27.9
15.0,Τ23Α,P28
15.0,Τ23Α,P28
15.0,Τ23Α,P28.0
15.0,Τ23Α,P28.0
15.0,Τ23Α,P28.1
15.0,Τ23Α,P28.1
15.0,Τ23Α,P28.2
15.0,Τ23Α,P28.2
15.0,Τ23Α,P28.3
15.0,Τ23Α,P28.4
15.0,Τ23Α,P28.4
15.0,Τ23Α,P28.5
15.0,Τ23Α,P28.5
15.0,Τ23Α,P28.8
15.0,Τ23Α,P28.8
15.0,Τ23Α,P28.9
15.0,Τ23Α,P28.9
15.0,Τ23Α,P29
15.0,Τ23Α,P29
15.0,Τ23Α,P29.0
15.0,Τ23Α,P29.0
15.0,Τ23Α,P29.1
15.0,Τ23Α,P29.1
15.0,Τ23Α,P29.2
15.0,Τ23Α,P29.2
15.0,Τ23Α,P29.3
15.0,Τ23Α,P29.3
15.0,Τ23Α,P29.4
15.0,Τ23Α,P29.4
15.0,Τ23Α,P29.9
15.0,Τ23Α,P29.9
15.0,Τ23Α,P35
15.0,Τ23Α,P35
15.0,Τ23Α,P35.0
15.0,Τ23Α,P35.0
15.0,Τ23Α,P35.1
15.0,Τ23Α,P35.1
15.0,Τ23Α,P35.3
15.0,Τ23Α,P35.3
15.0,Τ23Α,P35.8
15.0,Τ23Α,P35.8
15.0,Τ23Α,P35.9
15.0,Τ23Α,P35.9
15.0,Τ23Α,P36
15.0,Τ23Α,P36
15.0,Τ23Α,P36.0
15.0,Τ23Α,P36.0
15.0,Τ23Α,P36.1
15.0,Τ23Α,P36.1
15.0,Τ23Α,P36.2
15.0,Τ23Α,P36.2
15.0,Τ23Α,P36.3
15.0,Τ23Α,P36.3
15.0,Τ23Α,P36.4
15.0,Τ23Α,P36.4
15.0,Τ23Α,P36.5
15.0,Τ23Α,P36.5
15.0,Τ23Α,P36.8
15.0,Τ23Α,P36.8
15.0,Τ23Α,P36.9
15.0,Τ23Α,P36.9
15.0,Τ23Α,P37
15.0,Τ23Α,P37
15.0,Τ23Α,P37.0
15.0,Τ23Α,P37.0
15.0,Τ23Α,P37.1
15.0,Τ23Α,P37.1
15.0,Τ23Α,P37.2
15.0,Τ23Α,P37.2
15.0,Τ23Α,P37.3
15.0,Τ23Α,P37.3
15.0,Τ23Α,P37.4
15.0,Τ23Α,P37.4
15.0,Τ23Α,P37.5
15.0,Τ23Α,P37.5
15.0,Τ23Α,P37.8
15.0,Τ23Α,P37.8
15.0,Τ23Α,P37.9
15.0,Τ23Α,P37.9
15.0,Τ23Α,P38
15.0,Τ23Α,P38
15.0,Τ23Α,P39
15.0,Τ23Α,P39
15.0,Τ23Α,P39.0
15.0,Τ23Α,P39.0
15.0,Τ23Α,P39.1
15.0,Τ23Α,P39.1
15.0,Τ23Α,P39.2
15.0,Τ23Α,P39.2
15.0,Τ23Α,P39.4
15.0,Τ23Α,P39.4
15.0,Τ23Α,P50
15.0,Τ23Α,P50
15.0,Τ23Α,P50.0
15.0,Τ23Α,P50.0
15.0,Τ23Α,P50.1
15.0,Τ23Α,P50.1
15.0,Τ23Α,P50.2
15.0,Τ23Α,P50.2
15.0,Τ23Α,P50.3
15.0,Τ23Α,P50.3
15.0,Τ23Α,P50.4
15.0,Τ23Α,P50.4
15.0,Τ23Α,P50.5
15.0,Τ23Α,P50.5
15.0,Τ23Α,P50.8
15.0,Τ23Α,P50.8
15.0,Τ23Α,P50.9
15.0,Τ23Α,P50.9
15.0,Τ23Α,P51
15.0,Τ23Α,P51
15.0,Τ23Α,P51.0
15.0,Τ23Α,P51.0
15.0,Τ23Α,P51.8
15.0,Τ23Α,P51.8
15.0,Τ23Α,P51.9
15.0,Τ23Α,P51.9
15.0,Τ23Α,P52
15.0,Τ23Α,P52
15.0,Τ23Α,P52.0
15.0,Τ23Α,P52.0
15.0,Τ23Α,P52.1
15.0,Τ23Α,P52.1
15.0,Τ23Α,P52.2
15.0,Τ23Α,P52.2
15.0,Τ23Α,P52.3
15.0,Τ23Α,P52.3
15.0,Τ23Α,P52.4
15.0,Τ23Α,P52.4
15.0,Τ23Α,P52.5
15.0,Τ23Α,P52.5
15.0,Τ23Α,P52.6
15.0,Τ23Α,P52.6
15.0,Τ23Α,P52.8
15.0,Τ23Α,P52.8
15.0,Τ23Α,P52.9
15.0,Τ23Α,P52.9
15.0,Τ23Α,P53
15.0,Τ23Α,P53
15.0,Τ23Α,P54
15.0,Τ23Α,P54
15.0,Τ23Α,P54.0
15.0,Τ23Α,P54.0
15.0,Τ23Α,P54.1
15.0,Τ23Α,P54.1
15.0,Τ23Α,P54.2
15.0,Τ23Α,P54.2
15.0,Τ23Α,P54.3
15.0,Τ23Α,P54.3
15.0,Τ23Α,P54.4
15.0,Τ23Α,P54.4
15.0,Τ23Α,P54.5
15.0,Τ23Α,P54.5
15.0,Τ23Α,P54.6
15.0,Τ23Α,P54.6
15.0,Τ23Α,P54.8
15.0,Τ23Α,P54.8
15.0,Τ23Α,P54.9
15.0,Τ23Α,P54.9
15.0,Τ23Α,P55
15.0,Τ23Α,P55
15.0,Τ23Α,P55.1
15.0,Τ23Α,P55.1
15.0,Τ23Α,P55.8
15.0,Τ23Α,P55.8
15.0,Τ23Α,P55.9
15.0,Τ23Α,P55.9
15.0,Τ23Α,P56
15.0,Τ23Α,P56
15.0,Τ23Α,P56.0
15.0,Τ23Α,P56.0
15.0,Τ23Α,P56.9
15.0,Τ23Α,P56.9
15.0,Τ23Α,P57
15.0,Τ23Α,P57
15.0,Τ23Α,P57.8
15.0,Τ23Α,P57.8
15.0,Τ23Α,P57.9
15.0,Τ23Α,P57.9
15.0,Τ23Α,P58
15.0,Τ23Α,P58
15.0,Τ23Α,P58.0
15.0,Τ23Α,P58.0
15.0,Τ23Α,P58.1
15.0,Τ23Α,P58.1
15.0,Τ23Α,P58.2
15.0,Τ23Α,P58.2
15.0,Τ23Α,P58.4
15.0,Τ23Α,P58.4
15.0,Τ23Α,P58.8
15.0,Τ23Α,P58.8
15.0,Τ23Α,P58.9
15.0,Τ23Α,P58.9
15.0,Τ23Α,P59
15.0,Τ23Α,P59
15.0,Τ23Α,P59.0
15.0,Τ23Α,P59.0
15.0,Τ23Α,P59.1
15.0,Τ23Α,P59.1
15.0,Τ23Α,P59.2
15.0,Τ23Α,P59.2
15.0,Τ23Α,P59.3
15.0,Τ23Α,P59.3
15.0,Τ23Α,P59.8
15.0,Τ23Α,P59.8
15.0,Τ23Α,P59.9
15.0,Τ23Α,P59.9
15.0,Τ23Α,P60
15.0,Τ23Α,P60
15.0,Τ23Α,P61
15.0,Τ23Α,P61
15.0,Τ23Α,P61.0
15.0,Τ23Α,P61.0
15.0,Τ23Α,P61.1
15.0,Τ23Α,P61.1
15.0,Τ23Α,P61.2
15.0,Τ23Α,P61.2
15.0,Τ23Α,P61.3
15.0,Τ23Α,P61.3
15.0,Τ23Α,P61.4
15.0,Τ23Α,P61.4
15.0,Τ23Α,P61.5
15.0,Τ23Α,P61.5
15.0,Τ23Α,P61.6
15.0,Τ23Α,P61.6
15.0,Τ23Α,P61.8
15.0,Τ23Α,P61.8
15.0,Τ23Α,P61.9
15.0,Τ23Α,P61.9
15.0,Τ23Α,P70
15.0,Τ23Α,P70
15.0,Τ23Α,P70.0
15.0,Τ23Α,P70.0
15.0,Τ23Α,P70.1
15.0,Τ23Α,P70.1
15.0,Τ23Α,P70.2
15.0,Τ23Α,P70.2
15.0,Τ23Α,P70.3
15.0,Τ23Α,P70.3
15.0,Τ23Α,P70.4
15.0,Τ23Α,P70.4
15.0,Τ23Α,P70.8
15.0,Τ23Α,P70.8
15.0,Τ23Α,P70.9
15.0,Τ23Α,P70.9
15.0,Τ23Α,P71
15.0,Τ23Α,P71
15.0,Τ23Α,P71.0
15.0,Τ23Α,P71.0
15.0,Τ23Α,P71.1
15.0,Τ23Α,P71.1
15.0,Τ23Α,P71.2
15.0,Τ23Α,P71.2
15.0,Τ23Α,P71.3
15.0,Τ23Α,P71.3
15.0,Τ23Α,P71.4
15.0,Τ23Α,P71.4
15.0,Τ23Α,P71.8
15.0,Τ23Α,P71.8
15.0,Τ23Α,P71.9
15.0,Τ23Α,P71.9
15.0,Τ23Α,P72
15.0,Τ23Α,P72
15.0,Τ23Α,P72.0
15.0,Τ23Α,P72.0
15.0,Τ23Α,P72.1
15.0,Τ23Α,P72.1
15.0,Τ23Α,P72.2
15.0,Τ23Α,P72.2
15.0,Τ23Α,P72.8
15.0,Τ23Α,P72.8
15.0,Τ23Α,P72.9
15.0,Τ23Α,P72.9
15.0,Τ23Α,P74
15.0,Τ23Α,P74
15.0,Τ23Α,P74.0
15.0,Τ23Α,P74.1
15.0,Τ23Α,P74.1
15.0,Τ23Α,P74.2
15.0,Τ23Α,P74.2
15.0,Τ23Α,P74.3
15.0,Τ23Α,P74.3
15.0,Τ23Α,P74.4
15.0,Τ23Α,P74.4
15.0,Τ23Α,P74.5
15.0,Τ23Α,P74.5
15.0,Τ23Α,P74.8
15.0,Τ23Α,P74.8
15.0,Τ23Α,P74.9
15.0,Τ23Α,P74.9
15.0,Τ23Α,P75*
15.0,Τ23Α,P75*
15.0,Τ23Α,P76
15.0,Τ23Α,P76
15.0,Τ23Α,P76.0
15.0,Τ23Α,P76.0
15.0,Τ23Α,P76.1
15.0,Τ23Α,P76.1
15.0,Τ23Α,P77
15.0,Τ23Α,P77
15.0,Τ23Α,P78
15.0,Τ23Α,P78
15.0,Τ23Α,P78.2
15.0,Τ23Α,P78.2
15.0,Τ23Α,P78.3
15.0,Τ23Α,P78.3
15.0,Τ23Α,P78.8
15.0,Τ23Α,P78.8
15.0,Τ23Α,P78.9
15.0,Τ23Α,P78.9
15.0,Τ23Α,P80
15.0,Τ23Α,P80
15.0,Τ23Α,P81
15.0,Τ23Α,P81
15.0,Τ23Α,P81.0
15.0,Τ23Α,P81.0
15.0,Τ23Α,P81.8
15.0,Τ23Α,P81.8
15.0,Τ23Α,P81.9
15.0,Τ23Α,P81.9
15.0,Τ23Α,P82
15.0,Τ23Α,P82
15.0,Τ23Α,P83
15.0,Τ23Α,P83
15.0,Τ23Α,P83.0
15.0,Τ23Α,P83.0
15.0,Τ23Α,P83.1
15.0,Τ23Α,P83.1
15.0,Τ23Α,P83.2
15.0,Τ23Α,P83.2
15.0,Τ23Α,P83.3
15.0,Τ23Α,P83.3
15.0,Τ23Α,P83.4
15.0,Τ23Α,P83.4
15.0,Τ23Α,P83.5
15.0,Τ23Α,P83.5
15.0,Τ23Α,P83.6
15.0,Τ23Α,P83.6
15.0,Τ23Α,P83.8
15.0,Τ23Α,P83.8
15.0,Τ23Α,P83.9
15.0,Τ23Α,P83.9
15.0,Τ23Α,P84
15.0,Τ23Α,P84
15.0,Τ23Α,P85
15.0,Τ23Α,P85
15.0,Τ23Α,P90
15.0,Τ23Α,P90
15.0,Τ23Α,P91
15.0,Τ23Α,P91
15.0,Τ23Α,P91.0
15.0,Τ23Α,P91.0
15.0,Τ23Α,P91.1
15.0,Τ23Α,P91.1
15.0,Τ23Α,P91.2
15.0,Τ23Α,P91.2
15.0,Τ23Α,P91.3
15.0,Τ23Α,P91.3
15.0,Τ23Α,P91.4
15.0,Τ23Α,P91.4
15.0,Τ23Α,P91.5
15.0,Τ23Α,P91.5
15.0,Τ23Α,P91.8
15.0,Τ23Α,P91.8
15.0,Τ23Α,P91.9
15.0,Τ23Α,P91.9
15.0,Τ23Α,P92
15.0,Τ23Α,P92
15.0,Τ23Α,P92.0
15.0,Τ23Α,P92.0
15.0,Τ23Α,P92.2
15.0,Τ23Α,P92.2
15.0,Τ23Α,P92.3
15.0,Τ23Α,P92.3
15.0,Τ23Α,P92.4
15.0,Τ23Α,P92.4
15.0,Τ23Α,P92.8
15.0,Τ23Α,P92.8
15.0,Τ23Α,P92.9
15.0,Τ23Α,P92.9
15.0,Τ23Α,P93
15.0,Τ23Α,P93
15.0,Τ23Α,P94
15.0,Τ23Α,P94
15.0,Τ23Α,P94.0
15.0,Τ23Α,P94.0
15.0,Τ23Α,P94.1
15.0,Τ23Α,P94.1
15.0,Τ23Α,P94.2
15.0,Τ23Α,P94.2
15.0,Τ23Α,P94.8
15.0,Τ23Α,P94.8
15.0,Τ23Α,P94.9
15.0,Τ23Α,P94.9
15.0,Τ23Α,P95
15.0,Τ23Α,P95
15.0,Τ23Α,P96.0
15.0,Τ23Α,P96.0
15.0,Τ23Α,P96.1
15.0,Τ23Α,P96.1
15.0,Τ23Α,P96.2
15.0,Τ23Α,P96.2
15.0,Τ23Α,Q00
15.0,Τ23Α,Q00
15.0,Τ23Α,Q00.0
15.0,Τ23Α,Q00.0
15.0,Τ23Α,Q00.1
15.0,Τ23Α,Q00.1
15.0,Τ23Α,Q00.2
15.0,Τ23Α,Q00.2
15.0,Τ23Α,Q02
15.0,Τ23Α,Q02
15.0,Τ23Α,Q04
15.0,Τ23Α,Q04
15.0,Τ23Α,Q04.0
15.0,Τ23Α,Q04.0
15.0,Τ23Α,Q04.1
15.0,Τ23Α,Q04.1
15.0,Τ23Α,Q04.2
15.0,Τ23Α,Q04.2
15.0,Τ23Α,Q04.3
15.0,Τ23Α,Q04.3
15.0,Τ23Α,Q04.4
15.0,Τ23Α,Q04.4
15.0,Τ23Α,Q04.5
15.0,Τ23Α,Q04.5
15.0,Τ23Α,Q04.6
15.0,Τ23Α,Q04.6
15.0,Τ23Α,Q04.8
15.0,Τ23Α,Q04.8
15.0,Τ23Α,Q04.9
15.0,Τ23Α,Q04.9
15.0,Τ23Α,Q05
15.0,Τ23Α,Q05
15.0,Τ23Α,Q06
15.0,Τ23Α,Q06
15.0,Τ23Α,Q06.1
15.0,Τ23Α,Q06.1
15.0,Τ23Α,Q06.2
15.0,Τ23Α,Q06.2
15.0,Τ23Α,Q06.3
15.0,Τ23Α,Q06.3
15.0,Τ23Α,Q06.4
15.0,Τ23Α,Q06.4
15.0,Τ23Α,Q06.9
15.0,Τ23Α,Q06.9
15.0,Τ23Α,Q07
15.0,Τ23Α,Q07
15.0,Τ23Α,Q07.0
15.0,Τ23Α,Q07.0
15.0,Τ23Α,Q07.8
15.0,Τ23Α,Q07.8
15.0,Τ23Α,Q07.9
15.0,Τ23Α,Q07.9
15.0,Τ23Α,Q10
15.0,Τ23Α,Q10
15.0,Τ23Α,Q10.0
15.0,Τ23Α,Q10.0
15.0,Τ23Α,Q10.1
15.0,Τ23Α,Q10.1
15.0,Τ23Α,Q10.2
15.0,Τ23Α,Q10.2
15.0,Τ23Α,Q10.4
15.0,Τ23Α,Q10.4
15.0,Τ23Α,Q10.5
15.0,Τ23Α,Q10.5
15.0,Τ23Α,Q10.6
15.0,Τ23Α,Q10.6
15.0,Τ23Α,Q10.7
15.0,Τ23Α,Q10.7
15.0,Τ23Α,Q11
15.0,Τ23Α,Q11
15.0,Τ23Α,Q11.0
15.0,Τ23Α,Q11.0
15.0,Τ23Α,Q11.1
15.0,Τ23Α,Q11.1
15.0,Τ23Α,Q11.2
15.0,Τ23Α,Q11.2
15.0,Τ23Α,Q11.3
15.0,Τ23Α,Q11.3
15.0,Τ23Α,Q12
15.0,Τ23Α,Q12
15.0,Τ23Α,Q12.0
15.0,Τ23Α,Q12.0
15.0,Τ23Α,Q12.1
15.0,Τ23Α,Q12.1
15.0,Τ23Α,Q12.2
15.0,Τ23Α,Q12.2
15.0,Τ23Α,Q12.3
15.0,Τ23Α,Q12.3
15.0,Τ23Α,Q12.4
15.0,Τ23Α,Q12.4
15.0,Τ23Α,Q12.8
15.0,Τ23Α,Q12.8
15.0,Τ23Α,Q12.9
15.0,Τ23Α,Q12.9
15.0,Τ23Α,Q13
15.0,Τ23Α,Q13
15.0,Τ23Α,Q13.0
15.0,Τ23Α,Q13.0
15.0,Τ23Α,Q13.1
15.0,Τ23Α,Q13.1
15.0,Τ23Α,Q13.2
15.0,Τ23Α,Q13.2
15.0,Τ23Α,Q13.3
15.0,Τ23Α,Q13.3
15.0,Τ23Α,Q13.4
15.0,Τ23Α,Q13.4
15.0,Τ23Α,Q13.5
15.0,Τ23Α,Q13.5
15.0,Τ23Α,Q13.8
15.0,Τ23Α,Q13.8
15.0,Τ23Α,Q13.9
15.0,Τ23Α,Q13.9
15.0,Τ23Α,Q14.0
15.0,Τ23Α,Q14.0
15.0,Τ23Α,Q14.1
15.0,Τ23Α,Q14.1
15.0,Τ23Α,Q14.2
15.0,Τ23Α,Q14.2
15.0,Τ23Α,Q14.3
15.0,Τ23Α,Q14.3
15.0,Τ23Α,Q14.8
15.0,Τ23Α,Q14.8
15.0,Τ23Α,Q14.9
15.0,Τ23Α,Q14.9
15.0,Τ23Α,Q15
15.0,Τ23Α,Q15
15.0,Τ23Α,Q15.0
15.0,Τ23Α,Q15.0
15.0,Τ23Α,Q15.8
15.0,Τ23Α,Q15.8
15.0,Τ23Α,Q15.9
15.0,Τ23Α,Q15.9
15.0,Τ23Α,Q16
15.0,Τ23Α,Q16
15.0,Τ23Α,Q16.0
15.0,Τ23Α,Q16.0
15.0,Τ23Α,Q16.1
15.0,Τ23Α,Q16.1
15.0,Τ23Α,Q16.2
15.0,Τ23Α,Q16.2
15.0,Τ23Α,Q16.3
15.0,Τ23Α,Q16.3
15.0,Τ23Α,Q16.4
15.0,Τ23Α,Q16.4
15.0,Τ23Α,Q16.5
15.0,Τ23Α,Q16.5
15.0,Τ23Α,Q16.9
15.0,Τ23Α,Q16.9
15.0,Τ23Α,Q17
15.0,Τ23Α,Q17
15.0,Τ23Α,Q17.0
15.0,Τ23Α,Q17.0
15.0,Τ23Α,Q17.1
15.0,Τ23Α,Q17.1
15.0,Τ23Α,Q17.2
15.0,Τ23Α,Q17.2
15.0,Τ23Α,Q17.3
15.0,Τ23Α,Q17.3
15.0,Τ23Α,Q17.4
15.0,Τ23Α,Q17.4
15.0,Τ23Α,Q17.5
15.0,Τ23Α,Q17.5
15.0,Τ23Α,Q17.8
15.0,Τ23Α,Q17.8
15.0,Τ23Α,Q17.9
15.0,Τ23Α,Q17.9
15.0,Τ23Α,Q18
15.0,Τ23Α,Q18
15.0,Τ23Α,Q18.0
15.0,Τ23Α,Q18.0
15.0,Τ23Α,Q18.1
15.0,Τ23Α,Q18.1
15.0,Τ23Α,Q18.2
15.0,Τ23Α,Q18.2
15.0,Τ23Α,Q18.3
15.0,Τ23Α,Q18.3
15.0,Τ23Α,Q18.4
15.0,Τ23Α,Q18.4
15.0,Τ23Α,Q18.5
15.0,Τ23Α,Q18.5
15.0,Τ23Α,Q18.6
15.0,Τ23Α,Q18.6
15.0,Τ23Α,Q18.7
15.0,Τ23Α,Q18.7
15.0,Τ23Α,Q18.8
15.0,Τ23Α,Q18.8
15.0,Τ23Α,Q18.9
15.0,Τ23Α,Q18.9
15.0,Τ23Α,Q20
15.0,Τ23Α,Q20
15.0,Τ23Α,Q20.0
15.0,Τ23Α,Q20.0
15.0,Τ23Α,Q20.1
15.0,Τ23Α,Q20.1
15.0,Τ23Α,Q20.2
15.0,Τ23Α,Q20.2
15.0,Τ23Α,Q20.3
15.0,Τ23Α,Q20.3
15.0,Τ23Α,Q20.4
15.0,Τ23Α,Q20.4
15.0,Τ23Α,Q20.5
15.0,Τ23Α,Q20.5
15.0,Τ23Α,Q20.6
15.0,Τ23Α,Q20.6
15.0,Τ23Α,Q20.8
15.0,Τ23Α,Q20.8
15.0,Τ23Α,Q20.9
15.0,Τ23Α,Q20.9
15.0,Τ23Α,Q21
15.0,Τ23Α,Q21
15.0,Τ23Α,Q21.0
15.0,Τ23Α,Q21.0
15.0,Τ23Α,Q21.1
15.0,Τ23Α,Q21.1
15.0,Τ23Α,Q21.2
15.0,Τ23Α,Q21.2
15.0,Τ23Α,Q21.3
15.0,Τ23Α,Q21.3
15.0,Τ23Α,Q21.4
15.0,Τ23Α,Q21.4
15.0,Τ23Α,Q21.8
15.0,Τ23Α,Q21.8
15.0,Τ23Α,Q21.9
15.0,Τ23Α,Q21.9
15.0,Τ23Α,Q22
15.0,Τ23Α,Q22
15.0,Τ23Α,Q22.0
15.0,Τ23Α,Q22.0
15.0,Τ23Α,Q22.1
15.0,Τ23Α,Q22.1
15.0,Τ23Α,Q22.2
15.0,Τ23Α,Q22.2
15.0,Τ23Α,Q22.3
15.0,Τ23Α,Q22.3
15.0,Τ23Α,Q22.4
15.0,Τ23Α,Q22.4
15.0,Τ23Α,Q22.5
15.0,Τ23Α,Q22.5
15.0,Τ23Α,Q22.6
15.0,Τ23Α,Q22.6
15.0,Τ23Α,Q22.8
15.0,Τ23Α,Q22.8
15.0,Τ23Α,Q22.9
15.0,Τ23Α,Q22.9
15.0,Τ23Α,Q23
15.0,Τ23Α,Q23
15.0,Τ23Α,Q23.0
15.0,Τ23Α,Q23.0
15.0,Τ23Α,Q23.1
15.0,Τ23Α,Q23.1
15.0,Τ23Α,Q23.2
15.0,Τ23Α,Q23.2
15.0,Τ23Α,Q23.3
15.0,Τ23Α,Q23.3
15.0,Τ23Α,Q23.4
15.0,Τ23Α,Q23.4
15.0,Τ23Α,Q23.8
15.0,Τ23Α,Q23.8
15.0,Τ23Α,Q23.9
15.0,Τ23Α,Q23.9
15.0,Τ23Α,Q24
15.0,Τ23Α,Q24
15.0,Τ23Α,Q24.0
15.0,Τ23Α,Q24.0
15.0,Τ23Α,Q24.1
15.0,Τ23Α,Q24.1
15.0,Τ23Α,Q24.2
15.0,Τ23Α,Q24.2
15.0,Τ23Α,Q24.3
15.0,Τ23Α,Q24.3
15.0,Τ23Α,Q24.4
15.0,Τ23Α,Q24.4
15.0,Τ23Α,Q24.5
15.0,Τ23Α,Q24.5
15.0,Τ23Α,Q24.6
15.0,Τ23Α,Q24.6
15.0,Τ23Α,Q24.8
15.0,Τ23Α,Q24.8
15.0,Τ23Α,Q24.9
15.0,Τ23Α,Q24.9
15.0,Τ23Α,Q25
15.0,Τ23Α,Q25
15.0,Τ23Α,Q25.0
15.0,Τ23Α,Q25.0
15.0,Τ23Α,Q25.1
15.0,Τ23Α,Q25.1
15.0,Τ23Α,Q25.2
15.0,Τ23Α,Q25.2
15.0,Τ23Α,Q25.3
15.0,Τ23Α,Q25.3
15.0,Τ23Α,Q25.5
15.0,Τ23Α,Q25.5
15.0,Τ23Α,Q25.6
15.0,Τ23Α,Q25.6
15.0,Τ23Α,Q25.8
15.0,Τ23Α,Q25.8
15.0,Τ23Α,Q25.9
15.0,Τ23Α,Q25.9
15.0,Τ23Α,Q26
15.0,Τ23Α,Q26
15.0,Τ23Α,Q26.0
15.0,Τ23Α,Q26.0
15.0,Τ23Α,Q26.1
15.0,Τ23Α,Q26.1
15.0,Τ23Α,Q26.2
15.0,Τ23Α,Q26.2
15.0,Τ23Α,Q26.3
15.0,Τ23Α,Q26.3
15.0,Τ23Α,Q26.4
15.0,Τ23Α,Q26.4
15.0,Τ23Α,Q26.5
15.0,Τ23Α,Q26.5
15.0,Τ23Α,Q26.6
15.0,Τ23Α,Q26.6
15.0,Τ23Α,Q26.8
15.0,Τ23Α,Q26.8
15.0,Τ23Α,Q26.9
15.0,Τ23Α,Q26.9
15.0,Τ23Α,Q27
15.0,Τ23Α,Q27
15.0,Τ23Α,Q27.0
15.0,Τ23Α,Q27.0
15.0,Τ23Α,Q27.1
15.0,Τ23Α,Q27.1
15.0,Τ23Α,Q27.2
15.0,Τ23Α,Q27.2
15.0,Τ23Α,Q27.3
15.0,Τ23Α,Q27.3
15.0,Τ23Α,Q27.4
15.0,Τ23Α,Q27.4
15.0,Τ23Α,Q27.9
15.0,Τ23Α,Q27.9
15.0,Τ23Α,Q28
15.0,Τ23Α,Q28
15.0,Τ23Α,Q28.0
15.0,Τ23Α,Q28.0
15.0,Τ23Α,Q28.1
15.0,Τ23Α,Q28.1
15.0,Τ23Α,Q28.2
15.0,Τ23Α,Q28.2
15.0,Τ23Α,Q28.3
15.0,Τ23Α,Q28.3
15.0,Τ23Α,Q28.8
15.0,Τ23Α,Q28.8
15.0,Τ23Α,Q28.9
15.0,Τ23Α,Q28.9
15.0,Τ23Α,Q30
15.0,Τ23Α,Q30
15.0,Τ23Α,Q30.0
15.0,Τ23Α,Q30.0
15.0,Τ23Α,Q30.1
15.0,Τ23Α,Q30.1
15.0,Τ23Α,Q30.2
15.0,Τ23Α,Q30.2
15.0,Τ23Α,Q30.3
15.0,Τ23Α,Q30.3
15.0,Τ23Α,Q30.8
15.0,Τ23Α,Q30.8
15.0,Τ23Α,Q30.9
15.0,Τ23Α,Q30.9
15.0,Τ23Α,Q31
15.0,Τ23Α,Q31
15.0,Τ23Α,Q31.0
15.0,Τ23Α,Q31.0
15.0,Τ23Α,Q31.1
15.0,Τ23Α,Q31.1
15.0,Τ23Α,Q31.2
15.0,Τ23Α,Q31.2
15.0,Τ23Α,Q31.3
15.0,Τ23Α,Q31.3
15.0,Τ23Α,Q31.4
15.0,Τ23Α,Q31.4
15.0,Τ23Α,Q31.9
15.0,Τ23Α,Q31.9
15.0,Τ23Α,Q32
15.0,Τ23Α,Q32
15.0,Τ23Α,Q32.0
15.0,Τ23Α,Q32.0
15.0,Τ23Α,Q32.1
15.0,Τ23Α,Q32.1
15.0,Τ23Α,Q32.2
15.0,Τ23Α,Q32.2
15.0,Τ23Α,Q32.3
15.0,Τ23Α,Q32.3
15.0,Τ23Α,Q32.4
15.0,Τ23Α,Q32.4
15.0,Τ23Α,Q33
15.0,Τ23Α,Q33
15.0,Τ23Α,Q33.0
15.0,Τ23Α,Q33.0
15.0,Τ23Α,Q33.1
15.0,Τ23Α,Q33.1
15.0,Τ23Α,Q33.2
15.0,Τ23Α,Q33.2
15.0,Τ23Α,Q33.3
15.0,Τ23Α,Q33.3
15.0,Τ23Α,Q33.4
15.0,Τ23Α,Q33.4
15.0,Τ23Α,Q33.5
15.0,Τ23Α,Q33.5
15.0,Τ23Α,Q33.6
15.0,Τ23Α,Q33.6
15.0,Τ23Α,Q33.8
15.0,Τ23Α,Q33.8
15.0,Τ23Α,Q33.9
15.0,Τ23Α,Q33.9
15.0,Τ23Α,Q34
15.0,Τ23Α,Q34
15.0,Τ23Α,Q34.0
15.0,Τ23Α,Q34.0
15.0,Τ23Α,Q34.9
15.0,Τ23Α,Q34.9
15.0,Τ23Α,Q35
15.0,Τ23Α,Q35
15.0,Τ23Α,Q35.0
15.0,Τ23Α,Q35.0
15.0,Τ23Α,Q35.1
15.0,Τ23Α,Q35.1
15.0,Τ23Α,Q35.2
15.0,Τ23Α,Q35.2
15.0,Τ23Α,Q35.3
15.0,Τ23Α,Q35.3
15.0,Τ23Α,Q35.4
15.0,Τ23Α,Q35.4
15.0,Τ23Α,Q35.5
15.0,Τ23Α,Q35.5
15.0,Τ23Α,Q35.6
15.0,Τ23Α,Q35.6
15.0,Τ23Α,Q35.7
15.0,Τ23Α,Q35.7
15.0,Τ23Α,Q35.8
15.0,Τ23Α,Q35.8
15.0,Τ23Α,Q35.9
15.0,Τ23Α,Q35.9
15.0,Τ23Α,Q36
15.0,Τ23Α,Q36
15.0,Τ23Α,Q36.0
15.0,Τ23Α,Q36.0
15.0,Τ23Α,Q36.1
15.0,Τ23Α,Q36.1
15.0,Τ23Α,Q36.9
15.0,Τ23Α,Q36.9
15.0,Τ23Α,Q37
15.0,Τ23Α,Q37
15.0,Τ23Α,Q37.0
15.0,Τ23Α,Q37.0
15.0,Τ23Α,Q37.1
15.0,Τ23Α,Q37.1
15.0,Τ23Α,Q37.2
15.0,Τ23Α,Q37.2
15.0,Τ23Α,Q37.3
15.0,Τ23Α,Q37.3
15.0,Τ23Α,Q37.4
15.0,Τ23Α,Q37.4
15.0,Τ23Α,Q37.5
15.0,Τ23Α,Q37.5
15.0,Τ23Α,Q37.8
15.0,Τ23Α,Q37.8
15.0,Τ23Α,Q37.9
15.0,Τ23Α,Q37.9
15.0,Τ23Α,Q38
15.0,Τ23Α,Q38
15.0,Τ23Α,Q38.0
15.0,Τ23Α,Q38.0
15.0,Τ23Α,Q38.1
15.0,Τ23Α,Q38.1
15.0,Τ23Α,Q38.2
15.0,Τ23Α,Q38.2
15.0,Τ23Α,Q38.3
15.0,Τ23Α,Q38.3
15.0,Τ23Α,Q38.4
15.0,Τ23Α,Q38.4
15.0,Τ23Α,Q38.5
15.0,Τ23Α,Q38.5
15.0,Τ23Α,Q38.6
15.0,Τ23Α,Q38.6
15.0,Τ23Α,Q38.7
15.0,Τ23Α,Q38.7
15.0,Τ23Α,Q38.8
15.0,Τ23Α,Q38.8
15.0,Τ23Α,Q39
15.0,Τ23Α,Q39
15.0,Τ23Α,Q40
15.0,Τ23Α,Q40
15.0,Τ23Α,Q40.3
15.0,Τ23Α,Q40.3
15.0,Τ23Α,Q43.2
15.0,Τ23Α,Q43.2
15.0,Τ23Α,Q43.5
15.0,Τ23Α,Q43.5
15.0,Τ23Α,Q43.6
15.0,Τ23Α,Q43.6
15.0,Τ23Α,Q43.9
15.0,Τ23Α,Q43.9
15.0,Τ23Α,Q44
15.0,Τ23Α,Q44
15.0,Τ23Α,Q45.0
15.0,Τ23Α,Q45.0
15.0,Τ23Α,Q45.3
15.0,Τ23Α,Q45.3
15.0,Τ23Α,Q50
15.0,Τ23Α,Q50
15.0,Τ23Α,Q51
15.0,Τ23Α,Q51
15.0,Τ23Α,Q52
15.0,Τ23Α,Q52
15.0,Τ23Α,Q52.0
15.0,Τ23Α,Q52.0
15.0,Τ23Α,Q52.1
15.0,Τ23Α,Q52.1
15.0,Τ23Α,Q52.3
15.0,Τ23Α,Q52.3
15.0,Τ23Α,Q52.6
15.0,Τ23Α,Q52.6
15.0,Τ23Α,Q52.7
15.0,Τ23Α,Q52.7
15.0,Τ23Α,Q52.9
15.0,Τ23Α,Q52.9
15.0,Τ23Α,Q53
15.0,Τ23Α,Q53
15.0,Τ23Α,Q53.0
15.0,Τ23Α,Q53.0
15.0,Τ23Α,Q54
15.0,Τ23Α,Q54
15.0,Τ23Α,Q56
15.0,Τ23Α,Q56
15.0,Τ23Α,Q56.0
15.0,Τ23Α,Q56.0
15.0,Τ23Α,Q56.1
15.0,Τ23Α,Q56.1
15.0,Τ23Α,Q56.2
15.0,Τ23Α,Q56.2
15.0,Τ23Α,Q56.3
15.0,Τ23Α,Q56.3
15.0,Τ23Α,Q56.4
15.0,Τ23Α,Q56.4
15.0,Τ23Α,Q60
15.0,Τ23Α,Q60
15.0,Τ23Α,Q60.0
15.0,Τ23Α,Q60.0
15.0,Τ23Α,Q60.1
15.0,Τ23Α,Q60.1
15.0,Τ23Α,Q60.2
15.0,Τ23Α,Q60.2
15.0,Τ23Α,Q60.3
15.0,Τ23Α,Q60.3
15.0,Τ23Α,Q60.4
15.0,Τ23Α,Q60.4
15.0,Τ23Α,Q60.5
15.0,Τ23Α,Q60.5
15.0,Τ23Α,Q60.6
15.0,Τ23Α,Q60.6
15.0,Τ23Α,Q61
15.0,Τ23Α,Q61
15.0,Τ23Α,Q61.0
15.0,Τ23Α,Q61.0
15.0,Τ23Α,Q61.1
15.0,Τ23Α,Q61.1
15.0,Τ23Α,Q61.2
15.0,Τ23Α,Q61.2
15.0,Τ23Α,Q61.3
15.0,Τ23Α,Q61.3
15.0,Τ23Α,Q61.4
15.0,Τ23Α,Q61.4
15.0,Τ23Α,Q61.5
15.0,Τ23Α,Q61.5
15.0,Τ23Α,Q61.8
15.0,Τ23Α,Q61.8
15.0,Τ23Α,Q61.9
15.0,Τ23Α,Q61.9
15.0,Τ23Α,Q62
15.0,Τ23Α,Q62
15.0,Τ23Α,Q62.0
15.0,Τ23Α,Q62.0
15.0,Τ23Α,Q62.1
15.0,Τ23Α,Q62.1
15.0,Τ23Α,Q62.2
15.0,Τ23Α,Q62.2
15.0,Τ23Α,Q62.3
15.0,Τ23Α,Q62.3
15.0,Τ23Α,Q62.4
15.0,Τ23Α,Q62.4
15.0,Τ23Α,Q62.5
15.0,Τ23Α,Q62.5
15.0,Τ23Α,Q62.6
15.0,Τ23Α,Q62.6
15.0,Τ23Α,Q62.7
15.0,Τ23Α,Q62.7
15.0,Τ23Α,Q62.8
15.0,Τ23Α,Q62.8
15.0,Τ23Α,Q63
15.0,Τ23Α,Q63
15.0,Τ23Α,Q63.0
15.0,Τ23Α,Q63.0
15.0,Τ23Α,Q63.1
15.0,Τ23Α,Q63.1
15.0,Τ23Α,Q63.2
15.0,Τ23Α,Q63.2
15.0,Τ23Α,Q63.3
15.0,Τ23Α,Q63.3
15.0,Τ23Α,Q63.8
15.0,Τ23Α,Q63.8
15.0,Τ23Α,Q63.9
15.0,Τ23Α,Q63.9
15.0,Τ23Α,Q64
15.0,Τ23Α,Q64
15.0,Τ23Α,Q64.0
15.0,Τ23Α,Q64.0
15.0,Τ23Α,Q64.6
15.0,Τ23Α,Q64.6
15.0,Τ23Α,Q64.8
15.0,Τ23Α,Q64.8
15.0,Τ23Α,Q64.9
15.0,Τ23Α,Q64.9
15.0,Τ23Α,Q65
15.0,Τ23Α,Q65
15.0,Τ23Α,Q65.0
15.0,Τ23Α,Q65.0
15.0,Τ23Α,Q65.1
15.0,Τ23Α,Q65.1
15.0,Τ23Α,Q65.2
15.0,Τ23Α,Q65.2
15.0,Τ23Α,Q65.9
15.0,Τ23Α,Q65.9
15.0,Τ23Α,Q66
15.0,Τ23Α,Q66
15.0,Τ23Α,Q66.0
15.0,Τ23Α,Q66.0
15.0,Τ23Α,Q66.1
15.0,Τ23Α,Q66.1
15.0,Τ23Α,Q66.2
15.0,Τ23Α,Q66.2
15.0,Τ23Α,Q66.3
15.0,Τ23Α,Q66.3
15.0,Τ23Α,Q66.6
15.0,Τ23Α,Q66.6
15.0,Τ23Α,Q66.8
15.0,Τ23Α,Q66.8
15.0,Τ23Α,Q66.9
15.0,Τ23Α,Q66.9
15.0,Τ23Α,Q67
15.0,Τ23Α,Q67
15.0,Τ23Α,Q67.5
15.0,Τ23Α,Q67.5
15.0,Τ23Α,Q67.8
15.0,Τ23Α,Q67.8
15.0,Τ23Α,Q68
15.0,Τ23Α,Q68
15.0,Τ23Α,Q69
15.0,Τ23Α,Q69
15.0,Τ23Α,Q69.0
15.0,Τ23Α,Q69.0
15.0,Τ23Α,Q69.2
15.0,Τ23Α,Q69.2
15.0,Τ23Α,Q71
15.0,Τ23Α,Q71
15.0,Τ23Α,Q72
15.0,Τ23Α,Q72
15.0,Τ23Α,Q73.0
15.0,Τ23Α,Q73.0
15.0,Τ23Α,Q73.1
15.0,Τ23Α,Q73.1
15.0,Τ23Α,Q74.3
15.0,Τ23Α,Q74.3
15.0,Τ23Α,Q75.3
15.0,Τ23Α,Q75.3
15.0,Τ23Α,Q76.0
15.0,Τ23Α,Q76.0
15.0,Τ23Α,Q77.0
15.0,Τ23Α,Q77.0
15.0,Τ23Α,Q77.1
15.0,Τ23Α,Q77.1
15.0,Τ23Α,Q77.4
15.0,Τ23Α,Q77.4
15.0,Τ23Α,Q78.0
15.0,Τ23Α,Q78.0
15.0,Τ23Α,Q78.9
15.0,Τ23Α,Q78.9
15.0,Τ23Α,Q80
15.0,Τ23Α,Q80
15.0,Τ23Α,Q81
15.0,Τ23Α,Q81
15.0,Τ23Α,Q82.0
15.0,Τ23Α,Q82.0
15.0,Τ23Α,Q82.2
15.0,Τ23Α,Q82.2
15.0,Τ23Α,Q82.3
15.0,Τ23Α,Q82.3
15.0,Τ23Α,Q82.4
15.0,Τ23Α,Q82.4
15.0,Τ23Α,Q82.5
15.0,Τ23Α,Q82.5
15.0,Τ23Α,Q82.9
15.0,Τ23Α,Q82.9
15.0,Τ23Α,Q85.0
15.0,Τ23Α,Q85.0
15.0,Τ23Α,Q85.1
15.0,Τ23Α,Q85.1
15.0,Τ23Α,Q86.0
15.0,Τ23Α,Q86.0
15.0,Τ23Α,Q87.2
15.0,Τ23Α,Q87.2
15.0,Τ23Α,Q87.3
15.0,Τ23Α,Q87.3
15.0,Τ23Α,Q87.4
15.0,Τ23Α,Q87.4
15.0,Τ23Α,Q89.2
15.0,Τ23Α,Q89.2
15.0,Τ23Α,Q89.3
15.0,Τ23Α,Q89.3
15.0,Τ23Α,Q90
15.0,Τ23Α,Q90
15.0,Τ23Α,Q91
15.0,Τ23Α,Q91
15.0,Τ23Α,Q96
15.0,Τ23Α,Q96
15.0,Τ23Α,Q99.9
15.0,Τ23Α,Q99.9
15.0,Τ23Α,P05.0
15.0,Τ21Α,P05.0
15.0,Τ21Α,P05.0
15.0,Τ21Α,P05.1
15.0,Τ21Α,P05.1
15.0,Τ21Α,P05.9
15.0,Τ21Α,P05.9
15.0,Τ21Α,P07.3
15.0,Τ21Α,P07.3
15.0,Τ21Α,P10
15.0,Τ21Α,P10
15.0,Τ21Α,P10.0
15.0,Τ21Α,P10.0
15.0,Τ21Α,P10.1
15.0,Τ21Α,P10.1
15.0,Τ21Α,P10.2
15.0,Τ21Α,P10.2
15.0,Τ21Α,P10.4
15.0,Τ21Α,P10.4
15.0,Τ21Α,P10.8
15.0,Τ21Α,P10.8
15.0,Τ21Α,P10.9
15.0,Τ21Α,P10.9
15.0,Τ21Α,P11
15.0,Τ21Α,P11
15.0,Τ21Α,P11.0
15.0,Τ21Α,P11.0
15.0,Τ21Α,P11.1
15.0,Τ21Α,P11.1
15.0,Τ21Α,P11.2
15.0,Τ21Α,P11.2
15.0,Τ21Α,P11.3
15.0,Τ21Α,P11.3
15.0,Τ21Α,P11.4
15.0,Τ21Α,P11.4
15.0,Τ21Α,P11.5
15.0,Τ21Α,P11.5
15.0,Τ21Α,P11.9
15.0,Τ21Α,P11.9
15.0,Τ21Α,P12
15.0,Τ21Α,P12
15.0,Τ21Α,P12.0
15.0,Τ21Α,P12.0
15.0,Τ21Α,P12.1
15.0,Τ21Α,P12.1
15.0,Τ21Α,P12.2
15.0,Τ21Α,P12.2
15.0,Τ21Α,P12.3
15.0,Τ21Α,P12.3
15.0,Τ21Α,P12.4
15.0,Τ21Α,P12.4
15.0,Τ21Α,P12.8
15.0,Τ21Α,P12.8
15.0,Τ21Α,P12.9
15.0,Τ21Α,P12.9
15.0,Τ21Α,P13
15.0,Τ21Α,P13
15.0,Τ21Α,P13.0
15.0,Τ21Α,P13.0
15.0,Τ21Α,P13.1
15.0,Τ21Α,P13.1
15.0,Τ21Α,P13.2
15.0,Τ21Α,P13.2
15.0,Τ21Α,P13.3
15.0,Τ21Α,P13.3
15.0,Τ21Α,P13.4
15.0,Τ21Α,P13.4
15.0,Τ21Α,P13.8
15.0,Τ21Α,P13.8
15.0,Τ21Α,P13.9
15.0,Τ21Α,P13.9
15.0,Τ21Α,P14
15.0,Τ21Α,P14
15.0,Τ21Α,P14.0
15.0,Τ21Α,P14.0
15.0,Τ21Α,P14.1
15.0,Τ21Α,P14.1
15.0,Τ21Α,P14.2
15.0,Τ21Α,P14.2
15.0,Τ21Α,P14.3
15.0,Τ21Α,P14.3
15.0,Τ21Α,P14.8
15.0,Τ21Α,P14.8
15.0,Τ21Α,P14.9
15.0,Τ21Α,P14.9
15.0,Τ21Α,P15.2
15.0,Τ21Α,P15.2
15.0,Τ21Α,P15.3
15.0,Τ21Α,P15.3
15.0,Τ21Α,P15.4
15.0,Τ21Α,P15.4
15.0,Τ21Α,P15.6
15.0,Τ21Α,P15.6
15.0,Τ21Α,P15.8
15.0,Τ21Α,P15.8
15.0,Τ21Α,P15.9
15.0,Τ21Α,P15.9
15.0,Τ21Α,P20
15.0,Τ21Α,P20
15.0,Τ21Α,P21
15.0,Τ21Α,P21
15.0,Τ21Α,P21.9
15.0,Τ21Α,P21.9
15.0,Τ21Α,P22
15.0,Τ21Α,P22
15.0,Τ21Α,P22.0
15.0,Τ21Α,P22.0
15.0,Τ21Α,P22.1
15.0,Τ21Α,P22.1
15.0,Τ21Α,P22.8
15.0,Τ21Α,P22.8
15.0,Τ21Α,P22.9
15.0,Τ21Α,P22.9
15.0,Τ21Α,P23
15.0,Τ21Α,P23
15.0,Τ21Α,P23.0
15.0,Τ21Α,P23.0
15.0,Τ21Α,P23.1
15.0,Τ21Α,P23.1
15.0,Τ21Α,P23.2
15.0,Τ21Α,P23.2
15.0,Τ21Α,P23.3
15.0,Τ21Α,P23.3
15.0,Τ21Α,P23.4
15.0,Τ21Α,P23.4
15.0,Τ21Α,P23.5
15.0,Τ21Α,P23.5
15.0,Τ21Α,P23.6
15.0,Τ21Α,P23.6
15.0,Τ21Α,P23.8
15.0,Τ21Α,P23.8
15.0,Τ21Α,P24
15.0,Τ21Α,P24
15.0,Τ21Α,P24.0
15.0,Τ21Α,P24.0
15.0,Τ21Α,P24.1
15.0,Τ21Α,P24.1
15.0,Τ21Α,P24.2
15.0,Τ21Α,P24.2
15.0,Τ21Α,P24.3
15.0,Τ21Α,P24.3
15.0,Τ21Α,P24.8
15.0,Τ21Α,P24.8
15.0,Τ21Α,P24.9
15.0,Τ21Α,P24.9
15.0,Τ21Α,P25
15.0,Τ21Α,P25
15.0,Τ21Α,P25.0
15.0,Τ21Α,P25.0
15.0,Τ21Α,P25.1
15.0,Τ21Α,P25.1
15.0,Τ21Α,P25.2
15.0,Τ21Α,P25.2
15.0,Τ21Α,P25.3
15.0,Τ21Α,P25.3
15.0,Τ21Α,P25.8
15.0,Τ21Α,P25.8
15.0,Τ21Α,P26
15.0,Τ21Α,P26
15.0,Τ21Α,P26.0
15.0,Τ21Α,P26.0
15.0,Τ21Α,P26.1
15.0,Τ21Α,P26.1
15.0,Τ21Α,P26.8
15.0,Τ21Α,P26.8
15.0,Τ21Α,P26.9
15.0,Τ21Α,P26.9
15.0,Τ21Α,P27
15.0,Τ21Α,P27
15.0,Τ21Α,P27.0
15.0,Τ21Α,P27.0
15.0,Τ21Α,P27.1
15.0,Τ21Α,P27.8
15.0,Τ21Α,P27.8
15.0,Τ21Α,P27.9
15.0,Τ21Α,P27.9
15.0,Τ21Α,P28
15.0,Τ21Α,P28
15.0,Τ21Α,P28.0
15.0,Τ21Α,P28.0
15.0,Τ21Α,P28.1
15.0,Τ21Α,P28.1
15.0,Τ21Α,P28.2
15.0,Τ21Α,P28.2
15.0,Τ21Α,P28.3
15.0,Τ21Α,P28.4
15.0,Τ21Α,P28.4
15.0,Τ21Α,P28.5
15.0,Τ21Α,P28.5
15.0,Τ21Α,P28.8
15.0,Τ21Α,P28.8
15.0,Τ21Α,P28.9
15.0,Τ21Α,P28.9
15.0,Τ21Α,P29
15.0,Τ21Α,P29
15.0,Τ21Α,P29.0
15.0,Τ21Α,P29.0
15.0,Τ21Α,P29.1
15.0,Τ21Α,P29.1
15.0,Τ21Α,P29.2
15.0,Τ21Α,P29.2
15.0,Τ21Α,P29.3
15.0,Τ21Α,P29.3
15.0,Τ21Α,P29.4
15.0,Τ21Α,P29.4
15.0,Τ21Α,P29.9
15.0,Τ21Α,P29.9
15.0,Τ21Α,P35
15.0,Τ21Α,P35
15.0,Τ21Α,P35.0
15.0,Τ21Α,P35.0
15.0,Τ21Α,P35.1
15.0,Τ21Α,P35.1
15.0,Τ21Α,P35.3
15.0,Τ21Α,P35.3
15.0,Τ21Α,P35.8
15.0,Τ21Α,P35.8
15.0,Τ21Α,P35.9
15.0,Τ21Α,P35.9
15.0,Τ21Α,P36
15.0,Τ21Α,P36
15.0,Τ21Α,P36.0
15.0,Τ21Α,P36.0
15.0,Τ21Α,P36.1
15.0,Τ21Α,P36.1
15.0,Τ21Α,P36.2
15.0,Τ21Α,P36.2
15.0,Τ21Α,P36.3
15.0,Τ21Α,P36.3
15.0,Τ21Α,P36.4
15.0,Τ21Α,P36.4
15.0,Τ21Α,P36.5
15.0,Τ21Α,P36.5
15.0,Τ21Α,P36.8
15.0,Τ21Α,P36.8
15.0,Τ21Α,P36.9
15.0,Τ21Α,P36.9
15.0,Τ21Α,P37
15.0,Τ21Α,P37
15.0,Τ21Α,P37.0
15.0,Τ21Α,P37.0
15.0,Τ21Α,P37.1
15.0,Τ21Α,P37.1
15.0,Τ21Α,P37.2
15.0,Τ21Α,P37.2
15.0,Τ21Α,P37.3
15.0,Τ21Α,P37.3
15.0,Τ21Α,P37.4
15.0,Τ21Α,P37.4
15.0,Τ21Α,P37.5
15.0,Τ21Α,P37.5
15.0,Τ21Α,P37.8
15.0,Τ21Α,P37.8
15.0,Τ21Α,P37.9
15.0,Τ21Α,P37.9
15.0,Τ21Α,P38
15.0,Τ21Α,P38
15.0,Τ21Α,P39
15.0,Τ21Α,P39
15.0,Τ21Α,P39.0
15.0,Τ21Α,P39.0
15.0,Τ21Α,P39.1
15.0,Τ21Α,P39.1
15.0,Τ21Α,P39.2
15.0,Τ21Α,P39.2
15.0,Τ21Α,P39.4
15.0,Τ21Α,P39.4
15.0,Τ21Α,P50
15.0,Τ21Α,P50
15.0,Τ21Α,P50.0
15.0,Τ21Α,P50.0
15.0,Τ21Α,P50.1
15.0,Τ21Α,P50.1
15.0,Τ21Α,P50.2
15.0,Τ21Α,P50.2
15.0,Τ21Α,P50.3
15.0,Τ21Α,P50.3
15.0,Τ21Α,P50.4
15.0,Τ21Α,P50.4
15.0,Τ21Α,P50.5
15.0,Τ21Α,P50.5
15.0,Τ21Α,P50.8
15.0,Τ21Α,P50.8
15.0,Τ21Α,P50.9
15.0,Τ21Α,P50.9
15.0,Τ21Α,P51
15.0,Τ21Α,P51
15.0,Τ21Α,P51.0
15.0,Τ21Α,P51.0
15.0,Τ21Α,P51.8
15.0,Τ21Α,P51.8
15.0,Τ21Α,P51.9
15.0,Τ21Α,P51.9
15.0,Τ21Α,P52
15.0,Τ21Α,P52
15.0,Τ21Α,P52.0
15.0,Τ21Α,P52.0
15.0,Τ21Α,P52.1
15.0,Τ21Α,P52.1
15.0,Τ21Α,P52.2
15.0,Τ21Α,P52.2
15.0,Τ21Α,P52.3
15.0,Τ21Α,P52.3
15.0,Τ21Α,P52.4
15.0,Τ21Α,P52.4
15.0,Τ21Α,P52.5
15.0,Τ21Α,P52.5
15.0,Τ21Α,P52.6
15.0,Τ21Α,P52.6
15.0,Τ21Α,P52.8
15.0,Τ21Α,P52.8
15.0,Τ21Α,P52.9
15.0,Τ21Α,P52.9
15.0,Τ21Α,P53
15.0,Τ21Α,P53
15.0,Τ21Α,P54
15.0,Τ21Α,P54
15.0,Τ21Α,P54.0
15.0,Τ21Α,P54.0
15.0,Τ21Α,P54.1
15.0,Τ21Α,P54.1
15.0,Τ21Α,P54.2
15.0,Τ21Α,P54.2
15.0,Τ21Α,P54.3
15.0,Τ21Α,P54.3
15.0,Τ21Α,P54.4
15.0,Τ21Α,P54.4
15.0,Τ21Α,P54.5
15.0,Τ21Α,P54.5
15.0,Τ21Α,P54.6
15.0,Τ21Α,P54.6
15.0,Τ21Α,P54.8
15.0,Τ21Α,P54.8
15.0,Τ21Α,P54.9
15.0,Τ21Α,P54.9
15.0,Τ21Α,P55
15.0,Τ21Α,P55
15.0,Τ21Α,P55.1
15.0,Τ21Α,P55.1
15.0,Τ21Α,P55.8
15.0,Τ21Α,P55.8
15.0,Τ21Α,P55.9
15.0,Τ21Α,P55.9
15.0,Τ21Α,P56
15.0,Τ21Α,P56
15.0,Τ21Α,P56.0
15.0,Τ21Α,P56.0
15.0,Τ21Α,P56.9
15.0,Τ21Α,P56.9
15.0,Τ21Α,P57
15.0,Τ21Α,P57
15.0,Τ21Α,P57.8
15.0,Τ21Α,P57.8
15.0,Τ21Α,P57.9
15.0,Τ21Α,P57.9
15.0,Τ21Α,P58
15.0,Τ21Α,P58
15.0,Τ21Α,P58.0
15.0,Τ21Α,P58.0
15.0,Τ21Α,P58.1
15.0,Τ21Α,P58.1
15.0,Τ21Α,P58.2
15.0,Τ21Α,P58.2
15.0,Τ21Α,P58.4
15.0,Τ21Α,P58.4
15.0,Τ21Α,P58.8
15.0,Τ21Α,P58.8
15.0,Τ21Α,P58.9
15.0,Τ21Α,P58.9
15.0,Τ21Α,P59
15.0,Τ21Α,P59
15.0,Τ21Α,P59.0
15.0,Τ21Α,P59.0
15.0,Τ21Α,P59.1
15.0,Τ21Α,P59.1
15.0,Τ21Α,P59.2
15.0,Τ21Α,P59.2
15.0,Τ21Α,P59.3
15.0,Τ21Α,P59.3
15.0,Τ21Α,P59.8
15.0,Τ21Α,P59.8
15.0,Τ21Α,P59.9
15.0,Τ21Α,P59.9
15.0,Τ21Α,P60
15.0,Τ21Α,P60
15.0,Τ21Α,P61
15.0,Τ21Α,P61
15.0,Τ21Α,P61.0
15.0,Τ21Α,P61.0
15.0,Τ21Α,P61.1
15.0,Τ21Α,P61.1
15.0,Τ21Α,P61.2
15.0,Τ21Α,P61.2
15.0,Τ21Α,P61.3
15.0,Τ21Α,P61.3
15.0,Τ21Α,P61.4
15.0,Τ21Α,P61.4
15.0,Τ21Α,P61.5
15.0,Τ21Α,P61.5
15.0,Τ21Α,P61.6
15.0,Τ21Α,P61.6
15.0,Τ21Α,P61.8
15.0,Τ21Α,P61.8
15.0,Τ21Α,P61.9
15.0,Τ21Α,P61.9
15.0,Τ21Α,P70
15.0,Τ21Α,P70
15.0,Τ21Α,P70.0
15.0,Τ21Α,P70.0
15.0,Τ21Α,P70.1
15.0,Τ21Α,P70.1
15.0,Τ21Α,P70.2
15.0,Τ21Α,P70.2
15.0,Τ21Α,P70.3
15.0,Τ21Α,P70.3
15.0,Τ21Α,P70.4
15.0,Τ21Α,P70.4
15.0,Τ21Α,P70.8
15.0,Τ21Α,P70.8
15.0,Τ21Α,P70.9
15.0,Τ21Α,P70.9
15.0,Τ21Α,P71
15.0,Τ21Α,P71
15.0,Τ21Α,P71.0
15.0,Τ21Α,P71.0
15.0,Τ21Α,P71.1
15.0,Τ21Α,P71.1
15.0,Τ21Α,P71.2
15.0,Τ21Α,P71.2
15.0,Τ21Α,P71.3
15.0,Τ21Α,P71.3
15.0,Τ21Α,P71.4
15.0,Τ21Α,P71.4
15.0,Τ21Α,P71.8
15.0,Τ21Α,P71.8
15.0,Τ21Α,P71.9
15.0,Τ21Α,P71.9
15.0,Τ21Α,P72
15.0,Τ21Α,P72
15.0,Τ21Α,P72.0
15.0,Τ21Α,P72.0
15.0,Τ21Α,P72.1
15.0,Τ21Α,P72.1
15.0,Τ21Α,P72.2
15.0,Τ21Α,P72.2
15.0,Τ21Α,P72.8
15.0,Τ21Α,P72.8
15.0,Τ21Α,P72.9
15.0,Τ21Α,P72.9
15.0,Τ21Α,P74
15.0,Τ21Α,P74
15.0,Τ21Α,P74.0
15.0,Τ21Α,P74.1
15.0,Τ21Α,P74.1
15.0,Τ21Α,P74.2
15.0,Τ21Α,P74.2
15.0,Τ21Α,P74.3
15.0,Τ21Α,P74.3
15.0,Τ21Α,P74.4
15.0,Τ21Α,P74.4
15.0,Τ21Α,P74.5
15.0,Τ21Α,P74.5
15.0,Τ21Α,P74.8
15.0,Τ21Α,P74.8
15.0,Τ21Α,P74.9
15.0,Τ21Α,P74.9
15.0,Τ21Α,P75*
15.0,Τ21Α,P75*
15.0,Τ21Α,P76
15.0,Τ21Α,P76
15.0,Τ21Α,P76.0
15.0,Τ21Α,P76.0
15.0,Τ21Α,P76.1
15.0,Τ21Α,P76.1
15.0,Τ21Α,P77
15.0,Τ21Α,P77
15.0,Τ21Α,P78
15.0,Τ21Α,P78
15.0,Τ21Α,P78.2
15.0,Τ21Α,P78.2
15.0,Τ21Α,P78.3
15.0,Τ21Α,P78.3
15.0,Τ21Α,P78.8
15.0,Τ21Α,P78.8
15.0,Τ21Α,P78.9
15.0,Τ21Α,P78.9
15.0,Τ21Α,P80
15.0,Τ21Α,P80
15.0,Τ21Α,P81
15.0,Τ21Α,P81
15.0,Τ21Α,P81.0
15.0,Τ21Α,P81.0
15.0,Τ21Α,P81.8
15.0,Τ21Α,P81.8
15.0,Τ21Α,P81.9
15.0,Τ21Α,P81.9
15.0,Τ21Α,P82
15.0,Τ21Α,P82
15.0,Τ21Α,P83
15.0,Τ21Α,P83
15.0,Τ21Α,P83.0
15.0,Τ21Α,P83.0
15.0,Τ21Α,P83.1
15.0,Τ21Α,P83.1
15.0,Τ21Α,P83.2
15.0,Τ21Α,P83.2
15.0,Τ21Α,P83.3
15.0,Τ21Α,P83.3
15.0,Τ21Α,P83.4
15.0,Τ21Α,P83.4
15.0,Τ21Α,P83.5
15.0,Τ21Α,P83.5
15.0,Τ21Α,P83.6
15.0,Τ21Α,P83.6
15.0,Τ21Α,P83.8
15.0,Τ21Α,P83.8
15.0,Τ21Α,P83.9
15.0,Τ21Α,P83.9
15.0,Τ21Α,P84
15.0,Τ21Α,P84
15.0,Τ21Α,P85
15.0,Τ21Α,P85
15.0,Τ21Α,P90
15.0,Τ21Α,P90
15.0,Τ21Α,P91
15.0,Τ21Α,P91
15.0,Τ21Α,P91.0
15.0,Τ21Α,P91.0
15.0,Τ21Α,P91.1
15.0,Τ21Α,P91.1
15.0,Τ21Α,P91.2
15.0,Τ21Α,P91.2
15.0,Τ21Α,P91.3
15.0,Τ21Α,P91.3
15.0,Τ21Α,P91.4
15.0,Τ21Α,P91.4
15.0,Τ21Α,P91.5
15.0,Τ21Α,P91.5
15.0,Τ21Α,P91.8
15.0,Τ21Α,P91.8
15.0,Τ21Α,P91.9
15.0,Τ21Α,P91.9
15.0,Τ21Α,P92
15.0,Τ21Α,P92
15.0,Τ21Α,P92.0
15.0,Τ21Α,P92.0
15.0,Τ21Α,P92.2
15.0,Τ21Α,P92.2
15.0,Τ21Α,P92.3
15.0,Τ21Α,P92.3
15.0,Τ21Α,P92.4
15.0,Τ21Α,P92.4
15.0,Τ21Α,P92.8
15.0,Τ21Α,P92.8
15.0,Τ21Α,P92.9
15.0,Τ21Α,P92.9
15.0,Τ21Α,P93
15.0,Τ21Α,P93
15.0,Τ21Α,P94
15.0,Τ21Α,P94
15.0,Τ21Α,P94.0
15.0,Τ21Α,P94.0
15.0,Τ21Α,P94.1
15.0,Τ21Α,P94.1
15.0,Τ21Α,P94.2
15.0,Τ21Α,P94.2
15.0,Τ21Α,P94.8
15.0,Τ21Α,P94.8
15.0,Τ21Α,P94.9
15.0,Τ21Α,P94.9
15.0,Τ21Α,P95
15.0,Τ21Α,P95
15.0,Τ21Α,P96.0
15.0,Τ21Α,P96.0
15.0,Τ21Α,P96.1
15.0,Τ21Α,P96.1
15.0,Τ21Α,P96.2
15.0,Τ21Α,P96.2
15.0,Τ21Α,Q00
15.0,Τ21Α,Q00
15.0,Τ21Α,Q00.0
15.0,Τ21Α,Q00.0
15.0,Τ21Α,Q00.1
15.0,Τ21Α,Q00.1
15.0,Τ21Α,Q00.2
15.0,Τ21Α,Q00.2
15.0,Τ21Α,Q02
15.0,Τ21Α,Q02
15.0,Τ21Α,Q04
15.0,Τ21Α,Q04
15.0,Τ21Α,Q04.0
15.0,Τ21Α,Q04.0
15.0,Τ21Α,Q04.1
15.0,Τ21Α,Q04.1
15.0,Τ21Α,Q04.2
15.0,Τ21Α,Q04.2
15.0,Τ21Α,Q04.3
15.0,Τ21Α,Q04.3
15.0,Τ21Α,Q04.4
15.0,Τ21Α,Q04.4
15.0,Τ21Α,Q04.5
15.0,Τ21Α,Q04.5
15.0,Τ21Α,Q04.6
15.0,Τ21Α,Q04.6
15.0,Τ21Α,Q04.8
15.0,Τ21Α,Q04.8
15.0,Τ21Α,Q04.9
15.0,Τ21Α,Q04.9
15.0,Τ21Α,Q05
15.0,Τ21Α,Q05
15.0,Τ21Α,Q06
15.0,Τ21Α,Q06
15.0,Τ21Α,Q06.1
15.0,Τ21Α,Q06.1
15.0,Τ21Α,Q06.2
15.0,Τ21Α,Q06.2
15.0,Τ21Α,Q06.3
15.0,Τ21Α,Q06.3
15.0,Τ21Α,Q06.4
15.0,Τ21Α,Q06.4
15.0,Τ21Α,Q06.9
15.0,Τ21Α,Q06.9
15.0,Τ21Α,Q07
15.0,Τ21Α,Q07
15.0,Τ21Α,Q07.0
15.0,Τ21Α,Q07.0
15.0,Τ21Α,Q07.8
15.0,Τ21Α,Q07.8
15.0,Τ21Α,Q07.9
15.0,Τ21Α,Q07.9
15.0,Τ21Α,Q10
15.0,Τ21Α,Q10
15.0,Τ21Α,Q10.0
15.0,Τ21Α,Q10.0
15.0,Τ21Α,Q10.1
15.0,Τ21Α,Q10.1
15.0,Τ21Α,Q10.2
15.0,Τ21Α,Q10.2
15.0,Τ21Α,Q10.4
15.0,Τ21Α,Q10.4
15.0,Τ21Α,Q10.5
15.0,Τ21Α,Q10.5
15.0,Τ21Α,Q10.6
15.0,Τ21Α,Q10.6
15.0,Τ21Α,Q10.7
15.0,Τ21Α,Q10.7
15.0,Τ21Α,Q11
15.0,Τ21Α,Q11
15.0,Τ21Α,Q11.0
15.0,Τ21Α,Q11.0
15.0,Τ21Α,Q11.1
15.0,Τ21Α,Q11.1
15.0,Τ21Α,Q11.2
15.0,Τ21Α,Q11.2
15.0,Τ21Α,Q11.3
15.0,Τ21Α,Q11.3
15.0,Τ21Α,Q12
15.0,Τ21Α,Q12
15.0,Τ21Α,Q12.0
15.0,Τ21Α,Q12.0
15.0,Τ21Α,Q12.1
15.0,Τ21Α,Q12.1
15.0,Τ21Α,Q12.2
15.0,Τ21Α,Q12.2
15.0,Τ21Α,Q12.3
15.0,Τ21Α,Q12.3
15.0,Τ21Α,Q12.4
15.0,Τ21Α,Q12.4
15.0,Τ21Α,Q12.8
15.0,Τ21Α,Q12.8
15.0,Τ21Α,Q12.9
15.0,Τ21Α,Q12.9
15.0,Τ21Α,Q13
15.0,Τ21Α,Q13
15.0,Τ21Α,Q13.0
15.0,Τ21Α,Q13.0
15.0,Τ21Α,Q13.1
15.0,Τ21Α,Q13.1
15.0,Τ21Α,Q13.2
15.0,Τ21Α,Q13.2
15.0,Τ21Α,Q13.3
15.0,Τ21Α,Q13.3
15.0,Τ21Α,Q13.4
15.0,Τ21Α,Q13.4
15.0,Τ21Α,Q13.5
15.0,Τ21Α,Q13.5
15.0,Τ21Α,Q13.8
15.0,Τ21Α,Q13.8
15.0,Τ21Α,Q13.9
15.0,Τ21Α,Q13.9
15.0,Τ21Α,Q14.0
15.0,Τ21Α,Q14.0
15.0,Τ21Α,Q14.1
15.0,Τ21Α,Q14.1
15.0,Τ21Α,Q14.2
15.0,Τ21Α,Q14.2
15.0,Τ21Α,Q14.3
15.0,Τ21Α,Q14.3
15.0,Τ21Α,Q14.8
15.0,Τ21Α,Q14.8
15.0,Τ21Α,Q14.9
15.0,Τ21Α,Q14.9
15.0,Τ21Α,Q15
15.0,Τ21Α,Q15
15.0,Τ21Α,Q15.0
15.0,Τ21Α,Q15.0
15.0,Τ21Α,Q15.8
15.0,Τ21Α,Q15.8
15.0,Τ21Α,Q15.9
15.0,Τ21Α,Q15.9
15.0,Τ21Α,Q16
15.0,Τ21Α,Q16
15.0,Τ21Α,Q16.0
15.0,Τ21Α,Q16.0
15.0,Τ21Α,Q16.1
15.0,Τ21Α,Q16.1
15.0,Τ21Α,Q16.2
15.0,Τ21Α,Q16.2
15.0,Τ21Α,Q16.3
15.0,Τ21Α,Q16.3
15.0,Τ21Α,Q16.4
15.0,Τ21Α,Q16.4
15.0,Τ21Α,Q16.5
15.0,Τ21Α,Q16.5
15.0,Τ21Α,Q16.9
15.0,Τ21Α,Q16.9
15.0,Τ21Α,Q17
15.0,Τ21Α,Q17
15.0,Τ21Α,Q17.0
15.0,Τ21Α,Q17.0
15.0,Τ21Α,Q17.1
15.0,Τ21Α,Q17.1
15.0,Τ21Α,Q17.2
15.0,Τ21Α,Q17.2
15.0,Τ21Α,Q17.3
15.0,Τ21Α,Q17.3
15.0,Τ21Α,Q17.4
15.0,Τ21Α,Q17.4
15.0,Τ21Α,Q17.5
15.0,Τ21Α,Q17.5
15.0,Τ21Α,Q17.8
15.0,Τ21Α,Q17.8
15.0,Τ21Α,Q17.9
15.0,Τ21Α,Q17.9
15.0,Τ21Α,Q18
15.0,Τ21Α,Q18
15.0,Τ21Α,Q18.0
15.0,Τ21Α,Q18.0
15.0,Τ21Α,Q18.1
15.0,Τ21Α,Q18.1
15.0,Τ21Α,Q18.2
15.0,Τ21Α,Q18.2
15.0,Τ21Α,Q18.3
15.0,Τ21Α,Q18.3
15.0,Τ21Α,Q18.4
15.0,Τ21Α,Q18.4
15.0,Τ21Α,Q18.5
15.0,Τ21Α,Q18.5
15.0,Τ21Α,Q18.6
15.0,Τ21Α,Q18.6
15.0,Τ21Α,Q18.7
15.0,Τ21Α,Q18.7
15.0,Τ21Α,Q18.8
15.0,Τ21Α,Q18.8
15.0,Τ21Α,Q18.9
15.0,Τ21Α,Q18.9
15.0,Τ21Α,Q20
15.0,Τ21Α,Q20
15.0,Τ21Α,Q20.0
15.0,Τ21Α,Q20.0
15.0,Τ21Α,Q20.1
15.0,Τ21Α,Q20.1
15.0,Τ21Α,Q20.2
15.0,Τ21Α,Q20.2
15.0,Τ21Α,Q20.3
15.0,Τ21Α,Q20.3
15.0,Τ21Α,Q20.4
15.0,Τ21Α,Q20.4
15.0,Τ21Α,Q20.5
15.0,Τ21Α,Q20.5
15.0,Τ21Α,Q20.6
15.0,Τ21Α,Q20.6
15.0,Τ21Α,Q20.8
15.0,Τ21Α,Q20.8
15.0,Τ21Α,Q20.9
15.0,Τ21Α,Q20.9
15.0,Τ21Α,Q21
15.0,Τ21Α,Q21
15.0,Τ21Α,Q21.0
15.0,Τ21Α,Q21.0
15.0,Τ21Α,Q21.1
15.0,Τ21Α,Q21.1
15.0,Τ21Α,Q21.2
15.0,Τ21Α,Q21.2
15.0,Τ21Α,Q21.3
15.0,Τ21Α,Q21.3
15.0,Τ21Α,Q21.4
15.0,Τ21Α,Q21.4
15.0,Τ21Α,Q21.8
15.0,Τ21Α,Q21.8
15.0,Τ21Α,Q21.9
15.0,Τ21Α,Q21.9
15.0,Τ21Α,Q22
15.0,Τ21Α,Q22
15.0,Τ21Α,Q22.0
15.0,Τ21Α,Q22.0
15.0,Τ21Α,Q22.1
15.0,Τ21Α,Q22.1
15.0,Τ21Α,Q22.2
15.0,Τ21Α,Q22.2
15.0,Τ21Α,Q22.3
15.0,Τ21Α,Q22.3
15.0,Τ21Α,Q22.4
15.0,Τ21Α,Q22.4
15.0,Τ21Α,Q22.5
15.0,Τ21Α,Q22.5
15.0,Τ21Α,Q22.6
15.0,Τ21Α,Q22.6
15.0,Τ21Α,Q22.8
15.0,Τ21Α,Q22.8
15.0,Τ21Α,Q22.9
15.0,Τ21Α,Q22.9
15.0,Τ21Α,Q23
15.0,Τ21Α,Q23
15.0,Τ21Α,Q23.0
15.0,Τ21Α,Q23.0
15.0,Τ21Α,Q23.1
15.0,Τ21Α,Q23.1
15.0,Τ21Α,Q23.2
15.0,Τ21Α,Q23.2
15.0,Τ21Α,Q23.3
15.0,Τ21Α,Q23.3
15.0,Τ21Α,Q23.4
15.0,Τ21Α,Q23.4
15.0,Τ21Α,Q23.8
15.0,Τ21Α,Q23.8
15.0,Τ21Α,Q23.9
15.0,Τ21Α,Q23.9
15.0,Τ21Α,Q24
15.0,Τ21Α,Q24
15.0,Τ21Α,Q24.0
15.0,Τ21Α,Q24.0
15.0,Τ21Α,Q24.1
15.0,Τ21Α,Q24.1
15.0,Τ21Α,Q24.2
15.0,Τ21Α,Q24.2
15.0,Τ21Α,Q24.3
15.0,Τ21Α,Q24.3
15.0,Τ21Α,Q24.4
15.0,Τ21Α,Q24.4
15.0,Τ21Α,Q24.5
15.0,Τ21Α,Q24.5
15.0,Τ21Α,Q24.6
15.0,Τ21Α,Q24.6
15.0,Τ21Α,Q24.8
15.0,Τ21Α,Q24.8
15.0,Τ21Α,Q24.9
15.0,Τ21Α,Q24.9
15.0,Τ21Α,Q25
15.0,Τ21Α,Q25
15.0,Τ21Α,Q25.0
15.0,Τ21Α,Q25.0
15.0,Τ21Α,Q25.1
15.0,Τ21Α,Q25.1
15.0,Τ21Α,Q25.2
15.0,Τ21Α,Q25.2
15.0,Τ21Α,Q25.3
15.0,Τ21Α,Q25.3
15.0,Τ21Α,Q25.5
15.0,Τ21Α,Q25.5
15.0,Τ21Α,Q25.6
15.0,Τ21Α,Q25.6
15.0,Τ21Α,Q25.8
15.0,Τ21Α,Q25.8
15.0,Τ21Α,Q25.9
15.0,Τ21Α,Q25.9
15.0,Τ21Α,Q26
15.0,Τ21Α,Q26
15.0,Τ21Α,Q26.0
15.0,Τ21Α,Q26.0
15.0,Τ21Α,Q26.1
15.0,Τ21Α,Q26.1
15.0,Τ21Α,Q26.2
15.0,Τ21Α,Q26.2
15.0,Τ21Α,Q26.3
15.0,Τ21Α,Q26.3
15.0,Τ21Α,Q26.4
15.0,Τ21Α,Q26.4
15.0,Τ21Α,Q26.5
15.0,Τ21Α,Q26.5
15.0,Τ21Α,Q26.6
15.0,Τ21Α,Q26.6
15.0,Τ21Α,Q26.8
15.0,Τ21Α,Q26.8
15.0,Τ21Α,Q26.9
15.0,Τ21Α,Q26.9
15.0,Τ21Α,Q27
15.0,Τ21Α,Q27
15.0,Τ21Α,Q27.0
15.0,Τ21Α,Q27.0
15.0,Τ21Α,Q27.1
15.0,Τ21Α,Q27.1
15.0,Τ21Α,Q27.2
15.0,Τ21Α,Q27.2
15.0,Τ21Α,Q27.3
15.0,Τ21Α,Q27.3
15.0,Τ21Α,Q27.4
15.0,Τ21Α,Q27.4
15.0,Τ21Α,Q27.9
15.0,Τ21Α,Q27.9
15.0,Τ21Α,Q28
15.0,Τ21Α,Q28
15.0,Τ21Α,Q28.0
15.0,Τ21Α,Q28.0
15.0,Τ21Α,Q28.1
15.0,Τ21Α,Q28.1
15.0,Τ21Α,Q28.2
15.0,Τ21Α,Q28.2
15.0,Τ21Α,Q28.3
15.0,Τ21Α,Q28.3
15.0,Τ21Α,Q28.8
15.0,Τ21Α,Q28.8
15.0,Τ21Α,Q28.9
15.0,Τ21Α,Q28.9
15.0,Τ21Α,Q30
15.0,Τ21Α,Q30
15.0,Τ21Α,Q30.0
15.0,Τ21Α,Q30.0
15.0,Τ21Α,Q30.1
15.0,Τ21Α,Q30.1
15.0,Τ21Α,Q30.2
15.0,Τ21Α,Q30.2
15.0,Τ21Α,Q30.3
15.0,Τ21Α,Q30.3
15.0,Τ21Α,Q30.8
15.0,Τ21Α,Q30.8
15.0,Τ21Α,Q30.9
15.0,Τ21Α,Q30.9
15.0,Τ21Α,Q31
15.0,Τ21Α,Q31
15.0,Τ21Α,Q31.0
15.0,Τ21Α,Q31.0
15.0,Τ21Α,Q31.1
15.0,Τ21Α,Q31.1
15.0,Τ21Α,Q31.2
15.0,Τ21Α,Q31.2
15.0,Τ21Α,Q31.3
15.0,Τ21Α,Q31.3
15.0,Τ21Α,Q31.4
15.0,Τ21Α,Q31.4
15.0,Τ21Α,Q31.9
15.0,Τ21Α,Q31.9
15.0,Τ21Α,Q32
15.0,Τ21Α,Q32
15.0,Τ21Α,Q32.0
15.0,Τ21Α,Q32.0
15.0,Τ21Α,Q32.1
15.0,Τ21Α,Q32.1
15.0,Τ21Α,Q32.2
15.0,Τ21Α,Q32.2
15.0,Τ21Α,Q32.3
15.0,Τ21Α,Q32.3
15.0,Τ21Α,Q32.4
15.0,Τ21Α,Q32.4
15.0,Τ21Α,Q33
15.0,Τ21Α,Q33
15.0,Τ21Α,Q33.0
15.0,Τ21Α,Q33.0
15.0,Τ21Α,Q33.1
15.0,Τ21Α,Q33.1
15.0,Τ21Α,Q33.2
15.0,Τ21Α,Q33.2
15.0,Τ21Α,Q33.3
15.0,Τ21Α,Q33.3
15.0,Τ21Α,Q33.4
15.0,Τ21Α,Q33.4
15.0,Τ21Α,Q33.5
15.0,Τ21Α,Q33.5
15.0,Τ21Α,Q33.6
15.0,Τ21Α,Q33.6
15.0,Τ21Α,Q33.8
15.0,Τ21Α,Q33.8
15.0,Τ21Α,Q33.9
15.0,Τ21Α,Q33.9
15.0,Τ21Α,Q34
15.0,Τ21Α,Q34
15.0,Τ21Α,Q34.0
15.0,Τ21Α,Q34.0
15.0,Τ21Α,Q34.9
15.0,Τ21Α,Q34.9
15.0,Τ21Α,Q35
15.0,Τ21Α,Q35
15.0,Τ21Α,Q35.0
15.0,Τ21Α,Q35.0
15.0,Τ21Α,Q35.1
15.0,Τ21Α,Q35.1
15.0,Τ21Α,Q35.2
15.0,Τ21Α,Q35.2
15.0,Τ21Α,Q35.3
15.0,Τ21Α,Q35.3
15.0,Τ21Α,Q35.4
15.0,Τ21Α,Q35.4
15.0,Τ21Α,Q35.5
15.0,Τ21Α,Q35.5
15.0,Τ21Α,Q35.6
15.0,Τ21Α,Q35.6
15.0,Τ21Α,Q35.7
15.0,Τ21Α,Q35.7
15.0,Τ21Α,Q35.8
15.0,Τ21Α,Q35.8
15.0,Τ21Α,Q35.9
15.0,Τ21Α,Q35.9
15.0,Τ21Α,Q36
15.0,Τ21Α,Q36
15.0,Τ21Α,Q36.0
15.0,Τ21Α,Q36.0
15.0,Τ21Α,Q36.1
15.0,Τ21Α,Q36.1
15.0,Τ21Α,Q36.9
15.0,Τ21Α,Q36.9
15.0,Τ21Α,Q37
15.0,Τ21Α,Q37
15.0,Τ21Α,Q37.0
15.0,Τ21Α,Q37.0
15.0,Τ21Α,Q37.1
15.0,Τ21Α,Q37.1
15.0,Τ21Α,Q37.2
15.0,Τ21Α,Q37.2
15.0,Τ21Α,Q37.3
15.0,Τ21Α,Q37.3
15.0,Τ21Α,Q37.4
15.0,Τ21Α,Q37.4
15.0,Τ21Α,Q37.5
15.0,Τ21Α,Q37.5
15.0,Τ21Α,Q37.8
15.0,Τ21Α,Q37.8
15.0,Τ21Α,Q37.9
15.0,Τ21Α,Q37.9
15.0,Τ21Α,Q38
15.0,Τ21Α,Q38
15.0,Τ21Α,Q38.0
15.0,Τ21Α,Q38.0
15.0,Τ21Α,Q38.1
15.0,Τ21Α,Q38.1
15.0,Τ21Α,Q38.2
15.0,Τ21Α,Q38.2
15.0,Τ21Α,Q38.3
15.0,Τ21Α,Q38.3
15.0,Τ21Α,Q38.4
15.0,Τ21Α,Q38.4
15.0,Τ21Α,Q38.5
15.0,Τ21Α,Q38.5
15.0,Τ21Α,Q38.6
15.0,Τ21Α,Q38.6
15.0,Τ21Α,Q38.7
15.0,Τ21Α,Q38.7
15.0,Τ21Α,Q38.8
15.0,Τ21Α,Q38.8
15.0,Τ21Α,Q39
15.0,Τ21Α,Q39
15.0,Τ21Α,Q40
15.0,Τ21Α,Q40
15.0,Τ21Α,Q40.3
15.0,Τ21Α,Q40.3
15.0,Τ21Α,Q43.2
15.0,Τ21Α,Q43.2
15.0,Τ21Α,Q43.5
15.0,Τ21Α,Q43.5
15.0,Τ21Α,Q43.6
15.0,Τ21Α,Q43.6
15.0,Τ21Α,Q43.9
15.0,Τ21Α,Q43.9
15.0,Τ21Α,Q44
15.0,Τ21Α,Q44
15.0,Τ21Α,Q45.0
15.0,Τ21Α,Q45.0
15.0,Τ21Α,Q45.3
15.0,Τ21Α,Q45.3
15.0,Τ21Α,Q50
15.0,Τ21Α,Q50
15.0,Τ21Α,Q51
15.0,Τ21Α,Q51
15.0,Τ21Α,Q52
15.0,Τ21Α,Q52
15.0,Τ21Α,Q52.0
15.0,Τ21Α,Q52.0
15.0,Τ21Α,Q52.1
15.0,Τ21Α,Q52.1
15.0,Τ21Α,Q52.3
15.0,Τ21Α,Q52.3
15.0,Τ21Α,Q52.6
15.0,Τ21Α,Q52.6
15.0,Τ21Α,Q52.7
15.0,Τ21Α,Q52.7
15.0,Τ21Α,Q52.9
15.0,Τ21Α,Q52.9
15.0,Τ21Α,Q53
15.0,Τ21Α,Q53
15.0,Τ21Α,Q53.0
15.0,Τ21Α,Q53.0
15.0,Τ21Α,Q54
15.0,Τ21Α,Q54
15.0,Τ21Α,Q56
15.0,Τ21Α,Q56
15.0,Τ21Α,Q56.0
15.0,Τ21Α,Q56.0
15.0,Τ21Α,Q56.1
15.0,Τ21Α,Q56.1
15.0,Τ21Α,Q56.2
15.0,Τ21Α,Q56.2
15.0,Τ21Α,Q56.3
15.0,Τ21Α,Q56.3
15.0,Τ21Α,Q56.4
15.0,Τ21Α,Q56.4
15.0,Τ21Α,Q60
15.0,Τ21Α,Q60
15.0,Τ21Α,Q60.0
15.0,Τ21Α,Q60.0
15.0,Τ21Α,Q60.1
15.0,Τ21Α,Q60.1
15.0,Τ21Α,Q60.2
15.0,Τ21Α,Q60.2
15.0,Τ21Α,Q60.3
15.0,Τ21Α,Q60.3
15.0,Τ21Α,Q60.4
15.0,Τ21Α,Q60.4
15.0,Τ21Α,Q60.5
15.0,Τ21Α,Q60.5
15.0,Τ21Α,Q60.6
15.0,Τ21Α,Q60.6
15.0,Τ21Α,Q61
15.0,Τ21Α,Q61
15.0,Τ21Α,Q61.0
15.0,Τ21Α,Q61.0
15.0,Τ21Α,Q61.1
15.0,Τ21Α,Q61.1
15.0,Τ21Α,Q61.2
15.0,Τ21Α,Q61.2
15.0,Τ21Α,Q61.3
15.0,Τ21Α,Q61.3
15.0,Τ21Α,Q61.4
15.0,Τ21Α,Q61.4
15.0,Τ21Α,Q61.5
15.0,Τ21Α,Q61.5
15.0,Τ21Α,Q61.8
15.0,Τ21Α,Q61.8
15.0,Τ21Α,Q61.9
15.0,Τ21Α,Q61.9
15.0,Τ21Α,Q62
15.0,Τ21Α,Q62
15.0,Τ21Α,Q62.0
15.0,Τ21Α,Q62.0
15.0,Τ21Α,Q62.1
15.0,Τ21Α,Q62.1
15.0,Τ21Α,Q62.2
15.0,Τ21Α,Q62.2
15.0,Τ21Α,Q62.3
15.0,Τ21Α,Q62.3
15.0,Τ21Α,Q62.4
15.0,Τ21Α,Q62.4
15.0,Τ21Α,Q62.5
15.0,Τ21Α,Q62.5
15.0,Τ21Α,Q62.6
15.0,Τ21Α,Q62.6
15.0,Τ21Α,Q62.7
15.0,Τ21Α,Q62.7
15.0,Τ21Α,Q62.8
15.0,Τ21Α,Q62.8
15.0,Τ21Α,Q63
15.0,Τ21Α,Q63
15.0,Τ21Α,Q63.0
15.0,Τ21Α,Q63.0
15.0,Τ21Α,Q63.1
15.0,Τ21Α,Q63.1
15.0,Τ21Α,Q63.2
15.0,Τ21Α,Q63.2
15.0,Τ21Α,Q63.3
15.0,Τ21Α,Q63.3
15.0,Τ21Α,Q63.8
15.0,Τ21Α,Q63.8
15.0,Τ21Α,Q63.9
15.0,Τ21Α,Q63.9
15.0,Τ21Α,Q64
15.0,Τ21Α,Q64
15.0,Τ21Α,Q64.0
15.0,Τ21Α,Q64.0
15.0,Τ21Α,Q64.6
15.0,Τ21Α,Q64.6
15.0,Τ21Α,Q64.8
15.0,Τ21Α,Q64.8
15.0,Τ21Α,Q64.9
15.0,Τ21Α,Q64.9
15.0,Τ21Α,Q65
15.0,Τ21Α,Q65
15.0,Τ21Α,Q65.0
15.0,Τ21Α,Q65.0
15.0,Τ21Α,Q65.1
15.0,Τ21Α,Q65.1
15.0,Τ21Α,Q65.2
15.0,Τ21Α,Q65.2
15.0,Τ21Α,Q65.9
15.0,Τ21Α,Q65.9
15.0,Τ21Α,Q66
15.0,Τ21Α,Q66
15.0,Τ21Α,Q66.0
15.0,Τ21Α,Q66.0
15.0,Τ21Α,Q66.1
15.0,Τ21Α,Q66.1
15.0,Τ21Α,Q66.2
15.0,Τ21Α,Q66.2
15.0,Τ21Α,Q66.3
15.0,Τ21Α,Q66.3
15.0,Τ21Α,Q66.6
15.0,Τ21Α,Q66.6
15.0,Τ21Α,Q66.8
15.0,Τ21Α,Q66.8
15.0,Τ21Α,Q66.9
15.0,Τ21Α,Q66.9
15.0,Τ21Α,Q67
15.0,Τ21Α,Q67
15.0,Τ21Α,Q67.5
15.0,Τ21Α,Q67.5
15.0,Τ21Α,Q67.8
15.0,Τ21Α,Q67.8
15.0,Τ21Α,Q68
15.0,Τ21Α,Q68
15.0,Τ21Α,Q69
15.0,Τ21Α,Q69
15.0,Τ21Α,Q69.0
15.0,Τ21Α,Q69.0
15.0,Τ21Α,Q69.2
15.0,Τ21Α,Q69.2
15.0,Τ21Α,Q71
15.0,Τ21Α,Q71
15.0,Τ21Α,Q72
15.0,Τ21Α,Q72
15.0,Τ21Α,Q73.0
15.0,Τ21Α,Q73.0
15.0,Τ21Α,Q73.1
15.0,Τ21Α,Q73.1
15.0,Τ21Α,Q74.3
15.0,Τ21Α,Q74.3
15.0,Τ21Α,Q75.3
15.0,Τ21Α,Q75.3
15.0,Τ21Α,Q76.0
15.0,Τ21Α,Q76.0
15.0,Τ21Α,Q77.0
15.0,Τ21Α,Q77.0
15.0,Τ21Α,Q77.1
15.0,Τ21Α,Q77.1
15.0,Τ21Α,Q77.4
15.0,Τ21Α,Q77.4
15.0,Τ21Α,Q78.0
15.0,Τ21Α,Q78.0
15.0,Τ21Α,Q78.9
15.0,Τ21Α,Q78.9
15.0,Τ21Α,Q80
15.0,Τ21Α,Q80
15.0,Τ21Α,Q81
15.0,Τ21Α,Q81
15.0,Τ21Α,Q82.0
15.0,Τ21Α,Q82.0
15.0,Τ21Α,Q82.2
15.0,Τ21Α,Q82.2
15.0,Τ21Α,Q82.3
15.0,Τ21Α,Q82.3
15.0,Τ21Α,Q82.4
15.0,Τ21Α,Q82.4
15.0,Τ21Α,Q82.5
15.0,Τ21Α,Q82.5
15.0,Τ21Α,Q82.9
15.0,Τ21Α,Q82.9
15.0,Τ21Α,Q85.0
15.0,Τ21Α,Q85.0
15.0,Τ21Α,Q85.1
15.0,Τ21Α,Q85.1
15.0,Τ21Α,Q86.0
15.0,Τ21Α,Q86.0
15.0,Τ21Α,Q87.2
15.0,Τ21Α,Q87.2
15.0,Τ21Α,Q87.3
15.0,Τ21Α,Q87.3
15.0,Τ21Α,Q87.4
15.0,Τ21Α,Q87.4
15.0,Τ21Α,Q89.2
15.0,Τ21Α,Q89.2
15.0,Τ21Α,Q89.3
15.0,Τ21Α,Q89.3
15.0,Τ21Α,Q90
15.0,Τ21Α,Q90
15.0,Τ21Α,Q91
15.0,Τ21Α,Q91
15.0,Τ21Α,Q96
15.0,Τ21Α,Q96
15.0,Τ21Α,Q99.9
15.0,Τ21Α,Q99.9
15.0,Τ21Α,P10.3
15.0,Τ21Α,P15.0
15.0,Τ21Α,P15.1
15.0,Τ21Α,P78.0
15.0,Τ21Α,P78.1
15.0,Τ21Α,Q01
15.0,Τ21Α,Q03
15.0,Τ21Α,Q03.0
15.0,Τ21Α,Q03.1
15.0,Τ21Α,Q03.8
15.0,Τ21Α,Q03.9
15.0,Τ21Α,Q05.0
15.0,Τ21Α,Q05.1
15.0,Τ21Α,Q05.2
15.0,Τ21Α,Q05.3
15.0,Τ21Α,Q05.4
15.0,Τ21Α,Q05.5
15.0,Τ21Α,Q05.6
15.0,Τ21Α,Q05.7
15.0,Τ21Α,Q05.8
15.0,Τ21Α,Q05.9
15.0,Τ21Α,Q34.1
15.0,Τ21Α,Q39.0
15.0,Τ21Α,Q39.1
15.0,Τ21Α,Q39.2
15.0,Τ21Α,Q40.0
15.0,Τ21Α,Q40.1
15.0,Τ21Α,Q41
15.0,Τ21Α,Q41.0
15.0,Τ21Α,Q41.1
15.0,Τ21Α,Q41.2
15.0,Τ21Α,Q41.8
15.0,Τ21Α,Q41.9
15.0,Τ21Α,Q42
15.0,Τ21Α,Q42.0
15.0,Τ21Α,Q42.1
15.0,Τ21Α,Q42.2
15.0,Τ21Α,Q42.3
15.0,Τ21Α,Q42.8
15.0,Τ21Α,Q42.9
15.0,Τ21Α,Q43
15.0,Τ21Α,Q43.0
15.0,Τ21Α,Q43.1
15.0,Τ21Α,Q43.4
15.0,Τ21Α,Q43.7
15.0,Τ21Α,Q44.0
15.0,Τ21Α,Q44.2
15.0,Τ21Α,Q44.3
15.0,Τ21Α,Q44.4
15.0,Τ21Α,Q45.1
15.0,Τ21Α,Q50.2
15.0,Τ21Α,Q64.1
15.0,Τ21Α,Q64.2
15.0,Τ21Α,Q64.3
15.0,Τ21Α,Q79.0
15.0,Τ21Α,Q79.2
15.0,Τ22Α,P05.0
15.0,Τ22Α,P05.0
15.0,Τ22Α,P05.1
15.0,Τ22Α,P05.1
15.0,Τ22Α,P05.9
15.0,Τ22Α,P05.9
15.0,Τ22Α,P07.3
15.0,Τ22Α,P07.3
15.0,Τ22Α,P10
15.0,Τ22Α,P10
15.0,Τ22Α,P10.0
15.0,Τ22Α,P10.0
15.0,Τ22Α,P10.1
15.0,Τ22Α,P10.1
15.0,Τ22Α,P10.2
15.0,Τ22Α,P10.2
15.0,Τ22Α,P10.3
15.0,Τ22Α,P10.4
15.0,Τ22Α,P10.4
15.0,Τ22Α,P10.8
15.0,Τ22Α,P10.8
15.0,Τ22Α,P10.9
15.0,Τ22Α,P10.9
15.0,Τ22Α,P11
15.0,Τ22Α,P11
15.0,Τ22Α,P11.0
15.0,Τ22Α,P11.0
15.0,Τ22Α,P11.1
15.0,Τ22Α,P11.1
15.0,Τ22Α,P11.2
15.0,Τ22Α,P11.2
15.0,Τ22Α,P11.3
15.0,Τ22Α,P11.3
15.0,Τ22Α,P11.4
15.0,Τ22Α,P11.4
15.0,Τ22Α,P11.5
15.0,Τ22Α,P11.5
15.0,Τ22Α,P11.9
15.0,Τ22Α,P11.9
15.0,Τ22Α,P12
15.0,Τ22Α,P12
15.0,Τ22Α,P12.0
15.0,Τ22Α,P12.0
15.0,Τ22Α,P12.1
15.0,Τ22Α,P12.1
15.0,Τ22Α,P12.2
15.0,Τ22Α,P12.2
15.0,Τ22Α,P12.3
15.0,Τ22Α,P12.3
15.0,Τ22Α,P12.4
15.0,Τ22Α,P12.4
15.0,Τ22Α,P12.8
15.0,Τ22Α,P12.8
15.0,Τ22Α,P12.9
15.0,Τ22Α,P12.9
15.0,Τ22Α,P13
15.0,Τ22Α,P13
15.0,Τ22Α,P13.0
15.0,Τ22Α,P13.0
15.0,Τ22Α,P13.1
15.0,Τ22Α,P13.1
15.0,Τ22Α,P13.2
15.0,Τ22Α,P13.2
15.0,Τ22Α,P13.3
15.0,Τ22Α,P13.3
15.0,Τ22Α,P13.4
15.0,Τ22Α,P13.4
15.0,Τ22Α,P13.8
15.0,Τ22Α,P13.8
15.0,Τ22Α,P13.9
15.0,Τ22Α,P13.9
15.0,Τ22Α,P14
15.0,Τ22Α,P14
15.0,Τ22Α,P14.0
15.0,Τ22Α,P14.0
15.0,Τ22Α,P14.1
15.0,Τ22Α,P14.1
15.0,Τ22Α,P14.2
15.0,Τ22Α,P14.2
15.0,Τ22Α,P14.3
15.0,Τ22Α,P14.3
15.0,Τ22Α,P14.8
15.0,Τ22Α,P14.8
15.0,Τ22Α,P14.9
15.0,Τ22Α,P14.9
15.0,Τ22Α,P15.0
15.0,Τ22Α,P15.1
15.0,Τ22Α,P15.2
15.0,Τ22Α,P15.2
15.0,Τ22Α,P15.3
15.0,Τ22Α,P15.3
15.0,Τ22Α,P15.4
15.0,Τ22Α,P15.4
15.0,Τ22Α,P15.6
15.0,Τ22Α,P15.6
15.0,Τ22Α,P15.8
15.0,Τ22Α,P15.8
15.0,Τ22Α,P15.9
15.0,Τ22Α,P15.9
15.0,Τ22Α,P20
15.0,Τ22Α,P20
15.0,Τ22Α,P21
15.0,Τ22Α,P21
15.0,Τ22Α,P21.9
15.0,Τ22Α,P21.9
15.0,Τ22Α,P22
15.0,Τ22Α,P22
15.0,Τ22Α,P22.0
15.0,Τ22Α,P22.0
15.0,Τ22Α,P22.1
15.0,Τ22Α,P22.1
15.0,Τ22Α,P22.8
15.0,Τ22Α,P22.8
15.0,Τ22Α,P22.9
15.0,Τ22Α,P22.9
15.0,Τ22Α,P23
15.0,Τ22Α,P23
15.0,Τ22Α,P23.0
15.0,Τ22Α,P23.0
15.0,Τ22Α,P23.1
15.0,Τ22Α,P23.1
15.0,Τ22Α,P23.2
15.0,Τ22Α,P23.2
15.0,Τ22Α,P23.3
15.0,Τ22Α,P23.3
15.0,Τ22Α,P23.4
15.0,Τ22Α,P23.4
15.0,Τ22Α,P23.5
15.0,Τ22Α,P23.5
15.0,Τ22Α,P23.6
15.0,Τ22Α,P23.6
15.0,Τ22Α,P23.8
15.0,Τ22Α,P23.8
15.0,Τ22Α,P24
15.0,Τ22Α,P24
15.0,Τ22Α,P24.0
15.0,Τ22Α,P24.0
15.0,Τ22Α,P24.1
15.0,Τ22Α,P24.1
15.0,Τ22Α,P24.2
15.0,Τ22Α,P24.2
15.0,Τ22Α,P24.3
15.0,Τ22Α,P24.3
15.0,Τ22Α,P24.8
15.0,Τ22Α,P24.8
15.0,Τ22Α,P24.9
15.0,Τ22Α,P24.9
15.0,Τ22Α,P25
15.0,Τ22Α,P25
15.0,Τ22Α,P25.0
15.0,Τ22Α,P25.0
15.0,Τ22Α,P25.1
15.0,Τ22Α,P25.1
15.0,Τ22Α,P25.2
15.0,Τ22Α,P25.2
15.0,Τ22Α,P25.3
15.0,Τ22Α,P25.3
15.0,Τ22Α,P25.8
15.0,Τ22Α,P25.8
15.0,Τ22Α,P26
15.0,Τ22Α,P26
15.0,Τ22Α,P26.0
15.0,Τ22Α,P26.0
15.0,Τ22Α,P26.1
15.0,Τ22Α,P26.1
15.0,Τ22Α,P26.8
15.0,Τ22Α,P26.8
15.0,Τ22Α,P26.9
15.0,Τ22Α,P26.9
15.0,Τ22Α,P27
15.0,Τ22Α,P27
15.0,Τ22Α,P27.0
15.0,Τ22Α,P27.0
15.0,Τ22Α,P27.1
15.0,Τ22Α,P27.8
15.0,Τ22Α,P27.8
15.0,Τ22Α,P27.9
15.0,Τ22Α,P27.9
15.0,Τ22Α,P28
15.0,Τ22Α,P28
15.0,Τ22Α,P28.0
15.0,Τ22Α,P28.0
15.0,Τ22Α,P28.1
15.0,Τ22Α,P28.1
15.0,Τ22Α,P28.2
15.0,Τ22Α,P28.2
15.0,Τ22Α,P28.3
15.0,Τ22Α,P28.4
15.0,Τ22Α,P28.4
15.0,Τ22Α,P28.5
15.0,Τ22Α,P28.5
15.0,Τ22Α,P28.8
15.0,Τ22Α,P28.8
15.0,Τ22Α,P28.9
15.0,Τ22Α,P28.9
15.0,Τ22Α,P29
15.0,Τ22Α,P29
15.0,Τ22Α,P29.0
15.0,Τ22Α,P29.0
15.0,Τ22Α,P29.1
15.0,Τ22Α,P29.1
15.0,Τ22Α,P29.2
15.0,Τ22Α,P29.2
15.0,Τ22Α,P29.3
15.0,Τ22Α,P29.3
15.0,Τ22Α,P29.4
15.0,Τ22Α,P29.4
15.0,Τ22Α,P29.9
15.0,Τ22Α,P29.9
15.0,Τ22Α,P35
15.0,Τ22Α,P35
15.0,Τ22Α,P35.0
15.0,Τ22Α,P35.0
15.0,Τ22Α,P35.1
15.0,Τ22Α,P35.1
15.0,Τ22Α,P35.3
15.0,Τ22Α,P35.3
15.0,Τ22Α,P35.8
15.0,Τ22Α,P35.8
15.0,Τ22Α,P35.9
15.0,Τ22Α,P35.9
15.0,Τ22Α,P36
15.0,Τ22Α,P36
15.0,Τ22Α,P36.0
15.0,Τ22Α,P36.0
15.0,Τ22Α,P36.1
15.0,Τ22Α,P36.1
15.0,Τ22Α,P36.2
15.0,Τ22Α,P36.2
15.0,Τ22Α,P36.3
15.0,Τ22Α,P36.3
15.0,Τ22Α,P36.4
15.0,Τ22Α,P36.4
15.0,Τ22Α,P36.5
15.0,Τ22Α,P36.5
15.0,Τ22Α,P36.8
15.0,Τ22Α,P36.8
15.0,Τ22Α,P36.9
15.0,Τ22Α,P36.9
15.0,Τ22Α,P37
15.0,Τ22Α,P37
15.0,Τ22Α,P37.0
15.0,Τ22Α,P37.0
15.0,Τ22Α,P37.1
15.0,Τ22Α,P37.1
15.0,Τ22Α,P37.2
15.0,Τ22Α,P37.2
15.0,Τ22Α,P37.3
15.0,Τ22Α,P37.3
15.0,Τ22Α,P37.4
15.0,Τ22Α,P37.4
15.0,Τ22Α,P37.5
15.0,Τ22Α,P37.5
15.0,Τ22Α,P37.8
15.0,Τ22Α,P37.8
15.0,Τ22Α,P37.9
15.0,Τ22Α,P37.9
15.0,Τ22Α,P38
15.0,Τ22Α,P38
15.0,Τ22Α,P39
15.0,Τ22Α,P39
15.0,Τ22Α,P39.0
15.0,Τ22Α,P39.0
15.0,Τ22Α,P39.1
15.0,Τ22Α,P39.1
15.0,Τ22Α,P39.2
15.0,Τ22Α,P39.2
15.0,Τ22Α,P39.4
15.0,Τ22Α,P39.4
15.0,Τ22Α,P50
15.0,Τ22Α,P50
15.0,Τ22Α,P50.0
15.0,Τ22Α,P50.0
15.0,Τ22Α,P50.1
15.0,Τ22Α,P50.1
15.0,Τ22Α,P50.2
15.0,Τ22Α,P50.2
15.0,Τ22Α,P50.3
15.0,Τ22Α,P50.3
15.0,Τ22Α,P50.4
15.0,Τ22Α,P50.4
15.0,Τ22Α,P50.5
15.0,Τ22Α,P50.5
15.0,Τ22Α,P50.8
15.0,Τ22Α,P50.8
15.0,Τ22Α,P50.9
15.0,Τ22Α,P50.9
15.0,Τ22Α,P51
15.0,Τ22Α,P51
15.0,Τ22Α,P51.0
15.0,Τ22Α,P51.0
15.0,Τ22Α,P51.8
15.0,Τ22Α,P51.8
15.0,Τ22Α,P51.9
15.0,Τ22Α,P51.9
15.0,Τ22Α,P52
15.0,Τ22Α,P52
15.0,Τ22Α,P52.0
15.0,Τ22Α,P52.0
15.0,Τ22Α,P52.1
15.0,Τ22Α,P52.1
15.0,Τ22Α,P52.2
15.0,Τ22Α,P52.2
15.0,Τ22Α,P52.3
15.0,Τ22Α,P52.3
15.0,Τ22Α,P52.4
15.0,Τ22Α,P52.4
15.0,Τ22Α,P52.5
15.0,Τ22Α,P52.5
15.0,Τ22Α,P52.6
15.0,Τ22Α,P52.6
15.0,Τ22Α,P52.8
15.0,Τ22Α,P52.8
15.0,Τ22Α,P52.9
15.0,Τ22Α,P52.9
15.0,Τ22Α,P53
15.0,Τ22Α,P53
15.0,Τ22Α,P54
15.0,Τ22Α,P54
15.0,Τ22Α,P54.0
15.0,Τ22Α,P54.0
15.0,Τ22Α,P54.1
15.0,Τ22Α,P54.1
15.0,Τ22Α,P54.2
15.0,Τ22Α,P54.2
15.0,Τ22Α,P54.3
15.0,Τ22Α,P54.3
15.0,Τ22Α,P54.4
15.0,Τ22Α,P54.4
15.0,Τ22Α,P54.5
15.0,Τ22Α,P54.5
15.0,Τ22Α,P54.6
15.0,Τ22Α,P54.6
15.0,Τ22Α,P54.8
15.0,Τ22Α,P54.8
15.0,Τ22Α,P54.9
15.0,Τ22Α,P54.9
15.0,Τ22Α,P55
15.0,Τ22Α,P55
15.0,Τ22Α,P55.1
15.0,Τ22Α,P55.1
15.0,Τ22Α,P55.8
15.0,Τ22Α,P55.8
15.0,Τ22Α,P55.9
15.0,Τ22Α,P55.9
15.0,Τ22Α,P56
15.0,Τ22Α,P56
15.0,Τ22Α,P56.0
15.0,Τ22Α,P56.0
15.0,Τ22Α,P56.9
15.0,Τ22Α,P56.9
15.0,Τ22Α,P57
15.0,Τ22Α,P57
15.0,Τ22Α,P57.8
15.0,Τ22Α,P57.8
15.0,Τ22Α,P57.9
15.0,Τ22Α,P57.9
15.0,Τ22Α,P58
15.0,Τ22Α,P58
15.0,Τ22Α,P58.0
15.0,Τ22Α,P58.0
15.0,Τ22Α,P58.1
15.0,Τ22Α,P58.1
15.0,Τ22Α,P58.2
15.0,Τ22Α,P58.2
15.0,Τ22Α,P58.4
15.0,Τ22Α,P58.4
15.0,Τ22Α,P58.8
15.0,Τ22Α,P58.8
15.0,Τ22Α,P58.9
15.0,Τ22Α,P58.9
15.0,Τ22Α,P59
15.0,Τ22Α,P59
15.0,Τ22Α,P59.0
15.0,Τ22Α,P59.0
15.0,Τ22Α,P59.1
15.0,Τ22Α,P59.1
15.0,Τ22Α,P59.2
15.0,Τ22Α,P59.2
15.0,Τ22Α,P59.3
15.0,Τ22Α,P59.3
15.0,Τ22Α,P59.8
15.0,Τ22Α,P59.8
15.0,Τ22Α,P59.9
15.0,Τ22Α,P59.9
15.0,Τ22Α,P60
15.0,Τ22Α,P60
15.0,Τ22Α,P61
15.0,Τ22Α,P61
15.0,Τ22Α,P61.0
15.0,Τ22Α,P61.0
15.0,Τ22Α,P61.1
15.0,Τ22Α,P61.1
15.0,Τ22Α,P61.2
15.0,Τ22Α,P61.2
15.0,Τ22Α,P61.3
15.0,Τ22Α,P61.3
15.0,Τ22Α,P61.4
15.0,Τ22Α,P61.4
15.0,Τ22Α,P61.5
15.0,Τ22Α,P61.5
15.0,Τ22Α,P61.6
15.0,Τ22Α,P61.6
15.0,Τ22Α,P61.8
15.0,Τ22Α,P61.8
15.0,Τ22Α,P61.9
15.0,Τ22Α,P61.9
15.0,Τ22Α,P70
15.0,Τ22Α,P70
15.0,Τ22Α,P70.0
15.0,Τ22Α,P70.0
15.0,Τ22Α,P70.1
15.0,Τ22Α,P70.1
15.0,Τ22Α,P70.2
15.0,Τ22Α,P70.2
15.0,Τ22Α,P70.3
15.0,Τ22Α,P70.3
15.0,Τ22Α,P70.4
15.0,Τ22Α,P70.4
15.0,Τ22Α,P70.8
15.0,Τ22Α,P70.8
15.0,Τ22Α,P70.9
15.0,Τ22Α,P70.9
15.0,Τ22Α,P71
15.0,Τ22Α,P71
15.0,Τ22Α,P71.0
15.0,Τ22Α,P71.0
15.0,Τ22Α,P71.1
15.0,Τ22Α,P71.1
15.0,Τ22Α,P71.2
15.0,Τ22Α,P71.2
15.0,Τ22Α,P71.3
15.0,Τ22Α,P71.3
15.0,Τ22Α,P71.4
15.0,Τ22Α,P71.4
15.0,Τ22Α,P71.8
15.0,Τ22Α,P71.8
15.0,Τ22Α,P71.9
15.0,Τ22Α,P71.9
15.0,Τ22Α,P72
15.0,Τ22Α,P72
15.0,Τ22Α,P72.0
15.0,Τ22Α,P72.0
15.0,Τ22Α,P72.1
15.0,Τ22Α,P72.1
15.0,Τ22Α,P72.2
15.0,Τ22Α,P72.2
15.0,Τ22Α,P72.8
15.0,Τ22Α,P72.8
15.0,Τ22Α,P72.9
15.0,Τ22Α,P72.9
15.0,Τ22Α,P74
15.0,Τ22Α,P74
15.0,Τ22Α,P74.0
15.0,Τ22Α,P74.1
15.0,Τ22Α,P74.1
15.0,Τ22Α,P74.2
15.0,Τ22Α,P74.2
15.0,Τ22Α,P74.3
15.0,Τ22Α,P74.3
15.0,Τ22Α,P74.4
15.0,Τ22Α,P74.4
15.0,Τ22Α,P74.5
15.0,Τ22Α,P74.5
15.0,Τ22Α,P74.8
15.0,Τ22Α,P74.8
15.0,Τ22Α,P74.9
15.0,Τ22Α,P74.9
15.0,Τ22Α,P75
15.0,Τ22Α,P75
15.0,Τ22Α,P76
15.0,Τ22Α,P76
15.0,Τ22Α,P76.0
15.0,Τ22Α,P76.0
15.0,Τ22Α,P76.1
15.0,Τ22Α,P76.1
15.0,Τ22Α,P77
15.0,Τ22Α,P77
15.0,Τ22Α,P78
15.0,Τ22Α,P78
15.0,Τ22Α,P78.0
15.0,Τ22Α,P78.1
15.0,Τ22Α,P78.2
15.0,Τ22Α,P78.2
15.0,Τ22Α,P78.3
15.0,Τ22Α,P78.3
15.0,Τ22Α,P78.8
15.0,Τ22Α,P78.8
15.0,Τ22Α,P78.9
15.0,Τ22Α,P78.9
15.0,Τ22Α,P80
15.0,Τ22Α,P80
15.0,Τ22Α,P81
15.0,Τ22Α,P81
15.0,Τ22Α,P81.0
15.0,Τ22Α,P81.0
15.0,Τ22Α,P81.8
15.0,Τ22Α,P81.8
15.0,Τ22Α,P81.9
15.0,Τ22Α,P81.9
15.0,Τ22Α,P82
15.0,Τ22Α,P82
15.0,Τ22Α,P83
15.0,Τ22Α,P83
15.0,Τ22Α,P83.0
15.0,Τ22Α,P83.0
15.0,Τ22Α,P83.1
15.0,Τ22Α,P83.1
15.0,Τ22Α,P83.2
15.0,Τ22Α,P83.2
15.0,Τ22Α,P83.3
15.0,Τ22Α,P83.3
15.0,Τ22Α,P83.4
15.0,Τ22Α,P83.4
15.0,Τ22Α,P83.5
15.0,Τ22Α,P83.5
15.0,Τ22Α,P83.6
15.0,Τ22Α,P83.6
15.0,Τ22Α,P83.8
15.0,Τ22Α,P83.8
15.0,Τ22Α,P83.9
15.0,Τ22Α,P83.9
15.0,Τ22Α,P84
15.0,Τ22Α,P84
15.0,Τ22Α,P85
15.0,Τ22Α,P85
15.0,Τ22Α,P90
15.0,Τ22Α,P90
15.0,Τ22Α,P91
15.0,Τ22Α,P91
15.0,Τ22Α,P91.0
15.0,Τ22Α,P91.0
15.0,Τ22Α,P91.1
15.0,Τ22Α,P91.1
15.0,Τ22Α,P91.2
15.0,Τ22Α,P91.2
15.0,Τ22Α,P91.3
15.0,Τ22Α,P91.3
15.0,Τ22Α,P91.4
15.0,Τ22Α,P91.4
15.0,Τ22Α,P91.5
15.0,Τ22Α,P91.5
15.0,Τ22Α,P91.8
15.0,Τ22Α,P91.8
15.0,Τ22Α,P91.9
15.0,Τ22Α,P91.9
15.0,Τ22Α,P92
15.0,Τ22Α,P92
15.0,Τ22Α,P92.0
15.0,Τ22Α,P92.0
15.0,Τ22Α,P92.2
15.0,Τ22Α,P92.2
15.0,Τ22Α,P92.3
15.0,Τ22Α,P92.3
15.0,Τ22Α,P92.4
15.0,Τ22Α,P92.4
15.0,Τ22Α,P92.8
15.0,Τ22Α,P92.8
15.0,Τ22Α,P92.9
15.0,Τ22Α,P92.9
15.0,Τ22Α,P93
15.0,Τ22Α,P93
15.0,Τ22Α,P94
15.0,Τ22Α,P94
15.0,Τ22Α,P94.0
15.0,Τ22Α,P94.0
15.0,Τ22Α,P94.1
15.0,Τ22Α,P94.1
15.0,Τ22Α,P94.2
15.0,Τ22Α,P94.2
15.0,Τ22Α,P94.8
15.0,Τ22Α,P94.8
15.0,Τ22Α,P94.9
15.0,Τ22Α,P94.9
15.0,Τ22Α,P95
15.0,Τ22Α,P95
15.0,Τ22Α,P96.0
15.0,Τ22Α,P96.0
15.0,Τ22Α,P96.1
15.0,Τ22Α,P96.1
15.0,Τ22Α,P96.2
15.0,Τ22Α,P96.2
15.0,Τ22Α,Q00
15.0,Τ22Α,Q00
15.0,Τ22Α,Q00.0
15.0,Τ22Α,Q00.0
15.0,Τ22Α,Q00.1
15.0,Τ22Α,Q00.1
15.0,Τ22Α,Q00.2
15.0,Τ22Α,Q00.2
15.0,Τ22Α,Q01
15.0,Τ22Α,Q02
15.0,Τ22Α,Q02
15.0,Τ22Α,Q03
15.0,Τ22Α,Q03.0
15.0,Τ22Α,Q03.1
15.0,Τ22Α,Q03.8
15.0,Τ22Α,Q03.9
15.0,Τ22Α,Q04
15.0,Τ22Α,Q04
15.0,Τ22Α,Q04.0
15.0,Τ22Α,Q04.0
15.0,Τ22Α,Q04.1
15.0,Τ22Α,Q04.1
15.0,Τ22Α,Q04.2
15.0,Τ22Α,Q04.2
15.0,Τ22Α,Q04.3
15.0,Τ22Α,Q04.3
15.0,Τ22Α,Q04.4
15.0,Τ22Α,Q04.4
15.0,Τ22Α,Q04.5
15.0,Τ22Α,Q04.5
15.0,Τ22Α,Q04.6
15.0,Τ22Α,Q04.6
15.0,Τ22Α,Q04.8
15.0,Τ22Α,Q04.8
15.0,Τ22Α,Q04.9
15.0,Τ22Α,Q04.9
15.0,Τ22Α,Q05
15.0,Τ22Α,Q05
15.0,Τ22Α,Q05.0
15.0,Τ22Α,Q05.1
15.0,Τ22Α,Q05.2
15.0,Τ22Α,Q05.3
15.0,Τ22Α,Q05.4
15.0,Τ22Α,Q05.5
15.0,Τ22Α,Q05.6
15.0,Τ22Α,Q05.7
15.0,Τ22Α,Q05.8
15.0,Τ22Α,Q05.9
15.0,Τ22Α,Q06
15.0,Τ22Α,Q06
15.0,Τ22Α,Q06.1
15.0,Τ22Α,Q06.1
15.0,Τ22Α,Q06.2
15.0,Τ22Α,Q06.2
15.0,Τ22Α,Q06.3
15.0,Τ22Α,Q06.3
15.0,Τ22Α,Q06.4
15.0,Τ22Α,Q06.4
15.0,Τ22Α,Q06.9
15.0,Τ22Α,Q06.9
15.0,Τ22Α,Q07
15.0,Τ22Α,Q07
15.0,Τ22Α,Q07.0
15.0,Τ22Α,Q07.0
15.0,Τ22Α,Q07.8
15.0,Τ22Α,Q07.8
15.0,Τ22Α,Q07.9
15.0,Τ22Α,Q07.9
15.0,Τ22Α,Q10
15.0,Τ22Α,Q10
15.0,Τ22Α,Q10.0
15.0,Τ22Α,Q10.0
15.0,Τ22Α,Q10.1
15.0,Τ22Α,Q10.1
15.0,Τ22Α,Q10.2
15.0,Τ22Α,Q10.2
15.0,Τ22Α,Q10.4
15.0,Τ22Α,Q10.4
15.0,Τ22Α,Q10.5
15.0,Τ22Α,Q10.5
15.0,Τ22Α,Q10.6
15.0,Τ22Α,Q10.6
15.0,Τ22Α,Q10.7
15.0,Τ22Α,Q10.7
15.0,Τ22Α,Q11
15.0,Τ22Α,Q11
15.0,Τ22Α,Q11.0
15.0,Τ22Α,Q11.0
15.0,Τ22Α,Q11.1
15.0,Τ22Α,Q11.1
15.0,Τ22Α,Q11.2
15.0,Τ22Α,Q11.2
15.0,Τ22Α,Q11.3
15.0,Τ22Α,Q11.3
15.0,Τ22Α,Q12
15.0,Τ22Α,Q12
15.0,Τ22Α,Q12.0
15.0,Τ22Α,Q12.0
15.0,Τ22Α,Q12.1
15.0,Τ22Α,Q12.1
15.0,Τ22Α,Q12.2
15.0,Τ22Α,Q12.2
15.0,Τ22Α,Q12.3
15.0,Τ22Α,Q12.3
15.0,Τ22Α,Q12.4
15.0,Τ22Α,Q12.4
15.0,Τ22Α,Q12.8
15.0,Τ22Α,Q12.8
15.0,Τ22Α,Q12.9
15.0,Τ22Α,Q12.9
15.0,Τ22Α,Q13
15.0,Τ22Α,Q13
15.0,Τ22Α,Q13.0
15.0,Τ22Α,Q13.0
15.0,Τ22Α,Q13.1
15.0,Τ22Α,Q13.1
15.0,Τ22Α,Q13.2
15.0,Τ22Α,Q13.2
15.0,Τ22Α,Q13.3
15.0,Τ22Α,Q13.3
15.0,Τ22Α,Q13.4
15.0,Τ22Α,Q13.4
15.0,Τ22Α,Q13.5
15.0,Τ22Α,Q13.5
15.0,Τ22Α,Q13.8
15.0,Τ22Α,Q13.8
15.0,Τ22Α,Q13.9
15.0,Τ22Α,Q13.9
15.0,Τ22Α,Q14.0
15.0,Τ22Α,Q14.0
15.0,Τ22Α,Q14.1
15.0,Τ22Α,Q14.1
15.0,Τ22Α,Q14.2
15.0,Τ22Α,Q14.2
15.0,Τ22Α,Q14.3
15.0,Τ22Α,Q14.3
15.0,Τ22Α,Q14.8
15.0,Τ22Α,Q14.8
15.0,Τ22Α,Q14.9
15.0,Τ22Α,Q14.9
15.0,Τ22Α,Q15
15.0,Τ22Α,Q15
15.0,Τ22Α,Q15.0
15.0,Τ22Α,Q15.0
15.0,Τ22Α,Q15.8
15.0,Τ22Α,Q15.8
15.0,Τ22Α,Q15.9
15.0,Τ22Α,Q15.9
15.0,Τ22Α,Q16
15.0,Τ22Α,Q16
15.0,Τ22Α,Q16.0
15.0,Τ22Α,Q16.0
15.0,Τ22Α,Q16.1
15.0,Τ22Α,Q16.1
15.0,Τ22Α,Q16.2
15.0,Τ22Α,Q16.2
15.0,Τ22Α,Q16.3
15.0,Τ22Α,Q16.3
15.0,Τ22Α,Q16.4
15.0,Τ22Α,Q16.4
15.0,Τ22Α,Q16.5
15.0,Τ22Α,Q16.5
15.0,Τ22Α,Q16.9
15.0,Τ22Α,Q16.9
15.0,Τ22Α,Q17
15.0,Τ22Α,Q17
15.0,Τ22Α,Q17.0
15.0,Τ22Α,Q17.0
15.0,Τ22Α,Q17.1
15.0,Τ22Α,Q17.1
15.0,Τ22Α,Q17.2
15.0,Τ22Α,Q17.2
15.0,Τ22Α,Q17.3
15.0,Τ22Α,Q17.3
15.0,Τ22Α,Q17.4
15.0,Τ22Α,Q17.4
15.0,Τ22Α,Q17.5
15.0,Τ22Α,Q17.5
15.0,Τ22Α,Q17.8
15.0,Τ22Α,Q17.8
15.0,Τ22Α,Q17.9
15.0,Τ22Α,Q17.9
15.0,Τ22Α,Q18
15.0,Τ22Α,Q18
15.0,Τ22Α,Q18.0
15.0,Τ22Α,Q18.0
15.0,Τ22Α,Q18.1
15.0,Τ22Α,Q18.1
15.0,Τ22Α,Q18.2
15.0,Τ22Α,Q18.2
15.0,Τ22Α,Q18.3
15.0,Τ22Α,Q18.3
15.0,Τ22Α,Q18.4
15.0,Τ22Α,Q18.4
15.0,Τ22Α,Q18.5
15.0,Τ22Α,Q18.5
15.0,Τ22Α,Q18.6
15.0,Τ22Α,Q18.6
15.0,Τ22Α,Q18.7
15.0,Τ22Α,Q18.7
15.0,Τ22Α,Q18.8
15.0,Τ22Α,Q18.8
15.0,Τ22Α,Q18.9
15.0,Τ22Α,Q18.9
15.0,Τ22Α,Q20
15.0,Τ22Α,Q20
15.0,Τ22Α,Q20.0
15.0,Τ22Α,Q20.0
15.0,Τ22Α,Q20.1
15.0,Τ22Α,Q20.1
15.0,Τ22Α,Q20.2
15.0,Τ22Α,Q20.2
15.0,Τ22Α,Q20.3
15.0,Τ22Α,Q20.3
15.0,Τ22Α,Q20.4
15.0,Τ22Α,Q20.4
15.0,Τ22Α,Q20.5
15.0,Τ22Α,Q20.5
15.0,Τ22Α,Q20.6
15.0,Τ22Α,Q20.6
15.0,Τ22Α,Q20.8
15.0,Τ22Α,Q20.8
15.0,Τ22Α,Q20.9
15.0,Τ22Α,Q20.9
15.0,Τ22Α,Q21
15.0,Τ22Α,Q21
15.0,Τ22Α,Q21.0
15.0,Τ22Α,Q21.0
15.0,Τ22Α,Q21.1
15.0,Τ22Α,Q21.1
15.0,Τ22Α,Q21.2
15.0,Τ22Α,Q21.2
15.0,Τ22Α,Q21.3
15.0,Τ22Α,Q21.3
15.0,Τ22Α,Q21.4
15.0,Τ22Α,Q21.4
15.0,Τ22Α,Q21.8
15.0,Τ22Α,Q21.8
15.0,Τ22Α,Q21.9
15.0,Τ22Α,Q21.9
15.0,Τ22Α,Q22
15.0,Τ22Α,Q22
15.0,Τ22Α,Q22.0
15.0,Τ22Α,Q22.0
15.0,Τ22Α,Q22.1
15.0,Τ22Α,Q22.1
15.0,Τ22Α,Q22.2
15.0,Τ22Α,Q22.2
15.0,Τ22Α,Q22.3
15.0,Τ22Α,Q22.3
15.0,Τ22Α,Q22.4
15.0,Τ22Α,Q22.4
15.0,Τ22Α,Q22.5
15.0,Τ22Α,Q22.5
15.0,Τ22Α,Q22.6
15.0,Τ22Α,Q22.6
15.0,Τ22Α,Q22.8
15.0,Τ22Α,Q22.8
15.0,Τ22Α,Q22.9
15.0,Τ22Α,Q22.9
15.0,Τ22Α,Q23
15.0,Τ22Α,Q23
15.0,Τ22Α,Q23.0
15.0,Τ22Α,Q23.0
15.0,Τ22Α,Q23.1
15.0,Τ22Α,Q23.1
15.0,Τ22Α,Q23.2
15.0,Τ22Α,Q23.2
15.0,Τ22Α,Q23.3
15.0,Τ22Α,Q23.3
15.0,Τ22Α,Q23.4
15.0,Τ22Α,Q23.4
15.0,Τ22Α,Q23.8
15.0,Τ22Α,Q23.8
15.0,Τ22Α,Q23.9
15.0,Τ22Α,Q23.9
15.0,Τ22Α,Q24
15.0,Τ22Α,Q24
15.0,Τ22Α,Q24.0
15.0,Τ22Α,Q24.0
15.0,Τ22Α,Q24.1
15.0,Τ22Α,Q24.1
15.0,Τ22Α,Q24.2
15.0,Τ22Α,Q24.2
15.0,Τ22Α,Q24.3
15.0,Τ22Α,Q24.3
15.0,Τ22Α,Q24.4
15.0,Τ22Α,Q24.4
15.0,Τ22Α,Q24.5
15.0,Τ22Α,Q24.5
15.0,Τ22Α,Q24.6
15.0,Τ22Α,Q24.6
15.0,Τ22Α,Q24.8
15.0,Τ22Α,Q24.8
15.0,Τ22Α,Q24.9
15.0,Τ22Α,Q24.9
15.0,Τ22Α,Q25
15.0,Τ22Α,Q25
15.0,Τ22Α,Q25.0
15.0,Τ22Α,Q25.0
15.0,Τ22Α,Q25.1
15.0,Τ22Α,Q25.1
15.0,Τ22Α,Q25.2
15.0,Τ22Α,Q25.2
15.0,Τ22Α,Q25.3
15.0,Τ22Α,Q25.3
15.0,Τ22Α,Q25.5
15.0,Τ22Α,Q25.5
15.0,Τ22Α,Q25.6
15.0,Τ22Α,Q25.6
15.0,Τ22Α,Q25.8
15.0,Τ22Α,Q25.8
15.0,Τ22Α,Q25.9
15.0,Τ22Α,Q25.9
15.0,Τ22Α,Q26
15.0,Τ22Α,Q26
15.0,Τ22Α,Q26.0
15.0,Τ22Α,Q26.0
15.0,Τ22Α,Q26.1
15.0,Τ22Α,Q26.1
15.0,Τ22Α,Q26.2
15.0,Τ22Α,Q26.2
15.0,Τ22Α,Q26.3
15.0,Τ22Α,Q26.3
15.0,Τ22Α,Q26.4
15.0,Τ22Α,Q26.4
15.0,Τ22Α,Q26.5
15.0,Τ22Α,Q26.5
15.0,Τ22Α,Q26.6
15.0,Τ22Α,Q26.6
15.0,Τ22Α,Q26.8
15.0,Τ22Α,Q26.8
15.0,Τ22Α,Q26.9
15.0,Τ22Α,Q26.9
15.0,Τ22Α,Q27
15.0,Τ22Α,Q27
15.0,Τ22Α,Q27.0
15.0,Τ22Α,Q27.0
15.0,Τ22Α,Q27.1
15.0,Τ22Α,Q27.1
15.0,Τ22Α,Q27.2
15.0,Τ22Α,Q27.2
15.0,Τ22Α,Q27.3
15.0,Τ22Α,Q27.3
15.0,Τ22Α,Q27.4
15.0,Τ22Α,Q27.4
15.0,Τ22Α,Q27.9
15.0,Τ22Α,Q27.9
15.0,Τ22Α,Q28
15.0,Τ22Α,Q28
15.0,Τ22Α,Q28.0
15.0,Τ22Α,Q28.0
15.0,Τ22Α,Q28.1
15.0,Τ22Α,Q28.1
15.0,Τ22Α,Q28.2
15.0,Τ22Α,Q28.2
15.0,Τ22Α,Q28.3
15.0,Τ22Α,Q28.3
15.0,Τ22Α,Q28.8
15.0,Τ22Α,Q28.8
15.0,Τ22Α,Q28.9
15.0,Τ22Α,Q28.9
15.0,Τ22Α,Q30
15.0,Τ22Α,Q30
15.0,Τ22Α,Q30.0
15.0,Τ22Α,Q30.0
15.0,Τ22Α,Q30.1
15.0,Τ22Α,Q30.1
15.0,Τ22Α,Q30.2
15.0,Τ22Α,Q30.2
15.0,Τ22Α,Q30.3
15.0,Τ22Α,Q30.3
15.0,Τ22Α,Q30.8
15.0,Τ22Α,Q30.8
15.0,Τ22Α,Q30.9
15.0,Τ22Α,Q30.9
15.0,Τ22Α,Q31
15.0,Τ22Α,Q31
15.0,Τ22Α,Q31.0
15.0,Τ22Α,Q31.0
15.0,Τ22Α,Q31.1
15.0,Τ22Α,Q31.1
15.0,Τ22Α,Q31.2
15.0,Τ22Α,Q31.2
15.0,Τ22Α,Q31.3
15.0,Τ22Α,Q31.3
15.0,Τ22Α,Q31.4
15.0,Τ22Α,Q31.4
15.0,Τ22Α,Q31.9
15.0,Τ22Α,Q31.9
15.0,Τ22Α,Q32
15.0,Τ22Α,Q32
15.0,Τ22Α,Q32.0
15.0,Τ22Α,Q32.0
15.0,Τ22Α,Q32.1
15.0,Τ22Α,Q32.1
15.0,Τ22Α,Q32.2
15.0,Τ22Α,Q32.2
15.0,Τ22Α,Q32.3
15.0,Τ22Α,Q32.3
15.0,Τ22Α,Q32.4
15.0,Τ22Α,Q32.4
15.0,Τ22Α,Q33
15.0,Τ22Α,Q33
15.0,Τ22Α,Q33.0
15.0,Τ22Α,Q33.0
15.0,Τ22Α,Q33.1
15.0,Τ22Α,Q33.1
15.0,Τ22Α,Q33.2
15.0,Τ22Α,Q33.2
15.0,Τ22Α,Q33.3
15.0,Τ22Α,Q33.3
15.0,Τ22Α,Q33.4
15.0,Τ22Α,Q33.4
15.0,Τ22Α,Q33.5
15.0,Τ22Α,Q33.5
15.0,Τ22Α,Q33.6
15.0,Τ22Α,Q33.6
15.0,Τ22Α,Q33.8
15.0,Τ22Α,Q33.8
15.0,Τ22Α,Q33.9
15.0,Τ22Α,Q33.9
15.0,Τ22Α,Q34
15.0,Τ22Α,Q34
15.0,Τ22Α,Q34.0
15.0,Τ22Α,Q34.0
15.0,Τ22Α,Q34.1
15.0,Τ22Α,Q34.9
15.0,Τ22Α,Q34.9
15.0,Τ22Α,Q35
15.0,Τ22Α,Q35
15.0,Τ22Α,Q35.0
15.0,Τ22Α,Q35.0
15.0,Τ22Α,Q35.1
15.0,Τ22Α,Q35.1
15.0,Τ22Α,Q35.2
15.0,Τ22Α,Q35.2
15.0,Τ22Α,Q35.3
15.0,Τ22Α,Q35.3
15.0,Τ22Α,Q35.4
15.0,Τ22Α,Q35.4
15.0,Τ22Α,Q35.5
15.0,Τ22Α,Q35.5
15.0,Τ22Α,Q35.6
15.0,Τ22Α,Q35.6
15.0,Τ22Α,Q35.7
15.0,Τ22Α,Q35.7
15.0,Τ22Α,Q35.8
15.0,Τ22Α,Q35.8
15.0,Τ22Α,Q35.9
15.0,Τ22Α,Q35.9
15.0,Τ22Α,Q36
15.0,Τ22Α,Q36
15.0,Τ22Α,Q36.0
15.0,Τ22Α,Q36.0
15.0,Τ22Α,Q36.1
15.0,Τ22Α,Q36.1
15.0,Τ22Α,Q36.9
15.0,Τ22Α,Q36.9
15.0,Τ22Α,Q37
15.0,Τ22Α,Q37
15.0,Τ22Α,Q37.0
15.0,Τ22Α,Q37.0
15.0,Τ22Α,Q37.1
15.0,Τ22Α,Q37.1
15.0,Τ22Α,Q37.2
15.0,Τ22Α,Q37.2
15.0,Τ22Α,Q37.3
15.0,Τ22Α,Q37.3
15.0,Τ22Α,Q37.4
15.0,Τ22Α,Q37.4
15.0,Τ22Α,Q37.5
15.0,Τ22Α,Q37.5
15.0,Τ22Α,Q37.8
15.0,Τ22Α,Q37.8
15.0,Τ22Α,Q37.9
15.0,Τ22Α,Q37.9
15.0,Τ22Α,Q38
15.0,Τ22Α,Q38
15.0,Τ22Α,Q38.0
15.0,Τ22Α,Q38.0
15.0,Τ22Α,Q38.1
15.0,Τ22Α,Q38.1
15.0,Τ22Α,Q38.2
15.0,Τ22Α,Q38.2
15.0,Τ22Α,Q38.3
15.0,Τ22Α,Q38.3
15.0,Τ22Α,Q38.4
15.0,Τ22Α,Q38.4
15.0,Τ22Α,Q38.5
15.0,Τ22Α,Q38.5
15.0,Τ22Α,Q38.6
15.0,Τ22Α,Q38.6
15.0,Τ22Α,Q38.7
15.0,Τ22Α,Q38.7
15.0,Τ22Α,Q38.8
15.0,Τ22Α,Q38.8
15.0,Τ22Α,Q39
15.0,Τ22Α,Q39
15.0,Τ22Α,Q39.0
15.0,Τ22Α,Q39.1
15.0,Τ22Α,Q39.2
15.0,Τ22Α,Q40
15.0,Τ22Α,Q40
15.0,Τ22Α,Q40.0
15.0,Τ22Α,Q40.1
15.0,Τ22Α,Q40.3
15.0,Τ22Α,Q40.3
15.0,Τ22Α,Q41
15.0,Τ22Α,Q41.0
15.0,Τ22Α,Q41.1
15.0,Τ22Α,Q41.2
15.0,Τ22Α,Q41.8
15.0,Τ22Α,Q41.9
15.0,Τ22Α,Q42
15.0,Τ22Α,Q42.0
15.0,Τ22Α,Q42.1
15.0,Τ22Α,Q42.2
15.0,Τ22Α,Q42.3
15.0,Τ22Α,Q42.8
15.0,Τ22Α,Q42.9
15.0,Τ22Α,Q43
15.0,Τ22Α,Q43.0
15.0,Τ22Α,Q43.1
15.0,Τ22Α,Q43.2
15.0,Τ22Α,Q43.2
15.0,Τ22Α,Q43.4
15.0,Τ22Α,Q43.5
15.0,Τ22Α,Q43.5
15.0,Τ22Α,Q43.6
15.0,Τ22Α,Q43.6
15.0,Τ22Α,Q43.7
15.0,Τ22Α,Q43.9
15.0,Τ22Α,Q43.9
15.0,Τ22Α,Q44
15.0,Τ22Α,Q44
15.0,Τ22Α,Q44.0
15.0,Τ22Α,Q44.2
15.0,Τ22Α,Q44.3
15.0,Τ22Α,Q44.4
15.0,Τ22Α,Q45.0
15.0,Τ22Α,Q45.0
15.0,Τ22Α,Q45.1
15.0,Τ22Α,Q45.3
15.0,Τ22Α,Q45.3
15.0,Τ22Α,Q50
15.0,Τ22Α,Q50
15.0,Τ22Α,Q50.2
15.0,Τ22Α,Q51
15.0,Τ22Α,Q51
15.0,Τ22Α,Q52
15.0,Τ22Α,Q52
15.0,Τ22Α,Q52.0
15.0,Τ22Α,Q52.0
15.0,Τ22Α,Q52.1
15.0,Τ22Α,Q52.1
15.0,Τ22Α,Q52.3
15.0,Τ22Α,Q52.3
15.0,Τ22Α,Q52.6
15.0,Τ22Α,Q52.6
15.0,Τ22Α,Q52.7
15.0,Τ22Α,Q52.7
15.0,Τ22Α,Q52.9
15.0,Τ22Α,Q52.9
15.0,Τ22Α,Q53
15.0,Τ22Α,Q53
15.0,Τ22Α,Q53.0
15.0,Τ22Α,Q53.0
15.0,Τ22Α,Q54
15.0,Τ22Α,Q54
15.0,Τ22Α,Q56
15.0,Τ22Α,Q56
15.0,Τ22Α,Q56.0
15.0,Τ22Α,Q56.0
15.0,Τ22Α,Q56.1
15.0,Τ22Α,Q56.1
15.0,Τ22Α,Q56.2
15.0,Τ22Α,Q56.2
15.0,Τ22Α,Q56.3
15.0,Τ22Α,Q56.3
15.0,Τ22Α,Q56.4
15.0,Τ22Α,Q56.4
15.0,Τ22Α,Q60
15.0,Τ22Α,Q60
15.0,Τ22Α,Q60.0
15.0,Τ22Α,Q60.0
15.0,Τ22Α,Q60.1
15.0,Τ22Α,Q60.1
15.0,Τ22Α,Q60.2
15.0,Τ22Α,Q60.2
15.0,Τ22Α,Q60.3
15.0,Τ22Α,Q60.3
15.0,Τ22Α,Q60.4
15.0,Τ22Α,Q60.4
15.0,Τ22Α,Q60.5
15.0,Τ22Α,Q60.5
15.0,Τ22Α,Q60.6
15.0,Τ22Α,Q60.6
15.0,Τ22Α,Q61
15.0,Τ22Α,Q61
15.0,Τ22Α,Q61.0
15.0,Τ22Α,Q61.0
15.0,Τ22Α,Q61.1
15.0,Τ22Α,Q61.1
15.0,Τ22Α,Q61.2
15.0,Τ22Α,Q61.2
15.0,Τ22Α,Q61.3
15.0,Τ22Α,Q61.3
15.0,Τ22Α,Q61.4
15.0,Τ22Α,Q61.4
15.0,Τ22Α,Q61.5
15.0,Τ22Α,Q61.5
15.0,Τ22Α,Q61.8
15.0,Τ22Α,Q61.8
15.0,Τ22Α,Q61.9
15.0,Τ22Α,Q61.9
15.0,Τ22Α,Q62
15.0,Τ22Α,Q62
15.0,Τ22Α,Q62.0
15.0,Τ22Α,Q62.0
15.0,Τ22Α,Q62.1
15.0,Τ22Α,Q62.1
15.0,Τ22Α,Q62.2
15.0,Τ22Α,Q62.2
15.0,Τ22Α,Q62.3
15.0,Τ22Α,Q62.3
15.0,Τ22Α,Q62.4
15.0,Τ22Α,Q62.4
15.0,Τ22Α,Q62.5
15.0,Τ22Α,Q62.5
15.0,Τ22Α,Q62.6
15.0,Τ22Α,Q62.6
15.0,Τ22Α,Q62.7
15.0,Τ22Α,Q62.7
15.0,Τ22Α,Q62.8
15.0,Τ22Α,Q62.8
15.0,Τ22Α,Q63
15.0,Τ22Α,Q63
15.0,Τ22Α,Q63.0
15.0,Τ22Α,Q63.0
15.0,Τ22Α,Q63.1
15.0,Τ22Α,Q63.1
15.0,Τ22Α,Q63.2
15.0,Τ22Α,Q63.2
15.0,Τ22Α,Q63.3
15.0,Τ22Α,Q63.3
15.0,Τ22Α,Q63.8
15.0,Τ22Α,Q63.8
15.0,Τ22Α,Q63.9
15.0,Τ22Α,Q63.9
15.0,Τ22Α,Q64
15.0,Τ22Α,Q64
15.0,Τ22Α,Q64.0
15.0,Τ22Α,Q64.0
15.0,Τ22Α,Q64.1
15.0,Τ22Α,Q64.2
15.0,Τ22Α,Q64.3
15.0,Τ22Α,Q64.6
15.0,Τ22Α,Q64.6
15.0,Τ22Α,Q64.8
15.0,Τ22Α,Q64.8
15.0,Τ22Α,Q64.9
15.0,Τ22Α,Q64.9
15.0,Τ22Α,Q65
15.0,Τ22Α,Q65
15.0,Τ22Α,Q65.0
15.0,Τ22Α,Q65.0
15.0,Τ22Α,Q65.1
15.0,Τ22Α,Q65.1
15.0,Τ22Α,Q65.2
15.0,Τ22Α,Q65.2
15.0,Τ22Α,Q65.9
15.0,Τ22Α,Q65.9
15.0,Τ22Α,Q66
15.0,Τ22Α,Q66
15.0,Τ22Α,Q66.0
15.0,Τ22Α,Q66.0
15.0,Τ22Α,Q66.1
15.0,Τ22Α,Q66.1
15.0,Τ22Α,Q66.2
15.0,Τ22Α,Q66.2
15.0,Τ22Α,Q66.3
15.0,Τ22Α,Q66.3
15.0,Τ22Α,Q66.6
15.0,Τ22Α,Q66.6
15.0,Τ22Α,Q66.8
15.0,Τ22Α,Q66.8
15.0,Τ22Α,Q66.9
15.0,Τ22Α,Q66.9
15.0,Τ22Α,Q67
15.0,Τ22Α,Q67
15.0,Τ22Α,Q67.5
15.0,Τ22Α,Q67.5
15.0,Τ22Α,Q67.8
15.0,Τ22Α,Q67.8
15.0,Τ22Α,Q68
15.0,Τ22Α,Q68
15.0,Τ22Α,Q69
15.0,Τ22Α,Q69
15.0,Τ22Α,Q69.0
15.0,Τ22Α,Q69.0
15.0,Τ22Α,Q69.2
15.0,Τ22Α,Q69.2
15.0,Τ22Α,Q71
15.0,Τ22Α,Q71
15.0,Τ22Α,Q72
15.0,Τ22Α,Q72
15.0,Τ22Α,Q73.0
15.0,Τ22Α,Q73.0
15.0,Τ22Α,Q73.1
15.0,Τ22Α,Q73.1
15.0,Τ22Α,Q74.3
15.0,Τ22Α,Q74.3
15.0,Τ22Α,Q75.3
15.0,Τ22Α,Q75.3
15.0,Τ22Α,Q76.0
15.0,Τ22Α,Q76.0
15.0,Τ22Α,Q77.0
15.0,Τ22Α,Q77.0
15.0,Τ22Α,Q77.1
15.0,Τ22Α,Q77.1
15.0,Τ22Α,Q77.4
15.0,Τ22Α,Q77.4
15.0,Τ22Α,Q78.0
15.0,Τ22Α,Q78.0
15.0,Τ22Α,Q78.9
15.0,Τ22Α,Q78.9
15.0,Τ22Α,Q79.0
15.0,Τ22Α,Q79.2
15.0,Τ22Α,Q80
15.0,Τ22Α,Q80
15.0,Τ22Α,Q81
15.0,Τ22Α,Q81
15.0,Τ22Α,Q82.0
15.0,Τ22Α,Q82.0
15.0,Τ22Α,Q82.2
15.0,Τ22Α,Q82.2
15.0,Τ22Α,Q82.3
15.0,Τ22Α,Q82.3
15.0,Τ22Α,Q82.4
15.0,Τ22Α,Q82.4
15.0,Τ22Α,Q82.5
15.0,Τ22Α,Q82.5
15.0,Τ22Α,Q82.9
15.0,Τ22Α,Q82.9
15.0,Τ22Α,Q85.0
15.0,Τ22Α,Q85.0
15.0,Τ22Α,Q85.1
15.0,Τ22Α,Q85.1
15.0,Τ22Α,Q86.0
15.0,Τ22Α,Q86.0
15.0,Τ22Α,Q87.2
15.0,Τ22Α,Q87.2
15.0,Τ22Α,Q87.3
15.0,Τ22Α,Q87.3
15.0,Τ22Α,Q87.4
15.0,Τ22Α,Q87.4
15.0,Τ22Α,Q89.2
15.0,Τ22Α,Q89.2
15.0,Τ22Α,Q89.3
15.0,Τ22Α,Q89.3
15.0,Τ22Α,Q90
15.0,Τ22Α,Q90
15.0,Τ22Α,Q91
15.0,Τ22Α,Q91
15.0,Τ22Α,Q96
15.0,Τ22Α,Q96
15.0,Τ22Α,Q99.9
15.0,Τ22Α,Q99.9
16.0,Ξ01Α,D55
16.0,Ξ01Α,D56
16.0,Ξ01Α,D57
16.0,Ξ01Α,D58
16.0,Ξ01Α,D59
16.0,Ξ01Α,D64
16.0,Ξ01Α,D69
16.0,Ξ01Α,D73
16.0,Ξ01Α,D75
16.0,Ξ01Α,D76
16.0,Ξ01Α,D77
16.0,Ξ02Μ,D56
16.0,Ξ02Μ,D57
16.0,Ξ02Μ,D58
16.0,Ξ02Μ,D59
16.0,Ξ02Μ,D68
16.0,Ξ02Μ,D69
16.0,Ξ02Μ,D76
16.0,Ξ02Μ,D80
16.0,Ξ02Μ,D81
16.0,Ξ02Μ,D82
16.0,Ξ02Μ,D83.0
16.0,Ξ02Μ,D84
16.0,Ξ02Χ,D56
16.0,Ξ02Χ,D57
16.0,Ξ02Χ,D58
16.0,Ξ02Χ,D59
16.0,Ξ02Χ,D68
16.0,Ξ02Χ,D69
16.0,Ξ02Χ,D76
16.0,Ξ02Χ,D80
16.0,Ξ02Χ,D81
16.0,Ξ02Χ,D82
16.0,Ξ02Χ,D83.0
16.0,Ξ02Χ,D84
16.0,Ξ20Μ,D70
16.0,Ξ20Μ,D71
16.0,Ξ20Μ,D72
16.0,Ξ20Μ,D73
16.0,Ξ20Μ,D75
16.0,Ξ20Μ,D76
16.0,Ξ20Μ,D77
16.0,Ξ20Μ,D80
16.0,Ξ20Μ,D81
16.0,Ξ20Μ,D82
16.0,Ξ20Μ,D83
16.0,Ξ20Μ,D84
16.0,Ξ20Χα,D70
16.0,Ξ20Χα,D71
16.0,Ξ20Χα,D72
16.0,Ξ20Χα,D73
16.0,Ξ20Χα,D75
16.0,Ξ20Χα,D76
16.0,Ξ20Χα,D77
16.0,Ξ20Χα,D80
16.0,Ξ20Χα,D81
16.0,Ξ20Χα,D82
16.0,Ξ20Χα,D83
16.0,Ξ20Χα,D84
16.0,Ξ20Χβ,D70
16.0,Ξ20Χβ,D71
16.0,Ξ20Χβ,D72
16.0,Ξ20Χβ,D73
16.0,Ξ20Χβ,D75
16.0,Ξ20Χβ,D76
16.0,Ξ20Χβ,D77
16.0,Ξ20Χβ,D80
16.0,Ξ20Χβ,D81
16.0,Ξ20Χβ,D82
16.0,Ξ20Χβ,D83
16.0,Ξ20Χβ,D84
16.0,Ξ21Μ,D50
16.0,Ξ21Μ,D51
16.0,Ξ21Μ,D52
16.0,Ξ21Μ,D53
16.0,Ξ21Μ,D55
16.0,Ξ21Μ,D56
16.0,Ξ21Μ,D57
16.0,Ξ21Μ,D58
16.0,Ξ21Μ,D59
16.0,Ξ21Μ,D60
16.0,Ξ21Μ,D61
16.0,Ξ21Μ,D64
16.0,Ξ21Χ,D50
16.0,Ξ21Χ,D51
16.0,Ξ21Χ,D52
16.0,Ξ21Χ,D53
16.0,Ξ21Χ,D55
16.0,Ξ21Χ,D56
16.0,Ξ21Χ,D57
16.0,Ξ21Χ,D58
16.0,Ξ21Χ,D59
16.0,Ξ21Χ,D60
16.0,Ξ21Χ,D61
16.0,Ξ21Χ,D64
17.0,Σ23Α,C11
17.0,Σ23Α,C10.4
17.0,Σ23Α,C10
17.0,Σ23Α,C09
17.0,Σ23Α,C08.8
17.0,Σ23Α,C08
17.0,Σ23Α,C07
17.0,Σ23Α,C06
17.0,Σ23Α,C05
17.0,Σ23Α,C04
17.0,Σ23Α,C03
17.0,Σ23Α,C02.8
17.0,Σ23Α,C02
17.0,Σ23Α,C01
17.0,Σ23Α,C00
17.0,Σ23Α,B21.9
17.0,Σ23Α,B21.8
17.0,Σ23Α,B21.7
17.0,Σ23Α,B21.3
17.0,Σ23Α,C31
17.0,Σ23Α,C30
17.0,Σ23Α,C26.8
17.0,Σ23Α,C26
17.0,Σ23Α,C25
17.0,Σ23Α,C24
17.0,Σ23Α,C23
17.0,Σ23Α,C22.9
17.0,Σ23Α,C22.7
17.0,Σ23Α,C22
17.0,Σ23Α,C21
17.0,Σ23Α,C20
17.0,Σ23Α,C19
17.0,Σ23Α,C18
17.0,Σ23Α,C17
17.0,Σ23Α,C16
17.0,Σ23Α,C15
17.0,Σ23Α,C14
17.0,Σ23Α,C13
17.0,Σ23Α,C12
17.0,Σ23Α,C32
17.0,Σ23Α,C33
17.0,Σ23Α,C34
17.0,Σ23Α,C37
17.0,Σ23Α,C38
17.0,Σ23Α,C40
17.0,Σ23Α,C41
17.0,Σ23Α,C44
17.0,Σ23Α,C47
17.0,Σ23Α,C48
17.0,Σ23Α,C49
17.0,Σ23Α,C50
17.0,Σ23Α,C51
17.0,Σ23Α,C52
17.0,Σ23Α,C53
17.0,Σ23Α,C54
17.0,Σ23Α,C55
17.0,Σ23Α,C56
17.0,Σ23Α,C57
17.0,Σ23Α,C58
17.0,Σ23Α,C60
17.0,Σ23Α,C61
17.0,Σ23Α,C62
17.0,Σ23Α,C62.0
17.0,Σ23Α,C63
17.0,Σ23Α,C63.8
17.0,Σ23Α,C63.9
17.0,Σ23Α,C64
17.0,Σ23Α,C65
17.0,Σ23Α,C66
17.0,Σ23Α,C67
17.0,Σ23Α,C68
17.0,Σ23Α,C68.8
17.0,Σ23Α,C68.9
17.0,Σ23Α,C69
17.0,Σ23Α,C70
17.0,Σ23Α,C71
17.0,Σ23Α,C72
17.0,Σ23Α,C72.9
17.0,Σ23Α,C73
17.0,Σ23Α,C74
17.0,Σ23Α,C75
17.0,Σ23Α,C75.9
17.0,Σ23Α,C76
17.0,Σ23Α,C77
17.0,Σ23Α,C78
17.0,Σ23Α,C78.0
17.0,Σ23Α,C78.1
17.0,Σ23Α,C78.2
17.0,Σ23Α,C78.3
17.0,Σ23Α,C78.4
17.0,Σ23Α,C78.5
17.0,Σ23Α,C78.6
17.0,Σ23Α,C78.7
17.0,Σ23Α,C78.8
17.0,Σ23Α,C79
17.0,Σ23Α,C79.0
17.0,Σ23Α,C79.1
17.0,Σ23Α,C79.2
17.0,Σ23Α,C79.3
17.0,Σ23Α,C97
17.0,Σ23Α,C96.9
17.0,Σ23Α,C96.7
17.0,Σ23Α,C96
17.0,Σ23Α,C90
17.0,Σ23Α,C80
17.0,Σ23Α,C79.8
17.0,Σ23Α,C79.7
17.0,Σ23Α,C79.6
17.0,Σ23Α,C79.5
17.0,Σ23Α,C79.4
17.0,Σ23Α,D47.7
17.0,Σ23Α,D47.9
17.0,Σ23Α,D48
17.0,Σ23Α,D48.9
17.0,Σ23Α,D63.0
17.0,Σ23Α,D37
17.0,Σ23Α,D38
17.0,Σ23Α,D39
17.0,Σ23Α,D40
17.0,Σ23Α,D41
17.0,Σ23Α,D42
17.0,Σ23Α,D43
17.0,Σ23Α,D44
17.0,Σ23Α,D47
17.0,Σ23Α,G13.0
17.0,Σ23Α,G13.1
17.0,Σ23Α,G53.3
17.0,Σ23Α,G55.0
17.0,Σ23Α,G63.1
17.0,Σ23Α,G73.2
17.0,Σ23Α,G94.1
17.0,Σ23Α,M36.0
17.0,Σ23Α,M36.1
17.0,Σ23Α,M90.6
17.0,Σ23Α,M90.7
17.0,Σ23Α,N08.1
17.0,Σ23Α,N16.1
17.0,Σ23Α,N87.0
17.0,Σ23Α,N87.1
17.0,Σ23Α,Q82.5
17.0,Σ23Α,T45.1
17.0,Σ23Α,Y43.1
17.0,Σ23Α,Y43.2
17.0,Σ23Α,Y43.3
17.0,Σ23Α,Z85
17.0,Σ23Α,Z85.0
17.0,Σ23Α,Z85.1
17.0,Σ23Α,Z85.2
17.0,Σ23Α,Z85.3
17.0,Σ23Α,Z85.4
17.0,Σ23Α,Z85.5
17.0,Σ23Α,Z85.7
17.0,Σ23Α,Z85.8
17.0,Σ23Α,Z85.9
17.0,Σ23Α,Z86.0
17.0,Σ23Α,Β21
17.0,Σ23Α,C16.9
17.0,Σ23Α,C22.0
17.0,Σ23Α,C22.1
17.0,Σ23Α,C44.0
17.0,Σ23Α,B21.0
17.0,Σ23Α,C22.3
17.0,Σ23Α,C46
17.0,Σ23Α,C46.0
17.0,Σ23Α,C46.1
17.0,Σ23Α,C46.2
17.0,Σ23Α,C46.3
17.0,Σ23Α,C46.7
17.0,Σ23Α,C46.8
17.0,Σ23Α,C46.9
17.0,Σ23Α,C83.3
17.0,Σ23Α,C85.0
17.0,Σ23Α,C92.3
17.0,Σ23Α,C96.2
17.0,Σ23Α,D48.6
17.0,Σ23Α,C90.1
17.0,Σ23Α,C91
17.0,Σ23Α,C91.0
17.0,Σ23Α,C91.1
17.0,Σ23Α,C91.2
17.0,Σ23Α,C91.3
17.0,Σ23Α,C91.4
17.0,Σ23Α,C91.5
17.0,Σ23Α,C91.7
17.0,Σ23Α,C91.9
17.0,Σ23Α,C92
17.0,Σ23Α,C92.0
17.0,Σ23Α,C92.1
17.0,Σ23Α,C92.2
17.0,Σ23Α,C92.4
17.0,Σ23Α,C92.5
17.0,Σ23Α,C92.7
17.0,Σ23Α,C92.9
17.0,Σ23Α,C93
17.0,Σ23Α,C93.0
17.0,Σ23Α,C93.1
17.0,Σ23Α,C93.2
17.0,Σ23Α,C93.7
17.0,Σ23Α,C93.9
17.0,Σ23Α,C94
17.0,Σ23Α,C94.0
17.0,Σ23Α,C94.2
17.0,Σ23Α,C94.3
17.0,Σ23Α,C94.7
17.0,Σ23Α,C95
17.0,Σ23Α,C95.0
17.0,Σ23Α,C95.1
17.0,Σ23Α,C95.2
17.0,Σ23Α,C95.7
17.0,Σ23Α,C95.9
17.0,Σ23Α,D46.9
17.0,Σ23Α,D64.8
17.0,Σ23Α,D72.8
17.0,Σ23Α,Z80.6
17.0,Σ23Α,Z85.6
17.0,Σ23Α,B21.1
17.0,Σ23Α,C82
17.0,Σ23Α,C82.9
17.0,Σ23Α,C83
17.0,Σ23Α,C83.7
17.0,Σ23Α,C84.2
17.0,Σ23Α,C84.3
17.0,Σ23Α,C84.4
17.0,Σ23Α,C84.5
17.0,Σ23Α,C85.1
17.0,Σ23Α,C85.9
17.0,Σ23Α,C88.3
17.0,Σ23Α,C96.3
17.0,Σ23Α,Z87.3
17.0,Σ23Α,N16.4
17.0,Σ23Α,M99.7
17.0,Σ23Α,M99.4
17.0,Σ23Α,M95
17.0,Σ23Α,M36.8
17.0,Σ23Α,M36
17.0,Σ23Α,M35
17.0,Σ23Α,L94.9
17.0,Σ23Α,L94.8
17.0,Σ23Α,L94
17.0,Σ23Α,C96.1
17.0,Σ23Α,C96.0
17.0,Σ23Α,C94.5
17.0,Σ23Α,C94.4
17.0,Σ23Α,C94.1
17.0,Σ23Α,C90.2
17.0,Σ23Α,C90.0
17.0,Σ23Α,C88.9
17.0,Σ23Α,C88.7
17.0,Σ23Α,C88.2
17.0,Σ23Α,C88.1
17.0,Σ23Α,C88.0
17.0,Σ23Α,C88
17.0,Σ23Α,C86
17.0,Σ23Α,C85.7
17.0,Σ23Α,C85
17.0,Σ23Α,C84.1
17.0,Σ23Α,C84.0
17.0,Σ23Α,C84
17.0,Σ23Α,C83.9
17.0,Σ23Α,C83.8
17.0,Σ23Α,C83.6
17.0,Σ23Α,C83.5
17.0,Σ23Α,C83.4
17.0,Σ23Α,C83.2
17.0,Σ23Α,C83.1
17.0,Σ23Α,C83.0
17.0,Σ23Α,C82.7
17.0,Σ23Α,C82.2
17.0,Σ23Α,C82.1
17.0,Σ23Α,C82.0
17.0,Σ23Α,C81.9
17.0,Σ23Α,C81.7
17.0,Σ23Α,C81.3
17.0,Σ23Α,C81.2
17.0,Σ23Α,C81.1
17.0,Σ23Α,C81.0
17.0,Σ23Α,C81
17.0,Σ23Α,C77.9
17.0,Σ23Α,C77.8
17.0,Σ23Α,C77.5
17.0,Σ23Α,C77.4
17.0,Σ23Α,C77.3
17.0,Σ23Α,C77.2
17.0,Σ23Α,C77.1
17.0,Σ23Α,C77.0
17.0,Σ23Α,C76.8
17.0,Σ23Α,C76.7
17.0,Σ23Α,C76.5
17.0,Σ23Α,C76.4
17.0,Σ23Α,C76.3
17.0,Σ23Α,C76.2
17.0,Σ23Α,C76.1
17.0,Σ23Α,C76.0
17.0,Σ23Α,C75.8
17.0,Σ23Α,C75.5
17.0,Σ23Α,C75.4
17.0,Σ23Α,C75.3
17.0,Σ23Α,C75.2
17.0,Σ23Α,C75.1
17.0,Σ23Α,C75.0
17.0,Σ23Α,C74.9
17.0,Σ23Α,C74.1
17.0,Σ23Α,C74.0
17.0,Σ23Α,C72.5
17.0,Σ23Α,C72.4
17.0,Σ23Α,C72.3
17.0,Σ23Α,C72.2
17.0,Σ23Α,C72.1
17.0,Σ23Α,C72.0
17.0,Σ23Α,C71.9
17.0,Σ23Α,C71.8
17.0,Σ23Α,C71.7
17.0,Σ23Α,C71.6
17.0,Σ23Α,C71.5
17.0,Σ23Α,C71.4
17.0,Σ23Α,C71.3
17.0,Σ23Α,C71.2
17.0,Σ23Α,C71.1
17.0,Σ23Α,C71.0
17.0,Σ23Α,C70.9
17.0,Σ23Α,C70.1
17.0,Σ23Α,C70.0
17.0,Σ23Α,C69.9
17.0,Σ23Α,C69.8
17.0,Σ23Α,C69.6
17.0,Σ23Α,C69.5
17.0,Σ23Α,C69.4
17.0,Σ23Α,C69.3
17.0,Σ23Α,C69.2
17.0,Σ23Α,C69.1
17.0,Σ23Α,C69.0
17.0,Σ23Α,C68.1
17.0,Σ23Α,C68.0
17.0,Σ23Α,C67.9
17.0,Σ23Α,C67.8
17.0,Σ23Α,C67.7
17.0,Σ23Α,C67.6
17.0,Σ23Α,C67.5
17.0,Σ23Α,C67.4
17.0,Σ23Α,C67.3
17.0,Σ23Α,C67.2
17.0,Σ23Α,C67.1
17.0,Σ23Α,C67.0
17.0,Σ23Α,C63.7
17.0,Σ23Α,C63.2
17.0,Σ23Α,C63.1
17.0,Σ23Α,C63.0
17.0,Σ23Α,C62.9
17.0,Σ23Α,C62.1
17.0,Σ23Α,C60.9
17.0,Σ23Α,C60.8
17.0,Σ23Α,C60.2
17.0,Σ23Α,C60.1
17.0,Σ23Α,C60.0
17.0,Σ23Α,C57.9
17.0,Σ23Α,C57.8
17.0,Σ23Α,C57.7
17.0,Σ23Α,C57.4
17.0,Σ23Α,C57.3
17.0,Σ23Α,C57.2
17.0,Σ23Α,C57.1
17.0,Σ23Α,C57.0
17.0,Σ23Α,C54.9
17.0,Σ23Α,C54.8
17.0,Σ23Α,C54.3
17.0,Σ23Α,C54.2
17.0,Σ23Α,C54.1
17.0,Σ23Α,C54.0
17.0,Σ23Α,C53.9
17.0,Σ23Α,C53.8
17.0,Σ23Α,C53.1
17.0,Σ23Α,C53.0
17.0,Σ23Α,C51.9
17.0,Σ23Α,C51.8
17.0,Σ23Α,C51.2
17.0,Σ23Α,C51.1
17.0,Σ23Α,C51.0
17.0,Σ23Α,C50.9
17.0,Σ23Α,C50.8
17.0,Σ23Α,C50.6
17.0,Σ23Α,C50.5
17.0,Σ23Α,C50.4
17.0,Σ23Α,C50.3
17.0,Σ23Α,C50.2
17.0,Σ23Α,C50.1
17.0,Σ23Α,C50.0
17.0,Σ23Α,C49.9
17.0,Σ23Α,C49.8
17.0,Σ23Α,C49.6
17.0,Σ23Α,C49.5
17.0,Σ23Α,C49.4
17.0,Σ23Α,C49.3
17.0,Σ23Α,C49.2
17.0,Σ23Α,C49.1
17.0,Σ23Α,C49.0
17.0,Σ23Α,C48.8
17.0,Σ23Α,C48.2
17.0,Σ23Α,C48.1
17.0,Σ23Α,C48.0
17.0,Σ23Α,C47.9
17.0,Σ23Α,C47.8
17.0,Σ23Α,C47.6
17.0,Σ23Α,C47.5
17.0,Σ23Α,C47.4
17.0,Σ23Α,C47.3
17.0,Σ23Α,C47.2
17.0,Σ23Α,C47.1
17.0,Σ23Α,C47.0
17.0,Σ23Α,C45.9
17.0,Σ23Α,C45.7
17.0,Σ23Α,C45.2
17.0,Σ23Α,C45.1
17.0,Σ23Α,C45.0
17.0,Σ23Α,C45
17.0,Σ23Α,C44.9
17.0,Σ23Α,C44.8
17.0,Σ23Α,C44.7
17.0,Σ23Α,C44.6
17.0,Σ23Α,C44.5
17.0,Σ23Α,C44.4
17.0,Σ23Α,C44.3
17.0,Σ23Α,C44.2
17.0,Σ23Α,C44.1
17.0,Σ23Α,C43.9
17.0,Σ23Α,C43.8
17.0,Σ23Α,C43.7
17.0,Σ23Α,C43.6
17.0,Σ23Α,C43.5
17.0,Σ23Α,C43.4
17.0,Σ23Α,C43.3
17.0,Σ23Α,C43.2
17.0,Σ23Α,C43.1
17.0,Σ23Α,C43.0
17.0,Σ23Α,C43
17.0,Σ23Α,C41.9
17.0,Σ23Α,C41.8
17.0,Σ23Α,C41.4
17.0,Σ23Α,C41.3
17.0,Σ23Α,C41.2
17.0,Σ23Α,C41.1
17.0,Σ23Α,C41.0
17.0,Σ23Α,C40.9
17.0,Σ23Α,C40.8
17.0,Σ23Α,C40.3
17.0,Σ23Α,C40.2
17.0,Σ23Α,C40.1
17.0,Σ23Α,C40.0
17.0,Σ23Α,C39.9
17.0,Σ23Α,C39.0
17.0,Σ23Α,C39
17.0,Σ23Α,C38.8
17.0,Σ23Α,C38.4
17.0,Σ23Α,C38.3
17.0,Σ23Α,C38.2
17.0,Σ23Α,C38.1
17.0,Σ23Α,C38.0
17.0,Σ23Α,C34.9
17.0,Σ23Α,C34.8
17.0,Σ23Α,C34.3
17.0,Σ23Α,C34.2
17.0,Σ23Α,C34.1
17.0,Σ23Α,C34.0
17.0,Σ23Α,C32.9
17.0,Σ23Α,C32.8
17.0,Σ23Α,C32.3
17.0,Σ23Α,C32.2
17.0,Σ23Α,C32.0
17.0,Σ23Α,C31.9
17.0,Σ23Α,C31.8
17.0,Σ23Α,C31.3
17.0,Σ23Α,C31.2
17.0,Σ23Α,C31.1
17.0,Σ23Α,C31.0
17.0,Σ23Α,C30.1
17.0,Σ23Α,C26.9
17.0,Σ23Α,C26.1
17.0,Σ23Α,C26.0
17.0,Σ23Α,C25.9
17.0,Σ23Α,C25.8
17.0,Σ23Α,C25.7
17.0,Σ23Α,C25.4
17.0,Σ23Α,C25.3
17.0,Σ23Α,C25.2
17.0,Σ23Α,C25.1
17.0,Σ23Α,C25.0
17.0,Σ23Α,C24.9
17.0,Σ23Α,C24.1
17.0,Σ23Α,C24.0
17.0,Σ23Α,C18.9
17.0,Σ23Α,C18.8
17.0,Σ23Α,C18.7
17.0,Σ23Α,C18.6
17.0,Σ23Α,C18.5
17.0,Σ23Α,C18.4
17.0,Σ23Α,C18.3
17.0,Σ23Α,C18.2
17.0,Σ23Α,C18.1
17.0,Σ23Α,C18.0
17.0,Σ23Α,C17.9
17.0,Σ23Α,C17.8
17.0,Σ23Α,C17.3
17.0,Σ23Α,C17.2
17.0,Σ23Α,C17.1
17.0,Σ23Α,C17.0
17.0,Σ23Α,C16.8
17.0,Σ23Α,C16.6
17.0,Σ23Α,C16.5
17.0,Σ23Α,C16.4
17.0,Σ23Α,C16.3
17.0,Σ23Α,C16.2
17.0,Σ23Α,C16.1
17.0,Σ23Α,C16.2
17.0,Σ23Α,C16.3
17.0,Σ23Α,C16.4
17.0,Σ23Α,C16.1
17.0,Σ23Α,C16.0
17.0,Σ23Α,C16.1
17.0,Σ23Α,C16.2
17.0,Σ23Α,C16.3
17.0,Σ23Α,C16.4
17.0,Σ23Α,C16.0
17.0,Σ23Α,C15.9
17.0,Σ23Α,C15.8
17.0,Σ23Α,C15.5
17.0,Σ23Α,C15.4
17.0,Σ23Α,C15.3
17.0,Σ23Α,C15.2
17.0,Σ23Α,C15.1
17.0,Σ23Α,C15.0
17.0,Σ23Α,C14.2
17.0,Σ23Α,C14.1
17.0,Σ23Α,C14.0
17.0,Σ23Α,C13.9
17.0,Σ23Α,C13.8
17.0,Σ23Α,C13.2
17.0,Σ23Α,C13.1
17.0,Σ23Α,C13.0
17.0,Σ23Α,C11.9
17.0,Σ23Α,C11.8
17.0,Σ23Α,C11.3
17.0,Σ23Α,C11.2
17.0,Σ23Α,C11.1
17.0,Σ23Α,C11.0
17.0,Σ23Α,C10.9
17.0,Σ23Α,C10.8
17.0,Σ23Α,C10.3
17.0,Σ23Α,C10.2
17.0,Σ23Α,C10.1
17.0,Σ23Α,C10.0
17.0,Σ23Α,C09.9
17.0,Σ23Α,C09.8
17.0,Σ23Α,C09.1
17.0,Σ23Α,C09.0
17.0,Σ23Α,C08.9
17.0,Σ23Α,C08.1
17.0,Σ23Α,C08.0
17.0,Σ23Α,C06.9
17.0,Σ23Α,C06.8
17.0,Σ23Α,C06.2
17.0,Σ23Α,C06.1
17.0,Σ23Α,C06.0
17.0,Σ23Α,C05.9
17.0,Σ23Α,C05.8
17.0,Σ23Α,C05.2
17.0,Σ23Α,C05.1
17.0,Σ23Α,C05.0
17.0,Σ23Α,C04.9
17.0,Σ23Α,C04.8
17.0,Σ23Α,C04.1
17.0,Σ23Α,C04.0
17.0,Σ23Α,C03.9
17.0,Σ23Α,C03.1
17.0,Σ23Α,C03.0
17.0,Σ23Α,C02.9
17.0,Σ02Μ,C00
17.0,Σ02Μ,C00.0
17.0,Σ02Μ,C00.1
17.0,Σ02Μ,C00.2
17.0,Σ02Μ,C00.3
17.0,Σ02Μ,C00.6
17.0,Σ02Μ,C00.8
17.0,Σ02Μ,C00.9
17.0,Σ02Μ,C00.B2
17.0,Σ02Μ,C01
17.0,Σ02Μ,C02
17.0,Σ02Μ,C02.0
17.0,Σ02Μ,C02.1
17.0,Σ02Μ,C02.2
17.0,Σ02Μ,C02.3
17.0,Σ02Μ,C02.4
17.0,Σ02Μ,C02.8
17.0,Σ02Μ,C02.9
17.0,Σ02Μ,C03
17.0,Σ02Μ,C03.0
17.0,Σ02Μ,D37
17.0,Σ02Μ,D37.0
17.0,Σ02Μ,D37.1
17.0,Σ02Μ,D37.2
17.0,Σ02Μ,D37.3
17.0,Σ02Μ,D37.4
17.0,Σ02Μ,D37.5
17.0,Σ02Μ,D37.6
17.0,Σ02Μ,D37.7
17.0,Σ02Μ,D37.9
17.0,Σ02Μ,D38
17.0,Σ02Μ,D38.1
17.0,Σ02Μ,D38.2
17.0,Σ02Μ,D38.3
17.0,Σ02Μ,D38.4
17.0,Σ02Μ,D38.5
17.0,Σ02Μ,D38.6
17.0,Σ02Μ,D39
17.0,Σ02Μ,D39.0
17.0,Σ02Μ,D39.1
17.0,Σ02Μ,D39.2
17.0,Σ02Μ,D39.7
17.0,Σ02Μ,D39.9
17.0,Σ02Μ,D40
17.0,Σ02Μ,D40.0
17.0,Σ02Μ,D40.1
17.0,Σ02Μ,D40.7
17.0,Σ02Μ,D40.9
17.0,Σ02Μ,D41
17.0,Σ02Μ,D41.0
17.0,Σ02Μ,D41.1
17.0,Σ02Μ,D41.2
17.0,Σ02Μ,D41.3
17.0,Σ02Μ,D41.4
17.0,Σ02Μ,D41.7
17.0,Σ02Μ,D41.9
17.0,Σ02Μ,D42
17.0,Σ02Μ,D42.0
17.0,Σ02Μ,D42.1
17.0,Σ02Μ,D42.9
17.0,Σ02Μ,D43
17.0,Σ02Μ,D43.0
17.0,Σ02Μ,D43.1
17.0,Σ02Μ,D43.2
17.0,Σ02Μ,D43.3
17.0,Σ02Μ,D43.4
17.0,Σ02Μ,D43.7
17.0,Σ02Μ,D43.9
17.0,Σ02Μ,D44
17.0,Σ02Μ,D44.0
17.0,Σ02Μ,D44.1
17.0,Σ02Μ,D44.2
17.0,Σ02Μ,D44.3
17.0,Σ02Μ,D44.4
17.0,Σ02Μ,D44.5
17.0,Σ02Μ,D44.6
17.0,Σ02Μ,D44.7
17.0,Σ02Μ,D44.8
17.0,Σ02Μ,D44.9
17.0,Σ02Μ,D45
17.0,Σ02Μ,D46
17.0,Σ02Μ,D46.0
17.0,Σ02Μ,D46.1
17.0,Σ02Μ,D46.2
17.0,Σ02Μ,D46.3
17.0,Σ02Μ,D46.4
17.0,Σ02Μ,D46.7
17.0,Σ02Μ,D46.9
17.0,Σ02Μ,D47
17.0,Σ02Μ,D47.0
17.0,Σ02Μ,D47.1
17.0,Σ02Μ,D47.2
17.0,Σ02Μ,D47.3
17.0,Σ02Μ,D47.7
17.0,Σ02Μ,D47.9
17.0,Σ02Μ,D48
17.0,Σ02Μ,D48.0
17.0,Σ02Μ,D48.1
17.0,Σ02Μ,D48.2
17.0,Σ02Μ,D48.3
17.0,Σ02Μ,D48.4
17.0,Σ02Μ,D48.5
17.0,Σ02Μ,D48.6
17.0,Σ02Μ,D48.7
17.0,Σ02Μ,D48.9
17.0,Σ02Μ,D60
17.0,Σ02Μ,D60.0
17.0,Σ02Μ,D60.1
17.0,Σ02Μ,D60.8
17.0,Σ02Μ,D60.9
17.0,Σ02Μ,D61
17.0,Σ02Μ,D61.0
17.0,Σ02Μ,D59
17.0,Σ02Μ,D59.0
17.0,Σ02Μ,D59.2
17.0,Σ02Μ,D59.3
17.0,Σ02Μ,D59.4
17.0,Σ02Μ,D59.5
17.0,Σ02Μ,D59.8
17.0,Σ02Μ,D59.9
17.0,Σ02Μ,D63.0*
17.0,Σ02Μ,D75
17.0,Σ02Μ,D75.2
17.0,Σ02Μ,D76
17.0,Σ01Μ,C81
17.0,Σ01Μ,C81.0
17.0,Σ01Μ,C81.1
17.0,Σ01Μ,C81.2
17.0,Σ01Μ,C81.3
17.0,Σ01Μ,C81.7
17.0,Σ01Μ,C81.9
17.0,Σ01Μ,C82
17.0,Σ01Μ,C82.0
17.0,Σ01Μ,C82.1
17.0,Σ01Μ,C82.2
17.0,Σ01Μ,C82.7
17.0,Σ01Μ,C82.9
17.0,Σ01Μ,C83
17.0,Σ01Μ,C83.0
17.0,Σ01Μ,C83.1
17.0,Σ01Μ,C83.2
17.0,Σ01Μ,C83.3
17.0,Σ01Μ,C83.4
17.0,Σ01Μ,C83.5
17.0,Σ01Μ,C83.6
17.0,Σ01Μ,C83.7
17.0,Σ01Μ,C83.8
17.0,Σ01Μ,C83.9
17.0,Σ01Μ,C84
17.0,Σ01Μ,C84.0
17.0,Σ01Μ,C84.1
17.0,Σ01Μ,C84.2
17.0,Σ01Μ,C84.3
17.0,Σ01Μ,C84.4
17.0,Σ01Μ,C84.5
17.0,Σ01Μ,C85
17.0,Σ01Μ,C85.0
17.0,Σ01Μ,C85.1
17.0,Σ01Μ,C85.7
17.0,Σ01Μ,C85.9
17.0,Σ01Μ,C86
17.0,Σ01Μ,C88
17.0,Σ01Μ,C88.0
17.0,Σ01Μ,C88.1
17.0,Σ01Μ,C88.2
17.0,Σ01Μ,C88.3
17.0,Σ01Μ,C88.7
17.0,Σ01Μ,C88.9
17.0,Σ01Μ,C90
17.0,Σ01Μ,C90.0
17.0,Σ01Μ,C90.1
17.0,Σ01Μ,C90.2
17.0,Σ01Μ,C91
17.0,Σ01Μ,C91.0
17.0,Σ01Μ,C91.1
17.0,Σ01Μ,C91.2
17.0,Σ01Μ,C91.3
17.0,Σ01Μ,C91.4
17.0,Σ01Μ,C91.5
17.0,Σ01Μ,C91.7
17.0,Σ01Μ,C91.9
17.0,Σ01Μ,C92
17.0,Σ01Μ,C92.0
17.0,Σ01Μ,C92.1
17.0,Σ01Μ,C92.2
17.0,Σ01Μ,C92.3
17.0,Σ01Μ,C92.4
17.0,Σ01Μ,C92.5
17.0,Σ01Μ,C92.7
17.0,Σ01Μ,C92.9
17.0,Σ01Μ,C93
17.0,Σ01Μ,C93.0
17.0,Σ01Μ,C93.1
17.0,Σ01Μ,C93.2
17.0,Σ01Μ,C93.7
17.0,Σ01Μ,C93.9
17.0,Σ01Μ,C94
17.0,Σ01Μ,C94.0
17.0,Σ01Μ,C94.1
17.0,Σ01Μ,C94.2
17.0,Σ01Μ,C94.3
17.0,Σ01Μ,C94.4
17.0,Σ01Μ,C94.5
17.0,Σ01Μ,C94.7
17.0,Σ01Μ,C95
17.0,Σ01Μ,C95.0
17.0,Σ01Μ,C95.1
17.0,Σ01Μ,C95.2
17.0,Σ01Μ,C95.7
17.0,Σ01Μ,C95.9
17.0,Σ01Μ,C96
17.0,Σ01Μ,C96.0
17.0,Σ01Μ,C96.1
17.0,Σ01Μ,C96.2
17.0,Σ01Μ,C96.3
17.0,Σ01Μ,C96.7
17.0,Σ01Μ,C96.9
17.0,Σ02Μ,C10
17.0,Σ02Μ,C10.0
17.0,Σ02Μ,C10.1
17.0,Σ02Μ,C10.2
17.0,Σ02Μ,C10.3
17.0,Σ02Μ,C10.4
17.0,Σ02Μ,C10.8
17.0,Σ02Μ,C10.9
17.0,Σ02Μ,C11
17.0,Σ02Μ,C11.0
17.0,Σ02Μ,C11.1
17.0,Σ02Μ,C11.2
17.0,Σ02Μ,C11.3
17.0,Σ02Μ,C11.8
17.0,Σ02Μ,C11.9
17.0,Σ02Μ,C12
17.0,Σ02Μ,C13
17.0,Σ02Μ,C13.0
17.0,Σ02Μ,C13.1
17.0,Σ02Μ,C13.2
17.0,Σ02Μ,C13.8
17.0,Σ02Μ,C13.9
17.0,Σ02Μ,C14
17.0,Σ02Μ,C14.0
17.0,Σ02Μ,C14.1
17.0,Σ02Μ,C14.2
17.0,Σ02Μ,C15
17.0,Σ02Μ,C15.0
17.0,Σ02Μ,C15.1
17.0,Σ02Μ,C15.2
17.0,Σ02Μ,C15.3
17.0,Σ02Μ,C15.4
17.0,Σ02Μ,C15.5
17.0,Σ02Μ,C15.8
17.0,Σ02Μ,C15.9
17.0,Σ02Μ,C16
17.0,Σ02Μ,C16.0
17.0,Σ02Μ,C16.0
17.0,Σ02Μ,C16.1
17.0,Σ02Μ,C16.2
17.0,Σ02Μ,C16.3
17.0,Σ02Μ,C16.4
17.0,Σ02Μ,C16.1
17.0,Σ02Μ,C16.1
17.0,Σ02Μ,C16.2
17.0,Σ02Μ,C16.3
17.0,Σ02Μ,C16.4
17.0,Σ02Μ,C16.2
17.0,Σ02Μ,C16.3
17.0,Σ02Μ,C16.4
17.0,Σ02Μ,C16.5
17.0,Σ02Μ,C16.6
17.0,Σ02Μ,C16.8
17.0,Σ02Μ,C16.9
17.0,Σ02Μ,C17
17.0,Σ02Μ,C17.0
17.0,Σ02Μ,C17.1
17.0,Σ02Μ,C17.2
17.0,Σ02Μ,C17.3
17.0,Σ02Μ,C17.8
17.0,Σ02Μ,C17.9
17.0,Σ02Μ,C18
17.0,Σ02Μ,C18.0
17.0,Σ02Μ,C18.1
17.0,Σ02Μ,C18.2
17.0,Σ02Μ,C18.3
17.0,Σ02Μ,C18.4
17.0,Σ02Μ,C18.5
17.0,Σ02Μ,C18.6
17.0,Σ02Μ,C18.7
17.0,Σ02Μ,C18.8
17.0,Σ02Μ,C18.9
17.0,Σ02Μ,C19
17.0,Σ02Μ,C20
17.0,Σ02Μ,C21
17.0,Σ02Μ,C21.0
17.0,Σ02Μ,C21.1
17.0,Σ02Μ,C21.2
17.0,Σ02Μ,C21.8
17.0,Σ02Μ,C22
17.0,Σ02Μ,C22.0
17.0,Σ02Μ,C22.1
17.0,Σ02Μ,C22.2
17.0,Σ02Μ,C22.3
17.0,Σ02Μ,C22.4
17.0,Σ02Μ,C22.7
17.0,Σ02Μ,C22.9
17.0,Σ02Μ,C23
17.0,Σ02Μ,C24
17.0,Σ02Μ,C24.0
17.0,Σ02Μ,C24.1
17.0,Σ02Μ,C24.9
17.0,Σ02Μ,C25
17.0,Σ02Μ,C25.0
17.0,Σ02Μ,C25.1
17.0,Σ02Μ,C25.2
17.0,Σ02Μ,C25.3
17.0,Σ02Μ,C25.4
17.0,Σ02Μ,C25.7
17.0,Σ02Μ,C25.8
17.0,Σ02Μ,C25.9
17.0,Σ02Μ,C26
17.0,Σ02Μ,C26.0
17.0,Σ02Μ,C26.1
17.0,Σ02Μ,C26.8
17.0,Σ02Μ,C26.9
17.0,Σ02Μ,C30
17.0,Σ02Μ,C30.1
17.0,Σ02Μ,C31
17.0,Σ02Μ,C31.0
17.0,Σ02Μ,C31.1
17.0,Σ02Μ,C31.2
17.0,Σ02Μ,C31.3
17.0,Σ02Μ,C31.8
17.0,Σ02Μ,C31.9
17.0,Σ02Μ,C32
17.0,Σ02Μ,C32.0
17.0,Σ02Μ,C32.2
17.0,Σ02Μ,C32.3
17.0,Σ02Μ,C32.8
17.0,Σ02Μ,C32.9
17.0,Σ02Μ,C33
17.0,Σ02Μ,C34
17.0,Σ02Μ,C34.0
17.0,Σ02Μ,C34.1
17.0,Σ02Μ,C34.2
17.0,Σ02Μ,C34.3
17.0,Σ02Μ,C34.8
17.0,Σ02Μ,C34.9
17.0,Σ02Μ,C37
17.0,Σ02Μ,C38
17.0,Σ02Μ,C38.0
17.0,Σ02Μ,C38.1
17.0,Σ02Μ,C38.2
17.0,Σ02Μ,C38.3
17.0,Σ02Μ,C38.4
17.0,Σ02Μ,C38.8
17.0,Σ02Μ,C39
17.0,Σ02Μ,C39.0
17.0,Σ02Μ,C39.9
17.0,Σ02Μ,C50
17.0,Σ02Μ,C50.0
17.0,Σ02Μ,C50.1
17.0,Σ02Μ,C50.2
17.0,Σ02Μ,C50.3
17.0,Σ02Μ,C50.4
17.0,Σ02Μ,C50.5
17.0,Σ02Μ,C50.6
17.0,Σ02Μ,C50.8
17.0,Σ02Μ,C50.9
17.0,Σ02Μ,C51
17.0,Σ02Μ,C51.0
17.0,Σ02Μ,C51.1
17.0,Σ02Μ,C51.2
17.0,Σ02Μ,C51.8
17.0,Σ02Μ,C51.9
17.0,Σ02Μ,C52
17.0,Σ02Μ,C53
17.0,Σ02Μ,C53.0
17.0,Σ02Μ,C53.1
17.0,Σ02Μ,C53.8
17.0,Σ02Μ,C53.9
17.0,Σ02Μ,C54
17.0,Σ02Μ,C54.0
17.0,Σ02Μ,C54.1
17.0,Σ02Μ,C54.2
17.0,Σ02Μ,C54.3
17.0,Σ02Μ,C54.8
17.0,Σ02Μ,C54.9
17.0,Σ02Μ,C55
17.0,Σ02Μ,C56
17.0,Σ02Μ,C57
17.0,Σ02Μ,C57.0
17.0,Σ02Μ,C57.1
17.0,Σ02Μ,C57.2
17.0,Σ02Μ,C57.3
17.0,Σ02Μ,C57.4
17.0,Σ02Μ,C57.7
17.0,Σ02Μ,C57.8
17.0,Σ02Μ,C57.9
17.0,Σ02Μ,C58
17.0,Σ02Μ,C60
17.0,Σ02Μ,C60.0
17.0,Σ02Μ,C60.1
17.0,Σ02Μ,C60.2
17.0,Σ02Μ,C60.8
17.0,Σ02Μ,C60.9
17.0,Σ02Μ,C61
17.0,Σ02Μ,C62
17.0,Σ02Μ,C62.0
17.0,Σ02Μ,C62.1
17.0,Σ02Μ,C62.9
17.0,Σ02Μ,C63
17.0,Σ02Μ,C63.0
17.0,Σ02Μ,C63.1
17.0,Σ02Μ,C63.2
17.0,Σ02Μ,C63.7
17.0,Σ02Μ,C63.8
17.0,Σ02Μ,C63.9
17.0,Σ02Μ,C64
17.0,Σ02Μ,C65
17.0,Σ02Μ,C66
17.0,Σ02Μ,C67
17.0,Σ02Μ,C67.0
17.0,Σ02Μ,C67.1
17.0,Σ02Μ,C67.2
17.0,Σ02Μ,C67.3
17.0,Σ02Μ,C67.4
17.0,Σ02Μ,C67.5
17.0,Σ02Μ,C67.6
17.0,Σ02Μ,C67.7
17.0,Σ02Μ,C67.8
17.0,Σ02Μ,C67.9
17.0,Σ02Μ,C68
17.0,Σ02Μ,C68.0
17.0,Σ02Μ,C68.1
17.0,Σ02Μ,C68.8
17.0,Σ02Μ,C68.9
17.0,Σ02Μ,C69
17.0,Σ02Μ,C69.0
17.0,Σ02Μ,C69.1
17.0,Σ02Μ,C69.2
17.0,Σ02Μ,C69.3
17.0,Σ02Μ,C69.4
17.0,Σ02Μ,C69.5
17.0,Σ02Μ,C69.6
17.0,Σ02Μ,C69.8
17.0,Σ02Μ,C69.9
17.0,Σ02Μ,C70
17.0,Σ02Μ,C70.0
17.0,Σ02Μ,C70.1
17.0,Σ02Μ,C70.9
17.0,Σ02Μ,C71
17.0,Σ02Μ,C71.0
17.0,Σ02Μ,C71.1
17.0,Σ02Μ,C71.2
17.0,Σ02Μ,C71.3
17.0,Σ02Μ,C71.4
17.0,Σ02Μ,C71.5
17.0,Σ02Μ,C71.6
17.0,Σ02Μ,C71.7
17.0,Σ02Μ,C71.8
17.0,Σ02Μ,C71.9
17.0,Σ02Μ,C72
17.0,Σ02Μ,C72.0
17.0,Σ02Μ,C72.1
17.0,Σ02Μ,C72.2
17.0,Σ02Μ,C72.3
17.0,Σ02Μ,C72.4
17.0,Σ02Μ,C72.5
17.0,Σ02Μ,C72.9
17.0,Σ02Μ,C73
17.0,Σ02Μ,C74
17.0,Σ02Μ,C74.0
17.0,Σ02Μ,C74.1
17.0,Σ02Μ,C74.9
17.0,Σ02Μ,C75
17.0,Σ02Μ,C75.0
17.0,Σ02Μ,C75.1
17.0,Σ02Μ,C75.2
17.0,Σ02Μ,C75.3
17.0,Σ02Μ,C75.4
17.0,Σ02Μ,C75.5
17.0,Σ02Μ,C75.8
17.0,Σ02Μ,C75.9
17.0,Σ02Μ,C76
17.0,Σ02Μ,C76.0
17.0,Σ02Μ,C76.1
17.0,Σ02Μ,C76.2
17.0,Σ02Μ,C76.3
17.0,Σ02Μ,C76.4
17.0,Σ02Μ,C76.5
17.0,Σ02Μ,C76.7
17.0,Σ02Μ,C76.8
17.0,Σ02Μ,C77
17.0,Σ02Μ,C77.0
17.0,Σ02Μ,C77.1
17.0,Σ02Μ,C77.2
17.0,Σ02Μ,C77.3
17.0,Σ02Μ,C77.4
17.0,Σ02Μ,C77.5
17.0,Σ02Μ,C77.8
17.0,Σ02Μ,C77.9
17.0,Σ02Μ,C78
17.0,Σ02Μ,C78.0
17.0,Σ02Μ,C78.1
17.0,Σ02Μ,C78.2
17.0,Σ02Μ,C78.3
17.0,Σ02Μ,C78.4
17.0,Σ02Μ,C78.5
17.0,Σ02Μ,C78.6
17.0,Σ02Μ,C78.7
17.0,Σ02Μ,C78.8
17.0,Σ02Μ,C79
17.0,Σ02Μ,C79.0
17.0,Σ02Μ,C79.1
17.0,Σ02Μ,C79.2
17.0,Σ02Μ,C79.3
17.0,Σ02Μ,C79.4
17.0,Σ02Μ,C79.5
17.0,Σ02Μ,C79.6
17.0,Σ02Μ,C79.7
17.0,Σ02Μ,C79.8
17.0,Σ02Μ,C80
17.0,Σ02Μ,C81
17.0,Σ02Μ,C81.0
17.0,Σ02Μ,C81.1
17.0,Σ02Μ,C81.2
17.0,Σ02Μ,C81.3
17.0,Σ02Μ,C81.7
17.0,Σ02Μ,C81.9
17.0,Σ02Μ,C82
17.0,Σ02Μ,C82.0
17.0,Σ02Μ,C82.1
17.0,Σ02Μ,C82.2
17.0,Σ02Μ,C82.7
17.0,Σ02Μ,C82.9
17.0,Σ02Μ,C83
17.0,Σ02Μ,C83.0
17.0,Σ02Μ,C83.1
17.0,Σ02Μ,C83.2
17.0,Σ02Μ,C83.3
17.0,Σ02Μ,C83.4
17.0,Σ02Μ,C83.5
17.0,Σ02Μ,C83.6
17.0,Σ02Μ,C83.7
17.0,Σ02Μ,C83.8
17.0,Σ02Μ,C83.9
17.0,Σ02Μ,C84
17.0,Σ02Μ,C84.0
17.0,Σ02Μ,C84.1
17.0,Σ02Μ,C84.2
17.0,Σ02Μ,C84.3
17.0,Σ02Μ,C84.4
17.0,Σ02Μ,C84.5
17.0,Σ02Μ,C85
17.0,Σ02Μ,C85.0
17.0,Σ02Μ,C85.1
17.0,Σ02Μ,C85.7
17.0,Σ02Μ,C85.9
17.0,Σ02Μ,C86
17.0,Σ02Μ,C88
17.0,Σ02Μ,C88.0
17.0,Σ02Μ,C88.1
17.0,Σ02Μ,C88.2
17.0,Σ02Μ,C88.3
17.0,Σ02Μ,C88.7
17.0,Σ02Μ,C88.9
17.0,Σ02Μ,C97
17.0,Σ20Μ,C90.1
17.0,Σ20Μ,C91
17.0,Σ20Μ,C91.0
17.0,Σ20Μ,C91.2
17.0,Σ20Μ,C91.3
17.0,Σ20Μ,C91.4
17.0,Σ20Μ,C91.5
17.0,Σ20Μ,C91.7
17.0,Σ20Μ,C91.9
17.0,Σ20Μ,C92
17.0,Σ20Μ,C92.0
17.0,Σ20Μ,C92.2
17.0,Σ20Μ,C92.4
17.0,Σ20Μ,C92.5
17.0,Σ20Μ,C92.7
17.0,Σ20Μ,C92.9
17.0,Σ20Μ,C93
17.0,Σ20Μ,C93.0
17.0,Σ20Μ,C93.2
17.0,Σ20Μ,C93.7
17.0,Σ20Μ,C93.9
17.0,Σ20Μ,C94
17.0,Σ20Μ,C94.0
17.0,Σ20Μ,C94.1
17.0,Σ20Μ,C94.2
17.0,Σ20Μ,C94.3
17.0,Σ20Μ,C94.4
17.0,Σ20Μ,C94.7
17.0,Σ20Μ,C95
17.0,Σ20Μ,C95.0
17.0,Σ20Μ,C95.1
17.0,Σ20Μ,C95.2
17.0,Σ20Μ,C95.7
17.0,Σ20Μ,C95.9
17.0,Σ23Α,C00.0
17.0,Σ23Α,C00.1
17.0,Σ23Α,C00.2
17.0,Σ23Α,C00.3
17.0,Σ23Α,C00.6
17.0,Σ23Α,C00.8
17.0,Σ23Α,C00.9
17.0,Σ23Α,C00.B2
17.0,Σ23Α,C02.0
17.0,Σ23Α,C02.1
17.0,Σ23Α,C02.2
17.0,Σ23Α,C02.3
17.0,Σ23Α,C02.4
17.0,Σ23Α,C21.0
17.0,Σ23Α,C21.1
17.0,Σ23Α,C21.2
17.0,Σ23Α,C21.8
17.0,Σ23Α,C22.2
17.0,Σ23Α,C22.4
17.0,Σ23Α,I87.1
17.0,Σ23Α,G95.2
17.0,Σ23Α,G73.1
17.0,Σ23Α,G90.2
17.0,Σ23Α,D47.0
17.0,Σ23Α,E22.2
17.0,Σ20Μ,C94.5
17.0,Σ21Μ,C80
17.0,Σ21Μ,C81
17.0,Σ21Μ,C81.0
17.0,Σ21Μ,C81.1
17.0,Σ21Μ,C81.2
17.0,Σ21Μ,C81.3
17.0,Σ21Μ,C81.7
17.0,Σ21Μ,C81.9
17.0,Σ21Μ,C82
17.0,Σ21Μ,C82.0
17.0,Σ21Μ,C82.1
17.0,Σ21Μ,C82.2
17.0,Σ21Μ,C82.7
17.0,Σ21Μ,C82.9
17.0,Σ21Μ,C83
17.0,Σ21Μ,C83.0
17.0,Σ21Μ,C83.1
17.0,Σ21Μ,C83.2
17.0,Σ21Μ,C83.3
17.0,Σ21Μ,C83.4
17.0,Σ21Μ,C83.5
17.0,Σ21Μ,C83.6
17.0,Σ21Μ,C83.7
17.0,Σ21Μ,C83.8
17.0,Σ21Μ,C83.9
17.0,Σ21Μ,C84
17.0,Σ21Μ,C84.0
17.0,Σ21Μ,C84.1
17.0,Σ21Μ,C84.2
17.0,Σ21Μ,C84.3
17.0,Σ21Μ,C84.4
17.0,Σ21Μ,C84.5
17.0,Σ21Μ,C85
17.0,Σ21Μ,C85.0
17.0,Σ21Μ,C85.1
17.0,Σ21Μ,C85.7
17.0,Σ21Μ,C85.9
17.0,Σ21Μ,C91
17.0,Σ21Μ,C91.1
17.0,Σ21Μ,C91.2
17.0,Σ21Μ,C91.3
17.0,Σ21Μ,C91.4
17.0,Σ21Μ,C91.5
17.0,Σ21Μ,C91.7
17.0,Σ21Μ,C91.9
17.0,Σ21Μ,C92
17.0,Σ21Μ,C92.1
17.0,Σ21Μ,C92.2
17.0,Σ21Μ,C92.3
17.0,Σ21Μ,C92.7
17.0,Σ21Μ,C92.9
17.0,Σ21Μ,C93
17.0,Σ21Μ,C93.1
17.0,Σ21Μ,C93.2
17.0,Σ21Μ,C93.7
17.0,Σ21Μ,C93.9
17.0,Σ21Μ,C94
17.0,Σ21Μ,C94.1
17.0,Σ21Μ,C94.2
17.0,Σ21Μ,C94.3
17.0,Σ21Μ,C94.7
17.0,Σ21Μ,C95
17.0,Σ21Μ,C95.1
17.0,Σ21Μ,C95.2
17.0,Σ21Μ,C95.0
17.0,Σ21Μ,C95.7
17.0,Σ21Μ,C95.9
17.0,Σ21Μ,C96
17.0,Σ21Μ,C96.0
17.0,Σ21Μ,C96.1
17.0,Σ21Μ,C96.2
17.0,Σ21Μ,C96.3
17.0,Σ21Μ,C96.7
17.0,Σ21Μ,C96.9
17.0,Σ21Μ,C97
17.0,Σ24Α,C00
17.0,Σ24Α,C00.0
17.0,Σ24Α,C00.1
17.0,Σ24Α,C00.2
17.0,Σ24Α,C00.3
17.0,Σ24Α,C00.6
17.0,Σ24Α,C00.8
17.0,Σ24Α,C00.9
17.0,Σ24Α,C00.B2
17.0,Σ24Α,C01
17.0,Σ24Α,C02
17.0,Σ24Α,C02.0
17.0,Σ24Α,C02.1
17.0,Σ24Α,C02.2
17.0,Σ24Α,C02.3
17.0,Σ24Α,C02.4
17.0,Σ24Α,C02.8
17.0,Σ24Α,C02.9
17.0,Σ24Α,C03
17.0,Σ24Α,C03.0
17.0,Σ24Α,C03.1
17.0,Σ24Α,C03.9
17.0,Σ24Α,C04
17.0,Σ24Α,C04.0
17.0,Σ24Α,C04.1
17.0,Σ24Α,C04.8
17.0,Σ24Α,C04.9
17.0,Σ24Α,C05
17.0,Σ24Α,C05.0
17.0,Σ24Α,C05.1
17.0,Σ24Α,C05.2
17.0,Σ24Α,C05.8
17.0,Σ24Α,C05.9
17.0,Σ24Α,C06
17.0,Σ24Α,C06.0
17.0,Σ24Α,C06.1
17.0,Σ24Α,C06.2
17.0,Σ24Α,C06.8
17.0,Σ24Α,C06.9
17.0,Σ24Α,C07
17.0,Σ24Α,C08
17.0,Σ24Α,C08.0
17.0,Σ24Α,C08.1
17.0,Σ24Α,C08.8
17.0,Σ24Α,C08.9
17.0,Σ24Α,C09
17.0,Σ24Α,C09.0
17.0,Σ24Α,C09.1
17.0,Σ24Α,C09.8
17.0,Σ24Α,C09.9
17.0,Σ24Α,C10
17.0,Σ24Α,C10.0
17.0,Σ24Α,C10.1
17.0,Σ24Α,C10.2
17.0,Σ24Α,C10.3
17.0,Σ24Α,C10.4
17.0,Σ24Α,C10.8
17.0,Σ24Α,C10.9
17.0,Σ24Α,C11
17.0,Σ24Α,C11.0
17.0,Σ24Α,C11.1
17.0,Σ24Α,C11.2
17.0,Σ24Α,C11.3
17.0,Σ24Α,C11.8
17.0,Σ24Α,C11.9
17.0,Σ24Α,C12
17.0,Σ24Α,C13
17.0,Σ24Α,C13.0
17.0,Σ24Α,C13.1
17.0,Σ24Α,C13.2
17.0,Σ24Α,C13.8
17.0,Σ24Α,C13.9
17.0,Σ24Α,C14
17.0,Σ24Α,C14.0
17.0,Σ24Α,C14.1
17.0,Σ24Α,C14.2
17.0,Σ24Α,C15
17.0,Σ24Α,C15.0
17.0,Σ24Α,C15.1
17.0,Σ24Α,C15.2
17.0,Σ24Α,C15.3
17.0,Σ24Α,C15.4
17.0,Σ24Α,C15.5
17.0,Σ24Α,C15.8
17.0,Σ24Α,C15.9
17.0,Σ24Α,C16
17.0,Σ24Α,C16.0
17.0,Σ24Α,C16.0
17.0,Σ24Α,C16.1
17.0,Σ24Α,C16.2
17.0,Σ24Α,C16.3
17.0,Σ24Α,C16.4
17.0,Σ24Α,C16.1
17.0,Σ24Α,C16.1
17.0,Σ24Α,C16.2
17.0,Σ24Α,C16.3
17.0,Σ24Α,C16.4
17.0,Σ24Α,C16.2
17.0,Σ24Α,C16.3
17.0,Σ24Α,C16.4
17.0,Σ24Α,C16.5
17.0,Σ24Α,C16.6
17.0,Σ24Α,C16.8
17.0,Σ24Α,C16.9
17.0,Σ24Α,C18.9
17.0,Σ24Α,C19
17.0,Σ24Α,C20
17.0,Σ24Α,C21
17.0,Σ24Α,C21.0
17.0,Σ24Α,C21.1
17.0,Σ24Α,C21.8
17.0,Σ24Α,C22
17.0,Σ24Α,C22.0
17.0,Σ24Α,C22.1
17.0,Σ24Α,C22.2
17.0,Σ24Α,C22.3
17.0,Σ24Α,C22.4
17.0,Σ24Α,C22.7
17.0,Σ24Α,C22.9
17.0,Σ24Α,C23
17.0,Σ24Α,C24
17.0,Σ24Α,C24.0
17.0,Σ24Α,C24.1
17.0,Σ24Α,C24.9
17.0,Σ24Α,C25
17.0,Σ24Α,C25.0
17.0,Σ24Α,C25.1
17.0,Σ24Α,C25.2
17.0,Σ24Α,C25.3
17.0,Σ24Α,C25.4
17.0,Σ24Α,C25.7
17.0,Σ24Α,C25.8
17.0,Σ24Α,C25.9
17.0,Σ24Α,C26
17.0,Σ24Α,C26.0
17.0,Σ24Α,C26.1
17.0,Σ24Α,C26.8
17.0,Σ24Α,C26.9
17.0,Σ24Α,C30
17.0,Σ24Α,C30.1
17.0,Σ24Α,C31
17.0,Σ24Α,C31.0
17.0,Σ24Α,C31.1
17.0,Σ24Α,C31.2
17.0,Σ24Α,C31.3
17.0,Σ24Α,C31.8
17.0,Σ24Α,C31.9
17.0,Σ24Α,C32
17.0,Σ24Α,C32.0
17.0,Σ24Α,C32.2
17.0,Σ24Α,C32.3
17.0,Σ24Α,C32.8
17.0,Σ24Α,C32.9
17.0,Σ24Α,C33
17.0,Σ24Α,C34
17.0,Σ24Α,C34.0
17.0,Σ24Α,C34.1
17.0,Σ24Α,C34.2
17.0,Σ24Α,C34.3
17.0,Σ24Α,C34.8
17.0,Σ24Α,C34.9
17.0,Σ24Α,C37
17.0,Σ24Α,C38
17.0,Σ24Α,C38.0
17.0,Σ24Α,C38.1
17.0,Σ24Α,C38.2
17.0,Σ24Α,C38.3
17.0,Σ24Α,C38.4
17.0,Σ24Α,C39
17.0,Σ24Α,C39.0
17.0,Σ24Α,C39.9
17.0,Σ24Α,C40
17.0,Σ24Α,C40.0
17.0,Σ24Α,C40.1
17.0,Σ24Α,C40.2
17.0,Σ24Α,C40.3
17.0,Σ24Α,C40.8
17.0,Σ24Α,C40.9
17.0,Σ24Α,C41
17.0,Σ24Α,C41.0
17.0,Σ24Α,C41.1
17.0,Σ24Α,C41.2
17.0,Σ24Α,C41.3
17.0,Σ24Α,C41.4
17.0,Σ24Α,C41.8
17.0,Σ24Α,C41.9
17.0,Σ24Α,C43
17.0,Σ24Α,C43.0
17.0,Σ24Α,C43.1
17.0,Σ24Α,C43.2
17.0,Σ24Α,C43.3
17.0,Σ24Α,C43.4
17.0,Σ24Α,C43.5
17.0,Σ24Α,C43.6
17.0,Σ24Α,C43.7
17.0,Σ24Α,C43.8
17.0,Σ24Α,C43.9
17.0,Σ24Α,C44
17.0,Σ24Α,C44.0
17.0,Σ24Α,C44.1
17.0,Σ24Α,C44.2
17.0,Σ24Α,C44.3
17.0,Σ24Α,C44.4
17.0,Σ24Α,C44.5
17.0,Σ24Α,C44.6
17.0,Σ24Α,C44.7
17.0,Σ24Α,C44.8
17.0,Σ24Α,C44.9
17.0,Σ24Α,C45
17.0,Σ24Α,C45.0
17.0,Σ24Α,C45.1
17.0,Σ24Α,C45.2
17.0,Σ24Α,C45.7
17.0,Σ24Α,C45.9
17.0,Σ24Α,C46
17.0,Σ24Α,C46.0
17.0,Σ24Α,C46.1
17.0,Σ24Α,C46.2
17.0,Σ24Α,C46.3
17.0,Σ24Α,C46.7
17.0,Σ24Α,C46.8
17.0,Σ24Α,C46.9
17.0,Σ24Α,C47
17.0,Σ24Α,C47.0
17.0,Σ24Α,C47.1
17.0,Σ24Α,C47.2
17.0,Σ24Α,C47.3
17.0,Σ24Α,C47.4
17.0,Σ24Α,C47.5
17.0,Σ24Α,C47.6
17.0,Σ24Α,C47.8
17.0,Σ24Α,C47.9
17.0,Σ24Α,C48
17.0,Σ24Α,C48.0
17.0,Σ24Α,C48.1
17.0,Σ24Α,C48.2
17.0,Σ24Α,C48.8
17.0,Σ24Α,C49
17.0,Σ24Α,C49.0
17.0,Σ24Α,C49.1
17.0,Σ24Α,C49.2
17.0,Σ24Α,C49.3
17.0,Σ24Α,C49.4
17.0,Σ24Α,C49.5
17.0,Σ24Α,C49.6
17.0,Σ24Α,C49.8
17.0,Σ24Α,C49.9
17.0,Σ24Α,C50
17.0,Σ24Α,C50.0
17.0,Σ24Α,C50.1
17.0,Σ24Α,C50.2
17.0,Σ24Α,C50.3
17.0,Σ24Α,C50.4
17.0,Σ24Α,C50.5
17.0,Σ24Α,C50.6
17.0,Σ24Α,C50.8
17.0,Σ24Α,C50.9
17.0,Σ24Α,C51
17.0,Σ24Α,C51.0
17.0,Σ24Α,C51.1
17.0,Σ24Α,C51.2
17.0,Σ24Α,C51.8
17.0,Σ24Α,C51.9
17.0,Σ24Α,C52
17.0,Σ24Α,C53
17.0,Σ24Α,C53.0
17.0,Σ24Α,C53.1
17.0,Σ24Α,C53.8
17.0,Σ24Α,C53.9
17.0,Σ24Α,C54
17.0,Σ24Α,C54.0
17.0,Σ24Α,C54.1
17.0,Σ24Α,C54.2
17.0,Σ24Α,C54.3
17.0,Σ24Α,C54.8
17.0,Σ24Α,C54.9
17.0,Σ24Α,C55
17.0,Σ24Α,C56
17.0,Σ24Α,C57
17.0,Σ24Α,C57.0
17.0,Σ24Α,C57.1
17.0,Σ24Α,C57.2
17.0,Σ24Α,C57.3
17.0,Σ24Α,C57.4
17.0,Σ24Α,C57.7
17.0,Σ24Α,C57.8
17.0,Σ24Α,C57.9
17.0,Σ24Α,C58
17.0,Σ24Α,C60
17.0,Σ24Α,C60.0
17.0,Σ24Α,C60.1
17.0,Σ24Α,C60.2
17.0,Σ24Α,C60.8
17.0,Σ24Α,C60.9
17.0,Σ24Α,C61
17.0,Σ24Α,C62
17.0,Σ24Α,C62.0
17.0,Σ24Α,C62.1
17.0,Σ24Α,C62.9
17.0,Σ24Α,C63
17.0,Σ24Α,C63.0
17.0,Σ24Α,C63.1
17.0,Σ24Α,C63.2
17.0,Σ24Α,C63.7
17.0,Σ24Α,C63.8
17.0,Σ24Α,C63.9
17.0,Σ24Α,C64
17.0,Σ24Α,C65
17.0,Σ24Α,C66
17.0,Σ24Α,C67
17.0,Σ24Α,C67.0
17.0,Σ24Α,C67.1
17.0,Σ24Α,C67.2
17.0,Σ24Α,C67.3
17.0,Σ24Α,C67.4
17.0,Σ24Α,C67.5
17.0,Σ24Α,C67.6
17.0,Σ24Α,C67.7
17.0,Σ24Α,C67.8
17.0,Σ24Α,C67.9
17.0,Σ24Α,C68
17.0,Σ24Α,C68.0
17.0,Σ24Α,C68.1
17.0,Σ24Α,C68.8
17.0,Σ24Α,C68.9
17.0,Σ24Α,C69
17.0,Σ24Α,C69.0
17.0,Σ24Α,C69.1
17.0,Σ24Α,C69.2
17.0,Σ24Α,C69.3
17.0,Σ24Α,C69.4
17.0,Σ24Α,C69.5
17.0,Σ24Α,C69.6
17.0,Σ24Α,C69.8
17.0,Σ24Α,C69.9
17.0,Σ24Α,C70
17.0,Σ24Α,C70.0
17.0,Σ24Α,C70.1
17.0,Σ24Α,C70.9
17.0,Σ24Α,C71
17.0,Σ24Α,C71.0
17.0,Σ24Α,C71.1
17.0,Σ24Α,C71.2
17.0,Σ24Α,C71.3
17.0,Σ24Α,C71.4
17.0,Σ24Α,C71.5
17.0,Σ24Α,C71.6
17.0,Σ24Α,C71.7
17.0,Σ24Α,C71.8
17.0,Σ24Α,C71.9
17.0,Σ24Α,C72
17.0,Σ24Α,C72.0
17.0,Σ24Α,C72.1
17.0,Σ24Α,C72.2
17.0,Σ24Α,C72.3
17.0,Σ24Α,C72.4
17.0,Σ24Α,C72.5
17.0,Σ24Α,C72.9
17.0,Σ24Α,C73
17.0,Σ24Α,C74
17.0,Σ24Α,C74.0
17.0,Σ24Α,C74.1
17.0,Σ24Α,C74.9
17.0,Σ24Α,C75
17.0,Σ24Α,C75.0
17.0,Σ24Α,C75.1
17.0,Σ24Α,C75.2
17.0,Σ24Α,C75.3
17.0,Σ24Α,C75.4
17.0,Σ24Α,C75.5
17.0,Σ24Α,C75.8
17.0,Σ24Α,C75.9
17.0,Σ24Α,C76
17.0,Σ24Α,C76.0
17.0,Σ24Α,C76.1
17.0,Σ24Α,C76.2
17.0,Σ24Α,C76.3
17.0,Σ24Α,C76.4
17.0,Σ24Α,C76.5
17.0,Σ24Α,C76.7
17.0,Σ24Α,C76.8
17.0,Σ24Α,C77
17.0,Σ24Α,C77.0
17.0,Σ24Α,C77.1
17.0,Σ24Α,C77.2
17.0,Σ24Α,C77.3
17.0,Σ24Α,C77.4
17.0,Σ24Α,C77.5
17.0,Σ24Α,C77.8
17.0,Σ24Α,C77.9
17.0,Σ24Α,C78
17.0,Σ24Α,C78.0
17.0,Σ24Α,C78.1
17.0,Σ24Α,C78.2
17.0,Σ24Α,C78.3
17.0,Σ24Α,C78.4
17.0,Σ24Α,C78.5
17.0,Σ24Α,C78.6
17.0,Σ24Α,C78.7
17.0,Σ24Α,C78.8
17.0,Σ24Α,C79
17.0,Σ24Α,C79.0
17.0,Σ24Α,C79.1
17.0,Σ24Α,C79.2
17.0,Σ24Α,C79.3
17.0,Σ24Α,C79.4
17.0,Σ24Α,C79.5
17.0,Σ24Α,C79.6
17.0,Σ24Α,C79.7
17.0,Σ24Α,C79.8
17.0,Σ24Α,C80
17.0,Σ24Α,C81
17.0,Σ24Α,C81.0
17.0,Σ24Α,C81.1
17.0,Σ24Α,C81.2
17.0,Σ24Α,C81.3
17.0,Σ24Α,C81.7
17.0,Σ24Α,C81.9
17.0,Σ24Α,C82
17.0,Σ24Α,C82.0
17.0,Σ24Α,C82.1
17.0,Σ24Α,C82.2
17.0,Σ24Α,C82.7
17.0,Σ24Α,C82.9
17.0,Σ24Α,C83
17.0,Σ24Α,C83.0
17.0,Σ24Α,C83.1
17.0,Σ24Α,C83.2
17.0,Σ24Α,C83.3
17.0,Σ24Α,C83.4
17.0,Σ24Α,C83.5
17.0,Σ24Α,C83.6
17.0,Σ24Α,C83.7
17.0,Σ24Α,C83.8
17.0,Σ24Α,C83.9
17.0,Σ24Α,C84
17.0,Σ24Α,C84.0
17.0,Σ24Α,C84.1
17.0,Σ24Α,C84.2
17.0,Σ24Α,C84.3
17.0,Σ24Α,C84.4
17.0,Σ24Α,C90
17.0,Σ24Α,C90.0
17.0,Σ24Α,C90.2
17.0,Σ24Α,C84.5
17.0,Σ24Α,C85
17.0,Σ24Α,C85.0
17.0,Σ24Α,C85.1
17.0,Σ24Α,C85.7
17.0,Σ24Α,C85.9
17.0,Σ24Α,C86
17.0,Σ24Α,C88
17.0,Σ24Α,C88.0
17.0,Σ24Α,C88.1
17.0,Σ24Α,C88.2
17.0,Σ24Α,C88.3
17.0,Σ24Α,C88.7
17.0,Σ24Α,C88.9
17.0,Σ24Α,C90.1
17.0,Σ24Α,C91.0
17.0,Σ24Α,C92.0
17.0,Σ24Α,C96.1
17.0,Σ24Α,C96.2
17.0,Σ24Α,C96.3
17.0,Σ24Α,C96.7
17.0,Σ24Α,C96.9
17.0,Σ24Α,C97
17.0,Σ24Α,D05
17.0,Σ24Α,D14
17.0,Σ24Α,D15
17.0,Σ24Α,D15.0
17.0,Σ24Α,D29.2
17.0,Σ24Α,D31
17.0,Σ24Α,D31.0
17.0,Σ24Α,D31.1
17.0,Σ24Α,D31.2
17.0,Σ24Α,D31.3
17.0,Σ24Α,D31.4
17.0,Σ24Α,D31.5
17.0,Σ24Α,D31.6
17.0,Σ24Α,D31.9
17.0,Σ24Α,D32
17.0,Σ24Α,D32.0
17.0,Σ24Α,D32.1
17.0,Σ24Α,D32.9
17.0,Σ24Α,D33
17.0,Σ24Α,D33.0
17.0,Σ24Α,D33.1
17.0,Σ24Α,D33.2
17.0,Σ24Α,D33.3
17.0,Σ24Α,D33.4
17.0,Σ24Α,D33.7
17.0,Σ24Α,D35.1
17.0,Σ24Α,D35.2
17.0,Σ24Α,D35.3
17.0,Σ24Α,D35.4
17.0,Σ24Α,D37
17.0,Σ24Α,D39
17.0,Σ24Α,D40
17.0,Σ24Α,D42
17.0,Σ24Α,D43
17.0,Σ24Α,D47.7
17.0,Σ24Α,C95.0
17.0,Σ24Α,C91.3
17.0,Σ24Α,C91.7
17.0,Σ24Α,C91.9
17.0,Σ24Α,C92
17.0,Σ24Α,C92.2
17.0,Σ24Α,C92.4
17.0,Σ24Α,C92.5
17.0,Σ24Α,C92.9
17.0,Σ24Α,C93
17.0,Σ24Α,C93.0
17.0,Σ24Α,C92.1
17.0,Σ24Α,M13.9
17.0,Σ24Α,H11.0
17.0,Σ24Α,G55
17.0,Σ24Α,G55.0
17.0,Σ24Α,G55.1
17.0,Σ24Α,G55.2
17.0,Σ24Α,G55.3
17.0,Σ24Α,G55.8
17.0,Σ24Α,G54
17.0,Σ24Α,G54.0
17.0,Σ24Α,G54.1
17.0,Σ24Α,G54.2
17.0,Σ24Α,G54.3
17.0,Σ24Α,G54.4
17.0,Σ24Α,G53.3
17.0,Σ24Α,D48
17.0,Σ24Α,D47
17.0,Σ24Α,D46
17.0,Σ24Α,D38
17.0,Σ24Α,D17.0
18.0,Ρ01Α,Β20
18.0,Ρ01Α,Β21
18.0,Ρ01Α,Β22
18.0,Ρ01Α,Β23
18.0,Ρ01Α,Β24
18.0,Ρ05Μβ,Β20
18.0,Ρ05Μβ,Β21
18.0,Ρ05Μβ,Β22
18.0,Ρ05Μβ,Β23
18.0,Ρ05Μβ,Β24
18.0,Ρ05Χ,Β20
18.0,Ρ05Χ,Β21
18.0,Ρ05Χ,Β22
18.0,Ρ05Χ,Β23
18.0,Ρ05Χ,Β24
18.0,Ρ20Μ,Α40
18.0,Ρ20Μ,Α41
18.0,Ρ20Μ,N10
18.0,Ρ20Μ,J13
18.0,Ρ20Μ,J14
18.0,Ρ20Μ,J15
18.0,Ρ20Μ,J16
18.0,Ρ20Μ,J17
18.0,Ρ20Μ,J18
18.0,Ρ20Μ,Κ65
18.0,Ρ20Μ,Κ81
18.0,Ρ20Μ,Κ85
18.0,Ρ20Μ,L03
18.0,Ρ20Μ,A02.1
18.0,Ρ20Μ,A22.7
18.0,Ρ20Μ,A26.7
18.0,Ρ20Μ,A32.7
18.0,Ρ20Μ,A40
18.0,Ρ20Μ,A40.0
18.0,Ρ20Μ,A40.1
18.0,Ρ20Μ,A40.2
18.0,Ρ20Μ,A40.3
18.0,Ρ20Μ,A40.8
18.0,Ρ20Μ,A40.9
18.0,Ρ20Μ,A41
18.0,Ρ20Μ,A41.0
18.0,Ρ20Μ,A41.1
18.0,Ρ20Μ,A41.2
18.0,Ρ20Μ,A41.3
18.0,Ρ20Μ,A41.4
18.0,Ρ20Μ,A41.5
18.0,Ρ20Μ,A41.8
18.0,Ρ20Μ,A41.9
18.0,Ρ20Μ,A54.8
18.0,Ρ20Μ,B37.7
18.0,Ρ20Μ,O00
18.0,Ρ20Μ,O01
18.0,Ρ20Μ,O02
18.0,Ρ20Μ,O03
18.0,Ρ20Μ,O04
18.0,Ρ20Μ,O05
18.0,Ρ20Μ,O06
18.0,Ρ20Μ,O07
18.0,Ρ20Μ,O75.3
18.0,Ρ20Μ,O85
18.0,Ρ20Μ,P36
18.0,Ρ20Μ,P36.0
18.0,Ρ20Μ,P36.1
18.0,Ρ20Μ,P36.2
18.0,Ρ20Μ,P36.3
18.0,Ρ20Μ,P36.4
18.0,Ρ20Μ,P36.5
18.0,Ρ20Μ,P36.8
18.0,Ρ20Μ,P36.9
18.0,Ρ20Μ,T80.2
18.0,Ρ20Μ,T81.4
18.0,Ρ20Χ,Α40
18.0,Ρ20Χ,Α41
18.0,Ρ20Χ,N10
18.0,Ρ20Χ,J13
18.0,Ρ20Χ,J14
18.0,Ρ20Χ,J15
18.0,Ρ20Χ,J16
18.0,Ρ20Χ,J17
18.0,Ρ20Χ,J18
18.0,Ρ20Χ,Κ65
18.0,Ρ20Χ,Κ81
18.0,Ρ20Χ,Κ85
18.0,Ρ20Χ,L03
18.0,Ρ20Χ,A02.1
18.0,Ρ20Χ,A22.7
18.0,Ρ20Χ,A26.7
18.0,Ρ20Χ,A32.7
18.0,Ρ20Χ,A40
18.0,Ρ20Χ,A40.0
18.0,Ρ20Χ,A40.1
18.0,Ρ20Χ,A40.2
18.0,Ρ20Χ,A40.3
18.0,Ρ20Χ,A40.8
18.0,Ρ20Χ,A40.9
18.0,Ρ20Χ,A41
18.0,Ρ20Χ,A41.0
18.0,Ρ20Χ,A41.1
18.0,Ρ20Χ,A41.2
18.0,Ρ20Χ,A41.3
18.0,Ρ20Χ,A41.4
18.0,Ρ20Χ,A41.5
18.0,Ρ20Χ,A41.8
18.0,Ρ20Χ,A41.9
18.0,Ρ20Χ,A54.8
18.0,Ρ20Χ,B37.7
18.0,Ρ20Χ,O00
18.0,Ρ20Χ,O01
18.0,Ρ20Χ,O02
18.0,Ρ20Χ,O03
18.0,Ρ20Χ,O04
18.0,Ρ20Χ,O05
18.0,Ρ20Χ,O06
18.0,Ρ20Χ,O07
18.0,Ρ20Χ,O75.3
18.0,Ρ20Χ,O85
18.0,Ρ20Χ,P36
18.0,Ρ20Χ,P36.0
18.0,Ρ20Χ,P36.1
18.0,Ρ20Χ,P36.2
18.0,Ρ20Χ,P36.3
18.0,Ρ20Χ,P36.4
18.0,Ρ20Χ,P36.5
18.0,Ρ20Χ,P36.8
18.0,Ρ20Χ,P36.9
18.0,Ρ20Χ,T80.2
18.0,Ρ20Χ,T81.4
18.0,Ρ22Μ,R50
18.0,Ρ22Χ,R50
18.0,Ρ23Α,Α90
18.0,Ρ23Α,Α92
18.0,Ρ23Α,Α93
18.0,Ρ23Α,Α94
18.0,Ρ23Α,Α99
18.0,Ρ23Α,Β05
18.0,Ρ23Α,Β06
18.0,Ρ23Α,Β27
18.0,Ρ23Α,Β33
18.0,Ρ23Α,Β34
18.0,Ρ24Μα,B50
18.0,Ρ24Μα,B55
18.0,Ρ24Μα,Β56
18.0,Ρ24Μα,Β59
18.0,Ρ24Μα,Β65
18.0,Ρ24Μα,Β37
18.0,Ρ24Μα,Β38
18.0,Ρ24Μα,Β39
18.0,Ρ24Μα,Β40
18.0,Ρ24Μα,Β41
18.0,Ρ24Μα,Β42
18.0,Ρ24Μα,Β43
18.0,Ρ24Μα,Β44
18.0,Ρ24Μα,Β45
18.0,Ρ24Μα,Β46
18.0,Ρ24Μα,Β47
18.0,Ρ24Μα,Β48
18.0,Ρ24Μα,Β49
18.0,Ρ24Μα,Α90
18.0,Ρ24Μα,Α91
18.0,Ρ24Μα,Α92
18.0,Ρ24Μα,Α93
18.0,Ρ24Μα,Α94
18.0,Ρ24Μα,Α95
18.0,Ρ24Μα,Α96
18.0,Ρ24Μα,Α98
18.0,Ρ24Μα,Α99
18.0,Ρ24Μα,Β03
18.0,Ρ24Μα,Α75
18.0,Ρ24Μα,Α77
18.0,Ρ24Μα,Α78
18.0,Ρ24Μα,Α79
18.0,Ρ24Μα,Α00
18.0,Ρ24Μα,Α01
18.0,Ρ24Μα,Α02
18.0,Ρ24Μα,Α03
18.0,Ρ24Μα,Α04
18.0,Ρ24Μα,Α05
18.0,Ρ24Μα,Α06
18.0,Ρ24Μα,Α07
18.0,Ρ24Μα,Α08
18.0,Ρ24Μα,Α09
18.0,Ρ24Μα,Α15
18.0,Ρ24Μα,Α16
18.0,Ρ24Μα,Α17
18.0,Ρ24Μα,Α18
18.0,Ρ24Μα,Α19
18.0,Ρ24Μα,Α20
18.0,Ρ24Μα,Α21
18.0,Ρ24Μα,Α22
18.0,Ρ24Μα,Α23
18.0,Ρ24Μα,Α24
18.0,Ρ24Μα,Α25
18.0,Ρ24Μα,Α26
18.0,Ρ24Μα,Α27
18.0,Ρ24Μα,Α28
18.0,Ρ24Μα,Α30
18.0,Ρ24Μα,Α31
18.0,Ρ24Μα,Α32
18.0,Ρ24Μα,Α33
18.0,Ρ24Μα,Α34
18.0,Ρ24Μα,Α35
18.0,Ρ24Μα,Α36
18.0,Ρ24Μα,Α37
18.0,Ρ24Μα,Α38
18.0,Ρ24Μα,Α39
18.0,Ρ24Μα,Α42
18.0,Ρ24Μα,Α43
18.0,Ρ24Μα,Α44
18.0,Ρ24Μα,Α46
18.0,Ρ24Μα,Α48
18.0,Ρ24Μα,Α49
18.0,Ρ24Μα,Α50
18.0,Ρ24Μα,Α51
18.0,Ρ24Μα,Α52
18.0,Ρ24Μα,Α53
18.0,Ρ24Μα,Α54
18.0,Ρ24Μα,Α68
18.0,Ρ24Μα,Α69
18.0,Ρ24Μα,Α70
18.0,Ρ24Μα,Α71
18.0,Ρ24Μα,Α74
18.0,Ρ24Μα,Α75
18.0,Ρ24Μα,Α77
18.0,Ρ24Μα,Α78
18.0,Ρ24Μα,Α79
18.0,Ρ24Μα,Α80
18.0,Ρ24Μα,Α81
18.0,Ρ24Μα,Α82
18.0,Ρ24Μβ,B50
18.0,Ρ24Μβ,B55
18.0,Ρ24Μβ,Β56
18.0,Ρ24Μβ,Β59
18.0,Ρ24Μβ,Β65
18.0,Ρ24Μβ,Β37
18.0,Ρ24Μβ,Β38
18.0,Ρ24Μβ,Β39
18.0,Ρ24Μβ,Β40
18.0,Ρ24Μβ,Β41
18.0,Ρ24Μβ,Β42
18.0,Ρ24Μβ,Β43
18.0,Ρ24Μβ,Β44
18.0,Ρ24Μβ,Β45
18.0,Ρ24Μβ,Β46
18.0,Ρ24Μβ,Β47
18.0,Ρ24Μβ,Β48
18.0,Ρ24Μβ,Β49
18.0,Ρ24Μβ,Α90
18.0,Ρ24Μβ,Α91
18.0,Ρ24Μβ,Α92
18.0,Ρ24Μβ,Α93
18.0,Ρ24Μβ,Α94
18.0,Ρ24Μβ,Α95
18.0,Ρ24Μβ,Α96
18.0,Ρ24Μβ,Α98
18.0,Ρ24Μβ,Α99
18.0,Ρ24Μβ,Β03
18.0,Ρ24Μβ,Α75
18.0,Ρ24Μβ,Α77
18.0,Ρ24Μβ,Α78
18.0,Ρ24Μβ,Α79
18.0,Ρ24Μβ,Α00
18.0,Ρ24Μβ,Α01
18.0,Ρ24Μβ,Α02
18.0,Ρ24Μβ,Α03
18.0,Ρ24Μβ,Α04
18.0,Ρ24Μβ,Α05
18.0,Ρ24Μβ,Α06
18.0,Ρ24Μβ,Α07
18.0,Ρ24Μβ,Α08
18.0,Ρ24Μβ,Α09
18.0,Ρ24Μβ,Α15
18.0,Ρ24Μβ,Α16
18.0,Ρ24Μβ,Α17
18.0,Ρ24Μβ,Α18
18.0,Ρ24Μβ,Α19
18.0,Ρ24Μβ,Α20
18.0,Ρ24Μβ,Α21
18.0,Ρ24Μβ,Α22
18.0,Ρ24Μβ,Α23
18.0,Ρ24Μβ,Α24
18.0,Ρ24Μβ,Α25
18.0,Ρ24Μβ,Α26
18.0,Ρ24Μβ,Α27
18.0,Ρ24Μβ,Α28
18.0,Ρ24Μβ,Α30
18.0,Ρ24Μβ,Α31
18.0,Ρ24Μβ,Α32
18.0,Ρ24Μβ,Α33
18.0,Ρ24Μβ,Α34
18.0,Ρ24Μβ,Α35
18.0,Ρ24Μβ,Α36
18.0,Ρ24Μβ,Α37
18.0,Ρ24Μβ,Α38
18.0,Ρ24Μβ,Α39
18.0,Ρ24Μβ,Α42
18.0,Ρ24Μβ,Α43
18.0,Ρ24Μβ,Α44
18.0,Ρ24Μβ,Α46
18.0,Ρ24Μβ,Α48
18.0,Ρ24Μβ,Α49
18.0,Ρ24Μβ,Α50
18.0,Ρ24Μβ,Α51
18.0,Ρ24Μβ,Α52
18.0,Ρ24Μβ,Α53
18.0,Ρ24Μβ,Α54
18.0,Ρ24Μβ,Α68
18.0,Ρ24Μβ,Α69
18.0,Ρ24Μβ,Α70
18.0,Ρ24Μβ,Α71
18.0,Ρ24Μβ,Α74
18.0,Ρ24Μβ,Α75
18.0,Ρ24Μβ,Α77
18.0,Ρ24Μβ,Α78
18.0,Ρ24Μβ,Α79
18.0,Ρ24Μβ,Α80
18.0,Ρ24Μβ,Α81
18.0,Ρ24Μβ,Α82
18.0,Ρ24Χ,B50
18.0,Ρ24Χ,B55
18.0,Ρ24Χ,Β56
18.0,Ρ24Χ,Β59
18.0,Ρ24Χ,Β65
18.0,Ρ24Χ,Β37
18.0,Ρ24Χ,Β38
18.0,Ρ24Χ,Β39
18.0,Ρ24Χ,Β40
18.0,Ρ24Χ,Β41
18.0,Ρ24Χ,Β42
18.0,Ρ24Χ,Β43
18.0,Ρ24Χ,Β44
18.0,Ρ24Χ,Β45
18.0,Ρ24Χ,Β46
18.0,Ρ24Χ,Β47
18.0,Ρ24Χ,Β48
18.0,Ρ24Χ,Β49
18.0,Ρ24Χ,Α90
18.0,Ρ24Χ,Α91
18.0,Ρ24Χ,Α92
18.0,Ρ24Χ,Α93
18.0,Ρ24Χ,Α94
18.0,Ρ24Χ,Α95
18.0,Ρ24Χ,Α96
18.0,Ρ24Χ,Α98
18.0,Ρ24Χ,Α99
18.0,Ρ24Χ,Β03
18.0,Ρ24Χ,Α75
18.0,Ρ24Χ,Α77
18.0,Ρ24Χ,Α78
18.0,Ρ24Χ,Α79
18.0,Ρ24Χ,Α00
18.0,Ρ24Χ,Α01
18.0,Ρ24Χ,Α02
18.0,Ρ24Χ,Α03
18.0,Ρ24Χ,Α04
18.0,Ρ24Χ,Α05
18.0,Ρ24Χ,Α06
18.0,Ρ24Χ,Α07
18.0,Ρ24Χ,Α08
18.0,Ρ24Χ,Α09
18.0,Ρ24Χ,Α15
18.0,Ρ24Χ,Α16
18.0,Ρ24Χ,Α17
18.0,Ρ24Χ,Α18
18.0,Ρ24Χ,Α19
18.0,Ρ24Χ,Α20
18.0,Ρ24Χ,Α21
18.0,Ρ24Χ,Α22
18.0,Ρ24Χ,Α23
18.0,Ρ24Χ,Α24
18.0,Ρ24Χ,Α25
18.0,Ρ24Χ,Α26
18.0,Ρ24Χ,Α27
18.0,Ρ24Χ,Α28
18.0,Ρ24Χ,Α30
18.0,Ρ24Χ,Α31
18.0,Ρ24Χ,Α32
18.0,Ρ24Χ,Α33
18.0,Ρ24Χ,Α34
18.0,Ρ24Χ,Α35
18.0,Ρ24Χ,Α36
18.0,Ρ24Χ,Α37
18.0,Ρ24Χ,Α38
18.0,Ρ24Χ,Α39
18.0,Ρ24Χ,Α42
18.0,Ρ24Χ,Α43
18.0,Ρ24Χ,Α44
18.0,Ρ24Χ,Α46
18.0,Ρ24Χ,Α48
18.0,Ρ24Χ,Α49
18.0,Ρ24Χ,Α50
18.0,Ρ24Χ,Α51
18.0,Ρ24Χ,Α52
18.0,Τ64C,Α53
18.0,Ρ24Χ,Α54
18.0,Ρ24Χ,Α68
18.0,Ρ24Χ,Α69
18.0,Ρ24Χ,Α70
18.0,Ρ24Χ,Α71
18.0,Ρ24Χ,Α74
18.0,Ρ24Χ,Α75
18.0,Ρ24Χ,Α77
18.0,Ρ24Χ,Α78
18.0,Ρ24Χ,Α79
18.0,Ρ24Χ,Α80
18.0,Ρ24Χ,Α81
18.0,Ρ24Χ,Α82
18.0,Ρ20Α,J13
18.0,Ρ20Α,J14
18.0,Ρ20Α,J15
18.0,Ρ20Α,J16
18.0,Ρ20Α,J17
18.0,Ρ20Α,J18
18.0,Ρ20Α,Κ65
18.0,Ρ20Α,Κ81
18.0,Ρ20Α,Κ85
18.0,Ρ20Α,L03
18.0,Ρ20Α,Α83
18.0,Ρ20Α,Α84
18.0,Ρ20Α,Α85
18.0,Ρ20Α,Α86
18.0,Ρ20Α,Α91
18.0,Ρ20Α,Β50
18.0,Ρ20Α,Β59
18.0,Ρ20Α,A05.1
18.0,Ρ20Α,A19
18.0,Ρ20Α,A19.0
18.0,Ρ20Α,A19.1
18.0,Ρ20Α,A19.2
18.0,Ρ20Α,A19.8
18.0,Ρ20Α,A19.9
18.0,Ρ20Α,A22.1
18.0,Ρ20Α,A35
18.0,Ρ20Α,A39.0
18.0,Ρ20Α,A39.1
18.0,Ρ20Α,A48.3
19.0,Χ41Α,F20
19.0,Χ41Α,F20.0
19.0,Χ41Α,F20.1
19.0,Χ41Α,F20.2
19.0,Χ41Α,F20.3
19.0,Χ41Α,F20.4
19.0,Χ41Α,F20.5
19.0,Χ41Α,F20.6
19.0,Χ41Α,F20.8
19.0,Χ41Α,F20.9
19.0,Χ41Α,F21
19.0,Χ41Α,F22
19.0,Χ41Α,F22.8
19.0,Χ41Α,F22.9
19.0,Χ41Α,F23
19.0,Χ41Α,F23.0
19.0,Χ41Α,F23.1
19.0,Χ41Α,F23.2
19.0,Χ41Α,F23.3
19.0,Χ41Α,F23.8
19.0,Χ41Α,F23.9
19.0,Χ41Α,F24
19.0,Χ41Α,F28
19.0,Χ41Α,F29
19.0,Χ42Μ,F20
19.0,Χ42Μ,F20.0
19.0,Χ42Μ,F20.1
19.0,Χ42Μ,F20.2
19.0,Χ42Μ,F20.3
19.0,Χ42Μ,F20.4
19.0,Χ42Μ,F20.5
19.0,Χ42Μ,F20.6
19.0,Χ42Μ,F20.8
19.0,Χ42Μ,F20.9
19.0,Χ42Μ,F21
19.0,Χ42Μ,F22
19.0,Χ42Μ,F22.8
19.0,Χ42Μ,F22.9
19.0,Χ42Μ,F23
19.0,Χ42Μ,F23.0
19.0,Χ42Μ,F23.1
19.0,Χ42Μ,F23.2
19.0,Χ42Μ,F23.3
19.0,Χ42Μ,F23.8
19.0,Χ42Μ,F23.9
19.0,Χ42Μ,F24
19.0,Χ42Μ,F28
19.0,Χ42Μ,F29
19.0,Χ42Μ,F30
19.0,Χ42Μ,F30.0
19.0,Χ42Μ,F30.1
19.0,Χ42Μ,F30.2
19.0,Χ42Μ,F30.8
19.0,Χ42Μ,F30.9
19.0,Χ42Μ,F31
19.0,Χ42Μ,F31.0
19.0,Χ42Μ,F31.1
19.0,Χ42Μ,F31.2
19.0,Χ42Μ,F31.3
19.0,Χ42Μ,F31.4
19.0,Χ42Μ,F31.5
19.0,Χ42Μ,F31.6
19.0,Χ42Μ,F31.7
19.0,Χ42Μ,F31.8
19.0,Χ42Μ,F31.9
19.0,Χ42Μ,F32
19.0,Χ42Μ,F32.0
19.0,Χ42Μ,F32.1
19.0,Χ42Μ,F32.2
19.0,Χ42Μ,F32.3
19.0,Χ42Μ,F32.8
19.0,Χ42Μ,F32.9
19.0,Χ42Μ,F33
19.0,Χ42Μ,F33.0
19.0,Χ42Μ,F33.1
19.0,Χ42Μ,F33.2
19.0,Χ42Μ,F33.3
19.0,Χ42Μ,F33.4
19.0,Χ42Μ,F33.8
19.0,Χ42Μ,F33.9
19.0,Χ42Μ,F34
19.0,Χ42Μ,F34.0
19.0,Χ42Μ,F34.1
19.0,Χ42Μ,F34.8
19.0,Χ42Μ,F34.9
19.0,Χ42Μ,F39
19.0,Χ42Μ,F25
19.0,Χ42Μ,F25.0
19.0,Χ42Μ,F25.1
19.0,Χ42Μ,F25.2
19.0,Χ42Μ,F25.8
19.0,Χ42Μ,F25.9
19.0,Χ42Μ,F50
19.0,Χ42Μ,F50.0
19.0,Χ42Μ,F50.1
19.0,Χ42Μ,F50.2
19.0,Χ42Μ,F50.3
19.0,Χ42Μ,F50.4
19.0,Χ42Μ,F50.5
19.0,Χ42Μ,F50.8
19.0,Χ42Μ,F50.9
19.0,Χ42Μ,F42
19.0,Χ42Μ,F42.0
19.0,Χ42Μ,F42.1
19.0,Χ42Μ,F42.2
19.0,Χ42Μ,F42.8
19.0,Χ42Μ,F42.9
19.0,Χ42Χ,F22
19.0,Χ42Χ,F22.8
19.0,Χ42Χ,F22.9
19.0,Χ43Α,F30
19.0,Χ43Α,F30.0
19.0,Χ43Α,F30.1
19.0,Χ43Α,F30.2
19.0,Χ43Α,F30.8
19.0,Χ43Α,F30.9
19.0,Χ43Α,F31
19.0,Χ43Α,F31.0
19.0,Χ43Α,F31.1
19.0,Χ43Α,F31.2
19.0,Χ43Α,F31.3
19.0,Χ43Α,F31.4
19.0,Χ43Α,F31.5
19.0,Χ43Α,F31.6
19.0,Χ43Α,F31.7
19.0,Χ43Α,F31.8
19.0,Χ43Α,F31.9
19.0,Χ43Α,F32
19.0,Χ43Α,F32.0
19.0,Χ43Α,F32.1
19.0,Χ43Α,F32.2
19.0,Χ43Α,F32.3
19.0,Χ43Α,F32.8
19.0,Χ43Α,F32.9
19.0,Χ43Α,F33
19.0,Χ43Α,F33.0
19.0,Χ43Α,F33.1
19.0,Χ43Α,F33.2
19.0,Χ43Α,F33.3
19.0,Χ43Α,F33.4
19.0,Χ43Α,F33.8
19.0,Χ43Α,F33.9
19.0,Χ43Α,F34
19.0,Χ43Α,F34.0
19.0,Χ43Α,F34.1
19.0,Χ43Α,F34.8
19.0,Χ43Α,F34.9
19.0,Χ43Α,F39
19.0,Χ43Α,F25
19.0,Χ43Α,F25.0
19.0,Χ43Α,F25.1
19.0,Χ43Α,F25.2
19.0,Χ43Α,F25.8
19.0,Χ43Α,F25.9
19.0,Χ44Α,F43
19.0,Χ44Α,F43.0
19.0,Χ44Α,F43.1
19.0,Χ44Α,F43.2
19.0,Χ44Α,F43.8
19.0,Χ44Α,F43.9
19.0,Χ44Α,F44
19.0,Χ44Α,F44.0
19.0,Χ44Α,F44.1
19.0,Χ44Α,F44.2
19.0,Χ44Α,F44.3
19.0,Χ44Α,F44.4
19.0,Χ44Α,F44.5
19.0,Χ44Α,F44.6
19.0,Χ44Α,F44.7
19.0,Χ44Α,F44.8
19.0,Χ44Α,F44.9
19.0,Χ44Α,F45
19.0,Χ44Α,F45.0
19.0,Χ44Α,F45.1
19.0,Χ44Α,F45.2
19.0,Χ44Α,F45.3
19.0,Χ44Α,F45.4
19.0,Χ44Α,F45.8
19.0,Χ44Α,F45.9
19.0,Χ44Α,F48
19.0,Χ44Α,F48.0
19.0,Χ44Α,F48.1
19.0,Χ44Α,F48.8
19.0,Χ44Α,F48.9
19.0,Χ45Α,F40
19.0,Χ45Α,F41
19.0,Χ45Α,F41.0
19.0,Χ45Α,F41.1
19.0,Χ45Α,F41.2
19.0,Χ45Α,F41.3
19.0,Χ45Α,F41.8
19.0,Χ45Α,F41.9
19.0,Χ46Α,F50
19.0,Χ46Α,F50.0
19.0,Χ46Α,F50.1
19.0,Χ46Α,F50.2
19.0,Χ46Α,F50.3
19.0,Χ46Α,F50.4
19.0,Χ46Α,F50.5
19.0,Χ46Α,F50.8
19.0,Χ46Α,F50.9
19.0,Χ46Α,F42
19.0,Χ46Α,F42.0
19.0,Χ46Α,F42.1
19.0,Χ46Α,F42.2
19.0,Χ46Α,F42.8
19.0,Χ46Α,F42.9
19.0,Χ47Α,F60
19.0,Χ47Α,F60.0
19.0,Χ47Α,F60.1
19.0,Χ47Α,F60.2
19.0,Χ47Α,F60.3
19.0,Χ47Α,F60.4
19.0,Χ47Α,F60.5
19.0,Χ47Α,F60.6
19.0,Χ47Α,F60.7
19.0,Χ47Α,F60.8
19.0,Χ47Α,F60.9
19.0,Χ47Α,F61
19.0,Χ47Α,F62
19.0,Χ47Α,F62.0
19.0,Χ47Α,F62.1
19.0,Χ47Α,F62.8
19.0,Χ47Α,F62.9
19.0,Χ47Α,F63
19.0,Χ47Α,F63.0
19.0,Χ47Α,F63.1
19.0,Χ47Α,F63.2
19.0,Χ47Α,F63.3
19.0,Χ47Α,F63.8
19.0,Χ47Α,F63.9
19.0,Χ47Α,F64
19.0,Χ47Α,F64.0
19.0,Χ47Α,F64.1
19.0,Χ47Α,F64.2
19.0,Χ47Α,F64.8
19.0,Χ47Α,F64.9
19.0,Χ47Α,F65
19.0,Χ47Α,F65.0
19.0,Χ47Α,F65.1
19.0,Χ47Α,F65.2
19.0,Χ47Α,F65.3
19.0,Χ47Α,F65.4
19.0,Χ47Α,F65.5
19.0,Χ47Α,F65.6
19.0,Χ47Α,F65.9
19.0,Χ47Α,F66
19.0,Χ47Α,F66.0
19.0,Χ47Α,F66.1
19.0,Χ47Α,F66.2
19.0,Χ47Α,F66.8
19.0,Χ47Α,F66.9
19.0,Χ47Α,F68
19.0,Χ47Α,F68.0
19.0,Χ47Α,F68.1
19.0,Χ47Α,F68.8
19.0,Χ47Α,F69
19.0,Χ48Α,F70
19.0,Χ48Α,F71
19.0,Χ48Α,F72
19.0,Χ48Α,F73
19.0,Χ48Α,F78
19.0,Χ48Α,F79
19.0,Χ48Α,F80
19.0,Χ48Α,F80.0
19.0,Χ48Α,F80.1
19.0,Χ48Α,F80.2
19.0,Χ48Α,F80.3
19.0,Χ48Α,F80.8
19.0,Χ48Α,F80.9
19.0,Χ48Α,F81
19.0,Χ48Α,F81.0
19.0,Χ48Α,F81.1
19.0,Χ48Α,F81.2
19.0,Χ48Α,F81.3
19.0,Χ48Α,F81.8
19.0,Χ48Α,F81.9
19.0,Χ48Α,F82
19.0,Χ48Α,F83
19.0,Χ48Α,F84
19.0,Χ48Α,F84.0
19.0,Χ48Α,F84.1
19.0,Χ48Α,F84.2
19.0,Χ48Α,F84.3
19.0,Χ48Α,F84.4
19.0,Χ48Α,F84.5
19.0,Χ48Α,F84.8
19.0,Χ48Α,F84.9
19.0,Χ48Α,F88
19.0,Χ48Α,F89
19.0,Χ48Α,F90
19.0,Χ48Α,F90.0
19.0,Χ48Α,F90.1
19.0,Χ48Α,F90.8
19.0,Χ48Α,F90.9
19.0,Χ48Α,F91
19.0,Χ48Α,F91.0
19.0,Χ48Α,F91.1
19.0,Χ48Α,F91.2
19.0,Χ48Α,F91.3
19.0,Χ48Α,F91.8
19.0,Χ48Α,F91.9
19.0,Χ48Α,F92
19.0,Χ48Α,F92.0
19.0,Χ48Α,F92.8
19.0,Χ48Α,F92.9
19.0,Χ48Α,F93
19.0,Χ48Α,F93.0
19.0,Χ48Α,F93.1
19.0,Χ48Α,F93.2
19.0,Χ48Α,F93.3
19.0,Χ48Α,F93.8
19.0,Χ48Α,F93.9
19.0,Χ48Α,F94
19.0,Χ48Α,F94.0
19.0,Χ48Α,F94.1
19.0,Χ48Α,F94.2
19.0,Χ48Α,F94.8
19.0,Χ48Α,F94.9
19.0,Χ48Α,F95
19.0,Χ48Α,F95.0
19.0,Χ48Α,F95.1
19.0,Χ48Α,F95.2
19.0,Χ48Α,F95.8
19.0,Χ48Α,F95.9
19.0,Χ48Α,F98
19.0,Χ48Α,F98.0
19.0,Χ48Α,F98.1
19.0,Χ48Α,F98.2
19.0,Χ48Α,F98.3
19.0,Χ48Α,F98.4
19.0,Χ48Α,F98.5
19.0,Χ48Α,F98.6
19.0,Χ48Α,F98.8
19.0,Χ48Α,F98.9
20.0,Ι20Α,F10
20.0,Ι22Μ,F10.1
20.0,Ι22Μ,F10.2
20.0,Ι22Μ,F10.3
20.0,Ι22Μ,F10.4
20.0,Ι23Α,F11.1
20.0,Ι23Α,F11.2
20.0,Ι23Α,F11.3
20.0,Ι23Α,F11.4
20.0,Ι24Α,F11.1
20.0,Ι24Α,F11.2
20.0,Ι24Α,F11.3
20.0,Ι24Α,F11.4
20.0,Ι24Α,F12.1
20.0,Ι24Α,F12.2
20.0,Ι24Α,F12.3
20.0,Ι24Α,F12.4
20.0,Ι24Α,F14.1
20.0,Ι24Α,F14.2
20.0,Ι24Α,F14.3
20.0,Ι24Α,F14.4
20.0,Ι24Α,F15.1
20.0,Ι24Α,F15.2
20.0,Ι24Α,F15.3
20.0,Ι24Α,F15.4
20.0,Ι24Α,F16.1
20.0,Ι24Α,F16.2
20.0,Ι24Α,F16.3
20.0,Ι24Α,F16.4
20.0,Ι24Α,F17.1
20.0,Ι24Α,F17.2
20.0,Ι24Α,F17.3
20.0,Ι24Α,F17.4
20.0,Ι24Α,F18.1
20.0,Ι24Α,F18.2
20.0,Ι24Α,F18.3
20.0,Ι24Α,F18.4
20.0,Ι24Α,F19.1
20.0,Ι24Α,F19.2
20.0,Ι24Α,F19.3
20.0,Ι24Α,F19.4
21.0,Φ61Α,J30
21.0,Φ61Α,L23
21.0,Φ61Α,L23.0
21.0,Φ61Α,L23.1
21.0,Φ61Α,L23.2
21.0,Φ61Α,L23.3
21.0,Φ61Α,L23.4
21.0,Φ61Α,L23.5
21.0,Φ61Α,L23.6
21.0,Φ61Α,L23.7
21.0,Φ61Α,L23.8
21.0,Φ61Α,L23.9
21.0,Φ61Α,L50.0
21.0,Φ61Α,L56.1
21.0,Φ61Α,D69.0
21.0,Φ61Α,D72.1
21.0,Φ61Α,H01.1
21.0,Φ61Α,T45.0
21.0,Φ61Α,T78.0
21.0,Φ61Α,T78.2
21.0,Φ61Α,T78.4
21.0,Φ61Α,Y43.0
21.0,Φ61Α,Z01.5
21.0,Φ61Α,Z88
21.0,Φ61Α,Z88.0
21.0,Φ61Α,Z88.1
21.0,Φ61Α,Z88.2
21.0,Φ61Α,Z88.3
21.0,Φ61Α,Z88.4
21.0,Φ61Α,Z88.5
21.0,Φ61Α,Z88.6
21.0,Φ61Α,Z88.7
21.0,Φ61Α,Z88.8
21.0,Φ61Α,Z88.9
21.0,Φ61Α,Z91.0
21.0,Φ62Μ,I95.2
21.0,Φ62Μ,K22.1
21.0,Φ62Μ,K25
21.0,Φ62Μ,K26
21.0,Φ62Μ,L10.5
21.0,Φ62Μ,L23.3
21.0,Φ62Μ,L24.4
21.0,Φ62Μ,L25.1
21.0,Φ62Μ,L27.0
21.0,Φ62Μ,L27.1
21.0,Φ62Μ,L43.2
21.0,Φ62Μ,L56.0
21.0,Φ62Μ,L56.1
21.0,Φ62Μ,L56.2
21.0,Φ62Μ,L64.0
21.0,Φ62Μ,L65
21.0,Φ62Μ,L68.0
21.0,Φ62Μ,L68.1
21.0,Φ62Μ,L71.0
21.0,Φ62Μ,M10.2
21.0,Φ62Μ,R78
21.0,Φ62Μ,R78.5
21.0,Φ62Μ,R82.5
21.0,Φ62Μ,T88.6
21.0,Φ62Μ,T88.7
21.0,Φ62Μ,Y63
21.0,Φ62Μ,Y63.6
21.0,Φ62Μ,Z03.6
21.0,Φ62Μ,T36
21.0,Φ62Μ,T37
21.0,Φ62Μ,T38
21.0,Φ62Μ,T39
21.0,Φ62Μ,T40
21.0,Φ62Μ,T41
21.0,Φ62Μ,T42
21.0,Φ62Μ,T43
21.0,Φ62Μ,T44
21.0,Φ62Μ,T45
21.0,Φ62Μ,T46
21.0,Φ62Μ,T47
21.0,Φ62Μ,T48
21.0,Φ62Μ,T49
21.0,Φ62Μ,T50
21.0,Φ62Μ,T52
21.0,Φ62Μ,T53
21.0,Φ62Μ,T54
21.0,Φ62Μ,T55
21.0,Φ62Μ,T56
21.0,Φ62Μ,T57
21.0,Φ62Μ,T58
21.0,Φ62Μ,T59
21.0,Φ62Μ,T60
21.0,Φ62Μ,T61
21.0,Φ62Μ,T62
21.0,Φ62Μ,T63
21.0,Φ62Μ,T64
21.0,Φ62Μ,T65
21.0,Φ62Χ,I95.2
21.0,Φ62Χ,K22.1
21.0,Φ62Χ,K25
21.0,Φ62Χ,K26
21.0,Φ62Χ,L10.5
21.0,Φ62Χ,L23.3
21.0,Φ62Χ,L24.4
21.0,Φ62Χ,L25.1
21.0,Φ62Χ,L27.0
21.0,Φ62Χ,L27.1
21.0,Φ62Χ,L43.2
21.0,Φ62Χ,L56.0
21.0,Φ62Χ,L56.1
21.0,Φ62Χ,L56.2
21.0,Φ62Χ,L64.0
21.0,Φ62Χ,L65
21.0,Φ62Χ,L68.0
21.0,Φ62Χ,L68.1
21.0,Φ62Χ,L71.0
21.0,Φ62Χ,M10.2
21.0,Φ62Χ,R78
21.0,Φ62Χ,R78.5
21.0,Φ62Χ,R82.5
21.0,Φ62Χ,T88.6
21.0,Φ62Χ,T88.7
21.0,Φ62Χ,Y63
21.0,Φ62Χ,Y63.6
21.0,Φ62Χ,Z03.6
21.0,Φ62Χ,T36
21.0,Φ62Χ,T37
21.0,Φ62Χ,T38
21.0,Φ62Χ,T39
21.0,Φ62Χ,T40
21.0,Φ62Χ,T41
21.0,Φ62Χ,T42
21.0,Φ62Χ,T43
21.0,Φ62Χ,T44
21.0,Φ62Χ,T45
21.0,Φ62Χ,T46
21.0,Φ62Χ,T47
21.0,Φ62Χ,T48
21.0,Φ62Χ,T49
21.0,Φ62Χ,T50
21.0,Φ62Χ,T52
21.0,Φ62Χ,T53
21.0,Φ62Χ,T54
21.0,Φ62Χ,T55
21.0,Φ62Χ,T56
21.0,Φ62Χ,T57
21.0,Φ62Χ,T58
21.0,Φ62Χ,T59
21.0,Φ62Χ,T60
21.0,Φ62Χ,T61
21.0,Φ62Χ,T62
21.0,Φ62Χ,T63
21.0,Φ62Χ,T64
21.0,Φ62Χ,T65
21.0,Φ63Μ,T80
21.0,Φ63Μ,T81
21.0,Φ63Μ,T88.8
21.0,Φ63Μ,T88.9
21.0,Φ63Χ,T80
21.0,Φ63Χ,T81
21.0,Φ63Χ,T88.8
21.0,Φ63Χ,T88.9
21.0,Φ64Μ,T65.8
21.0,Φ64Μ,T65.9
21.0,Φ64Χ,T65.8
21.0,Φ64Χ,T65.9
22.0,Ζ01Α,T27
22.0,Ζ01Α,T27.0
22.0,Ζ01Α,T27.1
22.0,Ζ01Α,T27.2
22.0,Ζ01Α,T27.3
22.0,Ζ01Α,T27.4
22.0,Ζ01Α,T27.5
22.0,Ζ01Α,T27.6
22.0,Ζ01Α,T27.7
22.0,Ζ01Α,T23
22.0,Ζ01Α,T23.0
22.0,Ζ01Α,T23.3
22.0,Ζ01Α,T23.4
22.0,Ζ01Α,T23.7
22.0,Ζ01Α,T24.3
22.0,Ζ01Α,T24.7
22.0,Ζ01Α,T25.3
22.0,Ζ01Α,T25.7
22.0,Ζ01Α,T25
22.0,Ζ01Α,T22.3
22.0,Ζ01Α,T22.7
22.0,Ζ01Α,T21.3
22.0,Ζ01Α,T21.7
22.0,Ζ01Α,T20.3
22.0,Ζ01Α,T20.7
22.0,Ζ01Α,T35
22.0,Ζ01Α,T35.0
22.0,Ζ01Α,T35.1
22.0,Ζ01Α,T35.2
22.0,Ζ01Α,T35.3
22.0,Ζ01Α,T35.4
22.0,Ζ01Α,T35.5
22.0,Ζ01Α,T35.6
22.0,Ζ01Α,T35.7
22.0,Ζ01Α,T34
22.0,Ζ01Α,T34.0
22.0,Ζ01Α,T34.1
22.0,Ζ01Α,T34.2
22.0,Ζ01Α,T34.3
22.0,Ζ01Α,T34.4
22.0,Ζ01Α,T34.5
22.0,Ζ01Α,T34.6
22.0,Ζ01Α,T34.7
22.0,Ζ01Α,T34.8
22.0,Ζ01Α,T34.9
22.0,Ζ01Α,T31
22.0,Ζ01Α,T31.0
22.0,Ζ01Α,T31.1
22.0,Ζ01Α,T31.2
22.0,Ζ01Α,T31.3
22.0,Ζ01Α,T31.4
22.0,Ζ01Α,T31.5
22.0,Ζ01Α,T31.6
22.0,Ζ01Α,T31.7
22.0,Ζ01Α,T31.8
22.0,Ζ01Α,T31.9
22.0,Ζ01Α,Z99.1
22.0,Ζ01Α,Z93.0
22.0,Ζ02Μ,T26
22.0,Ζ02Μ,T26.0
22.0,Ζ02Μ,T26.1
22.0,Ζ02Μ,T26.2
22.0,Ζ02Μ,T26.3
22.0,Ζ02Μ,T26.4
22.0,Ζ02Μ,T26.5
22.0,Ζ02Μ,T26.6
22.0,Ζ02Μ,T26.7
22.0,Ζ02Μ,T26.8
22.0,Ζ02Μ,T26.9
22.0,Ζ02Μ,T28
22.0,Ζ02Μ,T28.0
22.0,Ζ02Μ,T28.1
22.0,Ζ02Μ,T28.2
22.0,Ζ02Μ,T28.3
22.0,Ζ02Μ,T28.4
22.0,Ζ02Μ,T28.5
22.0,Ζ02Μ,T28.6
22.0,Ζ02Μ,T28.7
22.0,Ζ02Μ,T28.8
22.0,Ζ02Μ,T28.9
22.0,Ζ02Μ,T23
22.0,Ζ02Μ,T23.0
22.0,Ζ02Μ,T23.3
22.0,Ζ02Μ,T23.4
22.0,Ζ02Μ,T23.7
22.0,Ζ02Μ,T24.3
22.0,Ζ02Μ,T24.7
22.0,Ζ02Μ,T25.3
22.0,Ζ02Μ,T25.7
22.0,Ζ02Μ,T22.3
22.0,Ζ02Μ,T22.7
22.0,Ζ02Μ,T21.3
22.0,Ζ02Μ,T21.7
22.0,Ζ02Μ,T21
22.0,Ζ02Μ,T22
22.0,Ζ02Μ,T20
22.0,Ζ02Μ,T20.3
22.0,Ζ02Μ,T20.7
22.0,Ζ02Μ,T32
22.0,Ζ02Μ,T32.0
22.0,Ζ02Μ,T32.1
22.0,Ζ02Μ,T32.2
22.0,Ζ02Μ,T32.3
22.0,Ζ02Μ,T32.4
22.0,Ζ02Μ,T32.5
22.0,Ζ02Μ,T32.6
22.0,Ζ02Μ,T32.7
22.0,Ζ02Μ,T32.8
22.0,Ζ02Μ,T32.9
22.0,Ζ02Μ,T31
22.0,Ζ02Μ,T31.0
22.0,Ζ02Μ,T31.1
22.0,Ζ02Μ,T31.2
22.0,Ζ02Μ,T31.3
22.0,Ζ02Μ,T31.4
22.0,Ζ02Μ,T31.5
22.0,Ζ02Μ,T31.6
22.0,Ζ02Μ,T31.7
22.0,Ζ02Μ,T31.8
22.0,Ζ02Μ,T31.9
22.0,Ζ02Μ,T30
22.0,Ζ02Μ,T30.3
22.0,Ζ02Μ,T30.7
22.0,Ζ02Χ,T20
22.0,Ζ02Χ,T20.3
22.0,Ζ02Χ,T20.7
22.0,Ζ02Χ,T21
22.0,Ζ02Χ,T21.3
22.0,Ζ02Χ,T21.7
22.0,Ζ02Χ,T22
22.0,Ζ02Χ,T22.3
22.0,Ζ02Χ,T22.7
22.0,Ζ02Χ,T23
22.0,Ζ02Χ,T23.0
22.0,Ζ02Χ,T23.3
22.0,Ζ02Χ,T23.4
22.0,Ζ02Χ,T23.7
22.0,Ζ02Χ,T24.3
22.0,Ζ02Χ,T24.7
22.0,Ζ02Χ,T25.3
22.0,Ζ02Χ,T25.7
22.0,Ζ02Χ,T26
22.0,Ζ02Χ,T26.0
22.0,Ζ02Χ,T26.1
22.0,Ζ02Χ,T26.2
22.0,Ζ02Χ,T26.3
22.0,Ζ02Χ,T26.4
22.0,Ζ02Χ,T26.5
22.0,Ζ02Χ,T26.6
22.0,Ζ02Χ,T26.7
22.0,Ζ02Χ,T26.8
22.0,Ζ02Χ,T26.9
22.0,Ζ02Χ,T28
22.0,Ζ02Χ,T28.0
22.0,Ζ02Χ,T28.1
22.0,Ζ02Χ,T28.2
22.0,Ζ02Χ,T28.3
22.0,Ζ02Χ,T28.4
22.0,Ζ02Χ,T28.5
22.0,Ζ02Χ,T28.6
22.0,Ζ02Χ,T28.7
22.0,Ζ02Χ,T28.8
22.0,Ζ02Χ,T28.9
22.0,Ζ02Χ,T30
22.0,Ζ02Χ,T30.3
22.0,Ζ02Χ,T30.7
22.0,Ζ02Χ,T31
22.0,Ζ02Χ,T31.0
22.0,Ζ02Χ,T31.1
22.0,Ζ02Χ,T31.2
22.0,Ζ02Χ,T31.3
22.0,Ζ02Χ,T31.4
22.0,Ζ02Χ,T31.5
22.0,Ζ02Χ,T31.6
22.0,Ζ02Χ,T31.7
22.0,Ζ02Χ,T31.8
22.0,Ζ02Χ,T31.9
22.0,Ζ02Χ,T32
22.0,Ζ02Χ,T32.0
22.0,Ζ02Χ,T32.1
22.0,Ζ02Χ,T32.2
22.0,Ζ02Χ,T32.3
22.0,Ζ02Χ,T32.4
22.0,Ζ02Χ,T32.5
22.0,Ζ02Χ,T32.6
22.0,Ζ02Χ,T32.7
22.0,Ζ02Χ,T32.8
22.0,Ζ02Χ,T32.9
22.0,Ζ03Α,T23
22.0,Ζ03Α,T23.0
22.0,Ζ03Α,T23.3
22.0,Ζ03Α,T23.4
22.0,Ζ03Α,T23.7
22.0,Ζ02Χ,T20.0
22.0,Ζ02Χ,T20.1
22.0,Ζ02Χ,T20.2
22.0,Ζ02Χ,T20.4
22.0,Ζ02Χ,T20.5
22.0,Ζ02Χ,T20.6
22.0,Ζ02Χ,T21.0
22.0,Ζ02Χ,T21.1
22.0,Ζ02Χ,T21.2
22.0,Ζ02Χ,T21.4
22.0,Ζ02Χ,T21.5
22.0,Ζ02Χ,T21.6
22.0,Ζ02Χ,T22.0
22.0,Ζ02Χ,T22.1
22.0,Ζ02Χ,T22.2
22.0,Ζ02Χ,T22.4
22.0,Ζ02Χ,T22.5
22.0,Ζ02Χ,T22.6
22.0,Ζ02Χ,T23.1
22.0,Ζ02Χ,T23.2
22.0,Ζ02Χ,T23.5
22.0,Ζ02Χ,T23.6
22.0,Ζ02Χ,T24
22.0,Ζ02Χ,T24.0
22.0,Ζ02Χ,T24.1
22.0,Ζ02Χ,T24.2
22.0,Ζ02Χ,T24.4
22.0,Ζ02Χ,T24.5
22.0,Ζ02Χ,T24.6
22.0,Ζ02Χ,T25
22.0,Ζ02Χ,T25.0
22.0,Ζ02Χ,T25.1
22.0,Ζ02Χ,T25.2
22.0,Ζ02Χ,T25.4
22.0,Ζ02Χ,T25.5
22.0,Ζ02Χ,T25.6
22.0,Ζ02Χ,T30.0
22.0,Ζ02Χ,T30.1
22.0,Ζ02Χ,T30.2
22.0,Ζ02Χ,T30.4
22.0,Ζ02Χ,T30.5
22.0,Ζ02Χ,T30.6
22.0,Ζ02Χ,L55.2
22.0,Ζ02Χ,L55
22.0,Ζ02Χ,L55.9
22.0,Ζ03Α,T24
22.0,Ζ03Α,T24.0
22.0,Ζ03Α,T24.1
22.0,Ζ03Α,T24.2
22.0,Ζ03Α,T24.3
22.0,Ζ03Α,T24.4
22.0,Ζ03Α,T24.5
22.0,Ζ03Α,T24.6
22.0,Ζ03Α,T24.7
22.0,Ζ03Α,T25
22.0,Ζ03Α,T25.0
22.0,Ζ03Α,T25.3
22.0,Ζ03Α,T25.7
22.0,Ζ03Α,T25.1
22.0,Ζ03Α,T25.2
22.0,Ζ03Α,T25.4
22.0,Ζ03Α,T25.5
22.0,Ζ03Α,T25.6
22.0,Ζ03Α,T22
22.0,Ζ03Α,T22.0
22.0,Ζ03Α,T22.1
22.0,Ζ03Α,T22.2
22.0,Ζ03Α,T22.3
22.0,Ζ03Α,T22.4
22.0,Ζ03Α,T22.5
22.0,Ζ03Α,T22.6
22.0,Ζ03Α,T22.7
22.0,Ζ20Α,T20
22.0,Ζ20Α,T20.0
22.0,Ζ20Α,T20.1
22.0,Ζ20Α,T20.2
22.0,Ζ20Α,T20.3
22.0,Ζ20Α,T20.4
22.0,Ζ20Α,T20.5
22.0,Ζ20Α,T20.6
22.0,Ζ20Α,T20.7
22.0,Ζ20Α,T26
22.0,Ζ20Α,T26.0
22.0,Ζ20Α,T26.1
22.0,Ζ20Α,T26.2
22.0,Ζ20Α,T26.3
22.0,Ζ20Α,T26.4
22.0,Ζ20Α,T26.5
22.0,Ζ20Α,T26.6
22.0,Ζ20Α,T26.7
22.0,Ζ20Α,T26.8
22.0,Ζ20Α,T26.9
22.0,Ζ20Α,T28
22.0,Ζ20Α,T28.0
22.0,Ζ20Α,T28.2
22.0,Ζ20Α,T28.3
22.0,Ζ20Α,T28.4
22.0,Ζ20Α,T28.5
22.0,Ζ20Α,T28.6
22.0,Ζ20Α,T28.7
22.0,Ζ20Α,T28.8
22.0,Ζ20Α,T28.9
22.0,Ζ21Α,T20
22.0,Ζ21Α,T20.0
22.0,Ζ21Α,T20.1
22.0,Ζ21Α,T20.2
22.0,Ζ21Α,T20.3
22.0,Ζ21Α,T20.4
22.0,Ζ21Α,T20.5
22.0,Ζ21Α,T20.6
22.0,Ζ21Α,T20.7
22.0,Ζ21Α,T26
22.0,Ζ21Α,T26.0
22.0,Ζ21Α,T26.1
22.0,Ζ21Α,T26.2
22.0,Ζ21Α,T26.3
22.0,Ζ21Α,T26.4
22.0,Ζ21Α,T26.5
22.0,Ζ21Α,T26.6
22.0,Ζ21Α,T26.7
22.0,Ζ21Α,T26.8
22.0,Ζ21Α,T26.9
22.0,Ζ21Α,T28
22.0,Ζ21Α,T28.0
22.0,Ζ21Α,T28.2
22.0,Ζ21Α,T28.3
22.0,Ζ21Α,T28.4
22.0,Ζ21Α,T28.5
22.0,Ζ21Α,T28.6
22.0,Ζ21Α,T28.7
22.0,Ζ21Α,T28.8
22.0,Ζ21Α,T28.9
22.0,Ζ21Α,T21
22.0,Ζ21Α,T21.0
22.0,Ζ21Α,T21.1
22.0,Ζ21Α,T21.2
22.0,Ζ21Α,T21.3
22.0,Ζ21Α,T21.4
22.0,Ζ21Α,T21.5
22.0,Ζ21Α,T21.6
22.0,Ζ21Α,T21.7
22.0,Ζ21Α,T31
22.0,Ζ21Α,T31.0
22.0,Ζ21Α,T31.1
22.0,Ζ21Α,T31.2
22.0,Ζ21Α,T31.3
22.0,Ζ21Α,T31.4
22.0,Ζ21Α,T31.5
22.0,Ζ21Α,T31.6
22.0,Ζ21Α,T31.7
22.0,Ζ21Α,T31.8
22.0,Ζ21Α,T31.9
22.0,Ζ21Α,T32
22.0,Ζ21Α,T32.0
22.0,Ζ21Α,T32.1
22.0,Ζ21Α,T32.2
22.0,Ζ21Α,T32.3
22.0,Ζ21Α,T32.4
22.0,Ζ21Α,T32.5
22.0,Ζ21Α,T32.6
22.0,Ζ21Α,T32.7
22.0,Ζ21Α,T32.8
22.0,Ζ21Α,T32.9
22.0,Ζ21Α,L55
22.0,Ζ21Α,L55.2
22.0,Ζ21Α,L55.9
22.0,Ζ22Μ,L55
22.0,Ζ22Μ,L55.2
22.0,Ζ22Μ,L55.9
22.0,Ζ22Μ,T26
22.0,Ζ22Μ,T26.0
22.0,Ζ22Μ,T26.1
22.0,Ζ22Μ,T26.2
22.0,Ζ22Μ,T26.3
22.0,Ζ22Μ,T26.4
22.0,Ζ22Μ,T26.5
22.0,Ζ22Μ,T26.6
22.0,Ζ22Μ,T26.7
22.0,Ζ22Μ,T26.8
22.0,Ζ22Μ,T26.9
22.0,Ζ22Μ,T28
22.0,Ζ22Μ,T28.0
22.0,Ζ22Μ,T28.2
22.0,Ζ22Μ,T28.3
22.0,Ζ22Μ,T28.4
22.0,Ζ22Μ,T28.5
22.0,Ζ22Μ,T28.6
22.0,Ζ22Μ,T28.7
22.0,Ζ22Μ,T28.8
22.0,Ζ22Μ,T28.9
22.0,Ζ22Μ,T32
22.0,Ζ22Μ,T32.0
22.0,Ζ22Μ,T32.1
22.0,Ζ22Μ,T32.2
22.0,Ζ22Μ,T32.3
22.0,Ζ22Μ,T32.4
22.0,Ζ22Μ,T32.5
22.0,Ζ22Μ,T32.6
22.0,Ζ22Μ,T32.7
22.0,Ζ22Μ,T32.8
22.0,Ζ22Μ,T32.9
22.0,Ζ22Μ,T29
22.0,Ζ22Μ,T29.3
22.0,Ζ22Μ,T29.7
22.0,Ζ22Μ,T29.0
22.0,Ζ22Μ,T29.1
22.0,Ζ22Μ,T29.2
22.0,Ζ22Μ,T29.4
22.0,Ζ22Μ,T29.5
22.0,Ζ22Μ,T29.6
22.0,Ζ22Μ,T30
22.0,Ζ22Μ,T30.0
22.0,Ζ22Μ,T30.1
22.0,Ζ22Μ,T30.2
22.0,Ζ22Μ,T30.3
22.0,Ζ22Μ,T30.4
22.0,Ζ22Μ,T30.5
22.0,Ζ22Μ,T30.6
22.0,Ζ22Μ,T30.7
22.0,Ζ22Μ,T34
22.0,Ζ22Μ,T34.0
22.0,Ζ22Μ,T34.1
22.0,Ζ22Μ,T34.2
22.0,Ζ22Μ,T34.3
22.0,Ζ22Μ,T34.4
22.0,Ζ22Μ,T34.5
22.0,Ζ22Μ,T34.6
22.0,Ζ22Μ,T34.7
22.0,Ζ22Μ,T34.8
22.0,Ζ22Μ,T34.9
22.0,Ζ22Μ,T35
22.0,Ζ22Μ,T35.0
22.0,Ζ22Μ,T35.1
22.0,Ζ22Μ,T35.2
22.0,Ζ22Μ,T35.3
22.0,Ζ22Μ,T35.4
22.0,Ζ22Μ,T35.5
22.0,Ζ22Μ,T35.6
22.0,Ζ22Μ,T35.7
22.0,Ζ22Χ,T26
22.0,Ζ22Χ,T26.0
22.0,Ζ22Χ,T26.1
22.0,Ζ22Χ,T26.2
22.0,Ζ22Χ,T26.3
22.0,Ζ22Χ,T26.4
22.0,Ζ22Χ,T26.5
22.0,Ζ22Χ,T26.6
22.0,Ζ22Χ,T26.7
22.0,Ζ22Χ,T26.8
22.0,Ζ22Χ,T26.9
22.0,Ζ22Χ,T29
22.0,Ζ22Χ,T29.0
22.0,Ζ22Χ,T29.1
22.0,Ζ22Χ,T29.2
22.0,Ζ22Χ,T29.3
22.0,Ζ22Χ,T29.4
22.0,Ζ22Χ,T29.5
22.0,Ζ22Χ,T29.6
22.0,Ζ22Χ,T29.7
22.0,Ζ22Χ,T30
22.0,Ζ22Χ,T30.0
22.0,Ζ22Χ,T30.1
22.0,Ζ22Χ,T30.2
22.0,Ζ22Χ,T30.5
22.0,Ζ22Χ,T30.6
22.0,Ζ22Χ,T33
22.0,Ζ22Χ,T33.0
22.0,Ζ22Χ,T33.1
22.0,Ζ22Χ,T33.2
22.0,Ζ22Χ,T33.3
22.0,Ζ22Χ,T33.4
22.0,Ζ22Χ,T33.5
22.0,Ζ22Χ,T33.6
22.0,Ζ22Χ,T33.7
22.0,Ζ22Χ,T33.8
22.0,Ζ22Χ,T33.9
22.0,Ζ22Χ,L55
22.0,Ζ22Χ,L55.0
22.0,Ζ22Χ,L55.1
22.0,Ζ22Χ,L55.2
22.0,Ζ22Χ,L55.8
22.0,Ζ22Χ,L55.9
